name	true_label	p_genuine	score_logprob	verdict	correct
D_0001990843	genuine	0.950968	-0.0503	genuine	yes
D_0001990885	fake	0.004278	-5.4543	fake	yes
D_0001991179	fake	0.024904	-3.6927	fake	yes
D_0001991389	genuine	1.000000	-0.0000	genuine	yes
D_0001991410	genuine	0.072405	-2.6255	fake	no
D_0001991494	fake	0.000504	-7.5928	fake	yes
D_0001991599	genuine	0.700764	-0.3556	genuine	yes
D_0001991683	fake	0.147949	-1.9109	fake	yes
D_0001991704	fake	0.077217	-2.5611	fake	yes
D_0001991746	fake	0.762659	-0.2709	genuine	no
D_0001991830	fake	0.630952	-0.4605	genuine	no
D_0001991914	fake	0.985883	-0.0142	genuine	no
D_0001991977	genuine	0.864730	-0.1453	genuine	yes
D_0001992061	fake	0.052464	-2.9476	fake	yes
D_0001992166	fake	0.294744	-1.2216	fake	yes
D_0001992187	fake	0.822246	-0.1957	genuine	no
D_0001992271	fake	0.011785	-4.4409	fake	yes
D_0001992460	fake	0.958892	-0.0420	genuine	no
D_0001992481	fake	0.056553	-2.8726	fake	yes
D_0001992565	genuine	0.498574	-0.6960	fake	no
D_0001992691	fake	0.094965	-2.3543	fake	yes
D_0001992775	fake	0.018544	-3.9876	fake	yes
D_0001992985	fake	0.006415	-5.0491	fake	yes
D_0001993090	fake	0.180293	-1.7132	fake	yes
D_0001993216	fake	0.663477	-0.4103	genuine	no
D_0001993405	genuine	0.574443	-0.5544	genuine	yes
D_0001993489	fake	0.109140	-2.2151	fake	yes
D_0001993531	fake	0.296020	-1.2173	fake	yes
D_0001993741	fake	0.002787	-5.8829	fake	yes
D_0001993825	fake	0.996276	-0.0037	genuine	no
D_0001993909	fake	0.099385	-2.3088	fake	yes
D_0001994140	fake	0.613227	-0.4890	genuine	no
D_0001994224	fake	0.624657	-0.4706	genuine	no
D_0001994266	genuine	0.999795	-0.0002	genuine	yes
D_0001994308	genuine	0.999993	-0.0000	genuine	yes
D_0001994392	fake	0.026732	-3.6219	fake	yes
D_0001994413	fake	0.733685	-0.3097	genuine	no
D_0001994455	fake	0.685816	-0.3771	genuine	no
D_0001994497	genuine	0.986811	-0.0133	genuine	yes
D_0001994518	fake	0.401149	-0.9134	fake	yes
D_0001994539	fake	0.159866	-1.8334	fake	yes
D_0001994560	fake	0.141840	-1.9531	fake	yes
D_0001994623	fake	0.611480	-0.4919	genuine	no
D_0001994917	genuine	0.730705	-0.3137	genuine	yes
D_0001995001	fake	0.442150	-0.8161	fake	yes
D_0001995022	fake	0.891113	-0.1153	genuine	no
D_0001995106	fake	0.862110	-0.1484	genuine	no
D_0001995190	fake	0.999226	-0.0008	genuine	no
D_0001995211	fake	0.329822	-1.1092	fake	yes
D_0001995232	fake	0.992177	-0.0079	genuine	no
D_0001995316	fake	0.065351	-2.7280	fake	yes
D_0001995337	fake	0.043773	-3.1287	fake	yes
D_0001995358	fake	0.547130	-0.6031	genuine	no
D_0001995379	genuine	0.999988	-0.0000	genuine	yes
D_0001995421	genuine	0.999992	-0.0000	genuine	yes
D_0001995442	fake	0.398043	-0.9212	fake	yes
D_0001995547	fake	0.016201	-4.1227	fake	yes
D_0001995694	fake	0.000470	-7.6627	fake	yes
D_0001995778	fake	0.556468	-0.5861	genuine	no
D_0001995841	genuine	0.996551	-0.0035	genuine	yes
D_0001995883	fake	0.040935	-3.1958	fake	yes
D_0001995925	genuine	0.052867	-2.9400	fake	no
D_0001996051	fake	0.971793	-0.0286	genuine	no
D_0001996072	genuine	0.999892	-0.0001	genuine	yes
D_0001996198	fake	0.993039	-0.0070	genuine	no
D_0001996219	fake	0.075058	-2.5895	fake	yes
D_0001996429	genuine	0.043229	-3.1412	fake	no
D_0001996576	fake	0.001753	-6.3467	fake	yes
D_0001996786	fake	0.003891	-5.5490	fake	yes
D_0001996996	fake	0.994217	-0.0058	genuine	no
D_0001997269	genuine	0.114501	-2.1672	fake	no
D_0001997290	fake	0.730239	-0.3144	genuine	no
D_0001997311	fake	0.014293	-4.2480	fake	yes
D_0001997479	fake	0.060134	-2.8112	fake	yes
D_0001997584	fake	0.492813	-0.7076	fake	yes
D_0001997605	fake	0.017327	-4.0555	fake	yes
D_0001997668	fake	0.631423	-0.4598	genuine	no
D_0001997773	fake	0.018510	-3.9894	fake	yes
D_0001997878	fake	0.000059	-9.7368	fake	yes
D_0001997962	fake	0.822643	-0.1952	genuine	no
D_0001998256	fake	0.003612	-5.6234	fake	yes
D_0001998277	genuine	0.994639	-0.0054	genuine	yes
D_0001998340	fake	0.984366	-0.0158	genuine	no
D_0001998403	genuine	0.932446	-0.0699	genuine	yes
D_0001998571	genuine	0.978715	-0.0215	genuine	yes
D_0001998634	genuine	0.999996	-0.0000	genuine	yes
D_0001998823	fake	0.374193	-0.9830	fake	yes
D_0001998907	fake	0.868398	-0.1411	genuine	no
D_0001999306	fake	0.507120	-0.6790	genuine	no
D_0001999348	fake	0.014168	-4.2568	fake	yes
D_0001999432	fake	0.076010	-2.5769	fake	yes
D_0001999453	genuine	0.994309	-0.0057	genuine	yes
D_0001999537	fake	0.434933	-0.8326	fake	yes
D_0001999558	genuine	0.999995	-0.0000	genuine	yes
D_0001999768	fake	0.942216	-0.0595	genuine	no
D_0002000209	fake	0.264941	-1.3282	fake	yes
D_0002000230	fake	0.391946	-0.9366	fake	yes
D_0002000671	fake	0.503814	-0.6855	genuine	no
D_0002000755	fake	0.566915	-0.5675	genuine	no
D_0002000965	fake	0.069983	-2.6595	fake	yes
D_0002001070	fake	0.008145	-4.8103	fake	yes
D_0002001322	fake	0.049969	-2.9964	fake	yes
D_0002001427	fake	0.958443	-0.0424	genuine	no
D_0002001448	fake	0.046898	-3.0598	fake	yes
D_0002001469	fake	0.735236	-0.3076	genuine	no
D_0002001490	genuine	0.999845	-0.0002	genuine	yes
D_0002001784	fake	0.949071	-0.0523	genuine	no
D_0002001931	genuine	0.000460	-7.6833	fake	no
D_0002001994	fake	0.316510	-1.1504	fake	yes
D_0002002057	genuine	0.700154	-0.3565	genuine	yes
D_0002002120	fake	0.628086	-0.4651	genuine	no
D_0002002183	fake	0.021495	-3.8399	fake	yes
D_0002002246	fake	0.018815	-3.9731	fake	yes
D_0002002351	fake	0.008661	-4.7490	fake	yes
D_0002002393	fake	0.059240	-2.8262	fake	yes
D_0002002729	fake	0.006197	-5.0838	fake	yes
D_0002002897	genuine	1.000000	-0.0000	genuine	yes
D_0002002981	fake	0.099590	-2.3067	fake	yes
D_0002003002	fake	0.975141	-0.0252	genuine	no
D_0002003044	fake	0.620320	-0.4775	genuine	no
D_0002003086	fake	0.328637	-1.1128	fake	yes
D_0002003149	genuine	0.001795	-6.3229	fake	no
D_0002003296	fake	0.000034	-10.2778	fake	yes
D_0002003338	fake	0.525129	-0.6441	genuine	no
D_0002003758	genuine	0.154602	-1.8669	fake	no
D_0002003779	fake	0.034306	-3.3724	fake	yes
D_0002003800	fake	0.561186	-0.5777	genuine	no
D_0002003989	fake	0.050450	-2.9868	fake	yes
D_0002004052	fake	0.855703	-0.1558	genuine	no
D_0002004157	genuine	0.999961	-0.0000	genuine	yes
D_0002004178	fake	0.966739	-0.0338	genuine	no
D_0002004199	fake	0.081890	-2.5024	fake	yes
D_0002004409	fake	0.017064	-4.0708	fake	yes
D_0002004472	fake	0.455384	-0.7866	fake	yes
D_0002004514	fake	0.821130	-0.1971	genuine	no
D_0002004535	fake	0.361036	-1.0188	fake	yes
D_0002004934	genuine	0.065986	-2.7183	fake	no
D_0002004976	fake	0.002393	-6.0353	fake	yes
D_0002005018	genuine	0.941463	-0.0603	genuine	yes
D_0002005102	fake	0.020449	-3.8898	fake	yes
D_0002005312	fake	0.018033	-4.0156	fake	yes
D_0002005333	genuine	0.999940	-0.0001	genuine	yes
D_0002005354	fake	0.087803	-2.4327	fake	yes
D_0002005480	fake	0.200465	-1.6071	fake	yes
D_0002005543	fake	0.982676	-0.0175	genuine	no
D_0002005564	genuine	0.991788	-0.0082	genuine	yes
D_0002005669	fake	0.264470	-1.3300	fake	yes
D_0002005732	fake	0.000005	-12.1799	fake	yes
D_0002005795	fake	0.013149	-4.3314	fake	yes
D_0002005816	fake	0.831831	-0.1841	genuine	no
D_0002005858	genuine	0.999997	-0.0000	genuine	yes
D_0002005879	genuine	0.000438	-7.7330	fake	no
D_0002005984	fake	0.989079	-0.0110	genuine	no
D_0002006068	fake	0.944706	-0.0569	genuine	no
D_0002006089	fake	0.142447	-1.9488	fake	yes
D_0002006131	fake	0.678784	-0.3875	genuine	no
D_0002006194	genuine	0.318481	-1.1442	fake	no
D_0002006236	fake	0.012583	-4.3754	fake	yes
D_0002006257	fake	0.000803	-7.1268	fake	yes
D_0002006404	fake	0.076299	-2.5731	fake	yes
D_0002006446	fake	0.072280	-2.6272	fake	yes
D_0002006656	fake	0.482882	-0.7280	fake	yes
D_0002006866	genuine	1.000000	-0.0000	genuine	yes
D_0002006887	fake	0.160861	-1.8272	fake	yes
D_0002007034	fake	0.013190	-4.3283	fake	yes
D_0002007076	fake	0.000045	-9.9996	fake	yes
D_0002007223	fake	0.075473	-2.5840	fake	yes
D_0002007454	fake	0.358461	-1.0259	fake	yes
D_0002007559	fake	0.006333	-5.0619	fake	yes
D_0002007748	genuine	0.996567	-0.0034	genuine	yes
D_0002007769	fake	0.095040	-2.3535	fake	yes
D_0002007853	fake	0.008135	-4.8115	fake	yes
D_0002007937	fake	0.004978	-5.3027	fake	yes
D_0002008189	genuine	0.999923	-0.0001	genuine	yes
D_0002008273	fake	0.191623	-1.6522	fake	yes
D_0002008441	fake	0.762367	-0.2713	genuine	no
D_0002008483	fake	0.000097	-9.2366	fake	yes
D_0002008693	genuine	0.850974	-0.1614	genuine	yes
D_0002008735	fake	0.000500	-7.6017	fake	yes
D_0002008756	fake	0.479642	-0.7347	fake	yes
D_0002008777	genuine	1.000000	-0.0000	genuine	yes
D_0002008882	fake	0.336911	-1.0879	fake	yes
D_0002009302	fake	0.097700	-2.3259	fake	yes
D_0002009533	genuine	0.999997	-0.0000	genuine	yes
D_0002009596	fake	0.075824	-2.5793	fake	yes
D_0002009617	fake	0.254183	-1.3697	fake	yes
D_0002009638	fake	0.210381	-1.5588	fake	yes
D_0002009701	fake	0.992863	-0.0072	genuine	no
D_0002009953	fake	0.000268	-8.2232	fake	yes
D_0002010289	genuine	0.999987	-0.0000	genuine	yes
D_0002010310	genuine	0.999567	-0.0004	genuine	yes
D_0002010331	genuine	0.001260	-6.6766	fake	no
D_0002010562	fake	0.089111	-2.4179	fake	yes
D_0002010646	fake	0.042473	-3.1589	fake	yes
D_0002010667	fake	0.041541	-3.1811	fake	yes
D_0002010688	fake	0.011270	-4.4856	fake	yes
D_0002010919	fake	0.999223	-0.0008	genuine	no
D_0002011024	fake	0.004515	-5.4003	fake	yes
D_0002011045	fake	0.003855	-5.5585	fake	yes
D_0002011108	fake	0.084536	-2.4706	fake	yes
D_0002011297	genuine	0.999964	-0.0000	genuine	yes
D_0002011339	genuine	0.999978	-0.0000	genuine	yes
D_0002011486	genuine	0.999923	-0.0001	genuine	yes
D_0002011528	fake	0.002280	-6.0837	fake	yes
D_0002011591	fake	0.003612	-5.6234	fake	yes
D_0002011633	fake	0.043258	-3.1406	fake	yes
D_0002011717	fake	0.039581	-3.2294	fake	yes
D_0002011738	genuine	0.999995	-0.0000	genuine	yes
D_0002012305	fake	0.716859	-0.3329	genuine	no
D_0002012389	genuine	0.206349	-1.5782	fake	no
D_0002012515	genuine	0.967477	-0.0331	genuine	yes
D_0002012893	fake	0.022087	-3.8127	fake	yes
D_0002012956	fake	0.026353	-3.6362	fake	yes
D_0002013145	fake	0.285929	-1.2520	fake	yes
D_0002013166	genuine	0.999287	-0.0007	genuine	yes
D_0002013229	fake	0.000502	-7.5965	fake	yes
D_0002013250	fake	0.044347	-3.1157	fake	yes
D_0002013355	fake	0.766604	-0.2658	genuine	no
D_0002013481	fake	0.000227	-8.3895	fake	yes
D_0002013544	fake	0.001642	-6.4115	fake	yes
D_0002013565	fake	0.017068	-4.0705	fake	yes
D_0002013607	fake	0.640874	-0.4449	genuine	no
D_0002013775	fake	0.228893	-1.4745	fake	yes
D_0002013901	genuine	0.999629	-0.0004	genuine	yes
D_0002013922	fake	0.999955	-0.0000	genuine	no
D_0002013985	genuine	0.000004	-12.3575	fake	no
D_0002014069	fake	0.002152	-6.1414	fake	yes
D_0002014111	fake	0.055867	-2.8848	fake	yes
D_0002014174	genuine	0.991437	-0.0086	genuine	yes
D_0002014279	genuine	0.760179	-0.2742	genuine	yes
D_0002014594	fake	0.983306	-0.0168	genuine	no
D_0002014615	fake	0.005803	-5.1493	fake	yes
D_0002014657	fake	0.046607	-3.0660	fake	yes
D_0002014720	fake	0.000949	-6.9600	fake	yes
D_0002014783	fake	0.944876	-0.0567	genuine	no
D_0002015119	genuine	0.999971	-0.0000	genuine	yes
D_0002015266	fake	0.002074	-6.1783	fake	yes
D_0002015350	fake	0.236435	-1.4421	fake	yes
D_0002015497	fake	0.563483	-0.5736	genuine	no
D_0002015707	fake	0.246539	-1.4002	fake	yes
D_0002015728	fake	0.962906	-0.0378	genuine	no
D_0002016253	fake	0.130451	-2.0368	fake	yes
D_0002016295	fake	0.539208	-0.6177	genuine	no
D_0002016484	fake	0.000139	-8.8778	fake	yes
D_0002016673	fake	0.000376	-7.8862	fake	yes
D_0002016715	fake	0.177646	-1.7280	fake	yes
D_0002016820	fake	0.016653	-4.0951	fake	yes
D_0002016841	genuine	0.999998	-0.0000	genuine	yes
D_0002016862	genuine	1.000000	-0.0000	genuine	yes
D_0002016946	fake	0.006348	-5.0596	fake	yes
D_0002016988	fake	0.934329	-0.0679	genuine	no
D_0002017261	fake	0.813124	-0.2069	genuine	no
D_0002017324	fake	0.100694	-2.2957	fake	yes
D_0002017450	genuine	0.999891	-0.0001	genuine	yes
D_0002017597	fake	0.374706	-0.9816	fake	yes
D_0002017639	fake	0.921226	-0.0820	genuine	no
D_0002017681	fake	0.057164	-2.8618	fake	yes
D_0002017744	fake	0.230890	-1.4658	fake	yes
D_0002017849	fake	0.956844	-0.0441	genuine	no
D_0002017870	fake	0.999332	-0.0007	genuine	no
D_0002017891	fake	0.999244	-0.0008	genuine	no
D_0002017933	fake	0.610612	-0.4933	genuine	no
D_0002017996	fake	0.048685	-3.0224	fake	yes
D_0002018227	fake	0.014848	-4.2099	fake	yes
D_0002018248	fake	0.000299	-8.1141	fake	yes
D_0002018311	fake	0.615241	-0.4857	genuine	no
D_0002018563	fake	0.015890	-4.1421	fake	yes
D_0002018710	fake	0.996184	-0.0038	genuine	no
D_0002018941	fake	0.539501	-0.6171	genuine	no
D_0002019193	fake	0.986861	-0.0132	genuine	no
D_0002019214	fake	0.225155	-1.4910	fake	yes
D_0002019319	genuine	0.999192	-0.0008	genuine	yes
D_0002019361	fake	0.041845	-3.1738	fake	yes
D_0002019424	fake	0.397746	-0.9219	fake	yes
D_0002019445	genuine	0.999924	-0.0001	genuine	yes
D_0002019529	fake	0.094048	-2.3639	fake	yes
D_0002019592	fake	0.000029	-10.4429	fake	yes
D_0002019718	genuine	1.000000	-0.0000	genuine	yes
D_0002019760	fake	0.077582	-2.5564	fake	yes
D_0002019781	fake	0.473416	-0.7478	fake	yes
D_0002019949	fake	0.079842	-2.5277	fake	yes
D_0002020012	fake	0.000269	-8.2193	fake	yes
D_0002020117	fake	0.001275	-6.6648	fake	yes
D_0002020453	genuine	1.000000	-0.0000	genuine	yes
D_0002020642	fake	0.986139	-0.0140	genuine	no
D_0002021314	fake	0.061126	-2.7948	fake	yes
D_0002021503	genuine	0.999400	-0.0006	genuine	yes
D_0002021608	fake	0.003335	-5.7033	fake	yes
D_0002021629	genuine	0.999297	-0.0007	genuine	yes
D_0002021755	fake	0.878956	-0.1290	genuine	no
D_0002021839	genuine	0.999998	-0.0000	genuine	yes
D_0002021944	fake	0.009203	-4.6882	fake	yes
D_0002022007	genuine	0.988739	-0.0113	genuine	yes
D_0002022070	fake	0.998510	-0.0015	genuine	no
D_0002022091	genuine	0.953709	-0.0474	genuine	yes
D_0002022238	fake	0.110598	-2.2019	fake	yes
D_0002022469	fake	0.071791	-2.6340	fake	yes
D_0002022490	fake	0.000006	-11.9970	fake	yes
D_0002022532	fake	0.327064	-1.1176	fake	yes
D_0002022658	fake	0.919854	-0.0835	genuine	no
D_0002022679	fake	0.036549	-3.3091	fake	yes
D_0002022784	fake	0.702414	-0.3532	genuine	no
D_0002023372	fake	0.002327	-6.0630	fake	yes
D_0002023414	fake	0.013977	-4.2703	fake	yes
D_0002023582	fake	0.622523	-0.4740	genuine	no
D_0002023603	genuine	0.204494	-1.5872	fake	no
D_0002023750	genuine	0.204555	-1.5869	fake	no
D_0002023960	genuine	1.000000	-0.0000	genuine	yes
D_0002024086	fake	0.012904	-4.3502	fake	yes
D_0002024128	fake	0.006093	-5.1006	fake	yes
D_0002024170	fake	0.095286	-2.3509	fake	yes
D_0002024212	genuine	0.998504	-0.0015	genuine	yes
D_0002024254	genuine	0.826162	-0.1910	genuine	yes
D_0002024422	fake	0.989399	-0.0107	genuine	no
D_0002024443	fake	0.023855	-3.7358	fake	yes
D_0002024506	genuine	0.983323	-0.0168	genuine	yes
D_0002024527	fake	0.162039	-1.8199	fake	yes
D_0002024632	fake	0.533809	-0.6277	genuine	no
D_0002024947	fake	0.015737	-4.1517	fake	yes
D_0002024989	fake	0.056792	-2.8684	fake	yes
D_0002025094	fake	0.979971	-0.0202	genuine	no
D_0002025304	fake	0.348155	-1.0551	fake	yes
D_0002025346	fake	0.164166	-1.8069	fake	yes
D_0002025388	fake	0.011540	-4.4620	fake	yes
D_0002025556	fake	0.202010	-1.5994	fake	yes
D_0002025598	fake	0.000330	-8.0158	fake	yes
D_0002025745	fake	0.000051	-9.8908	fake	yes
D_0002025850	fake	0.000226	-8.3940	fake	yes
D_0002026123	fake	0.998520	-0.0015	genuine	no
D_0002026228	fake	0.883137	-0.1243	genuine	no
D_0002026249	genuine	1.000000	-0.0000	genuine	yes
D_0002026375	genuine	0.999015	-0.0010	genuine	yes
D_0002026501	fake	0.023045	-3.7703	fake	yes
D_0002026522	fake	0.017187	-4.0636	fake	yes
D_0002026669	fake	0.048049	-3.0355	fake	yes
D_0002026858	fake	0.876429	-0.1319	genuine	no
D_0002026900	fake	0.018122	-4.0106	fake	yes
D_0002026963	fake	0.004967	-5.3050	fake	yes
D_0002027089	fake	0.000774	-7.1642	fake	yes
D_0002027278	fake	0.040169	-3.2147	fake	yes
D_0002027488	fake	0.008269	-4.7953	fake	yes
D_0002027593	fake	0.989078	-0.0110	genuine	no
D_0002027635	fake	0.000554	-7.4982	fake	yes
D_0002027698	genuine	0.501868	-0.6894	genuine	yes
D_0002027740	fake	0.012237	-4.4033	fake	yes
D_0002027761	fake	0.105777	-2.2464	fake	yes
D_0002027824	fake	0.002106	-6.1628	fake	yes
D_0002027866	fake	0.960429	-0.0404	genuine	no
D_0002027929	fake	0.940092	-0.0618	genuine	no
D_0002028139	fake	0.005305	-5.2390	fake	yes
D_0002028160	fake	0.043096	-3.1443	fake	yes
D_0002028223	fake	0.001905	-6.2632	fake	yes
D_0002028286	fake	0.641723	-0.4436	genuine	no
D_0002028328	fake	0.559955	-0.5799	genuine	no
D_0002028391	fake	0.719225	-0.3296	genuine	no
D_0002028496	genuine	0.925462	-0.0775	genuine	yes
D_0002028643	fake	0.306158	-1.1837	fake	yes
D_0002028664	fake	0.000054	-9.8194	fake	yes
D_0002028811	fake	0.972996	-0.0274	genuine	no
D_0002028874	fake	0.008875	-4.7245	fake	yes
D_0002029483	fake	0.414167	-0.8815	fake	yes
D_0002029546	fake	0.032591	-3.4237	fake	yes
D_0002029567	fake	0.009736	-4.6319	fake	yes
D_0002029777	genuine	1.000000	0.0000	genuine	yes
D_0002029966	genuine	0.999725	-0.0003	genuine	yes
D_0002029987	fake	0.924995	-0.0780	genuine	no
D_0002030029	fake	0.347188	-1.0579	fake	yes
D_0002030155	genuine	0.999306	-0.0007	genuine	yes
D_0002030512	fake	0.002978	-5.8165	fake	yes
D_0002030554	genuine	0.999571	-0.0004	genuine	yes
D_0002030617	fake	0.117877	-2.1381	fake	yes
D_0002030974	genuine	0.995291	-0.0047	genuine	yes
D_0002031016	fake	0.101564	-2.2871	fake	yes
D_0002031037	fake	0.002284	-6.0818	fake	yes
D_0002031289	fake	0.588364	-0.5304	genuine	no
D_0002031310	fake	0.835994	-0.1791	genuine	no
D_0002031457	fake	0.315019	-1.1551	fake	yes
D_0002031520	fake	0.526110	-0.6422	genuine	no
D_0002031688	genuine	0.999213	-0.0008	genuine	yes
D_0002031919	fake	0.997948	-0.0021	genuine	no
D_0002031940	fake	0.034534	-3.3658	fake	yes
D_0002032108	fake	0.044985	-3.1014	fake	yes
D_0002032150	fake	0.000814	-7.1138	fake	yes
D_0002032192	fake	0.218070	-1.5229	fake	yes
D_0002032318	fake	0.615659	-0.4851	genuine	no
D_0002032423	genuine	1.000000	-0.0000	genuine	yes
D_0002032507	fake	0.999853	-0.0001	genuine	no
D_0002032801	fake	0.000803	-7.1274	fake	yes
D_0002032906	genuine	0.850822	-0.1616	genuine	yes
D_0002033011	fake	0.061247	-2.7928	fake	yes
D_0002033116	fake	0.628107	-0.4650	genuine	no
D_0002033179	fake	0.292769	-1.2284	fake	yes
D_0002033242	fake	0.354636	-1.0367	fake	yes
D_0002033431	fake	0.720567	-0.3277	genuine	no
D_0002033704	fake	0.002564	-5.9662	fake	yes
D_0002033767	fake	0.663690	-0.4099	genuine	no
D_0002033914	fake	0.419615	-0.8684	fake	yes
D_0002033956	fake	0.017603	-4.0397	fake	yes
D_0002034019	fake	0.144154	-1.9369	fake	yes
D_0002034040	genuine	0.003832	-5.5645	fake	no
D_0002034124	genuine	1.000000	-0.0000	genuine	yes
D_0002034145	fake	0.178053	-1.7257	fake	yes
D_0002034229	fake	0.141508	-1.9554	fake	yes
D_0002034418	fake	0.000406	-7.8091	fake	yes
D_0002034544	fake	0.992193	-0.0078	genuine	no
D_0002034712	fake	0.757601	-0.2776	genuine	no
D_0002034880	fake	0.000216	-8.4395	fake	yes
D_0002034901	fake	0.357597	-1.0283	fake	yes
D_0002035006	fake	0.440939	-0.8188	fake	yes
D_0002035657	genuine	0.999989	-0.0000	genuine	yes
D_0002035825	fake	0.084737	-2.4682	fake	yes
D_0002035909	fake	0.007459	-4.8984	fake	yes
D_0002035951	fake	0.134864	-2.0035	fake	yes
D_0002035972	fake	0.001877	-6.2782	fake	yes
D_0002036119	fake	0.877320	-0.1309	genuine	no
D_0002036224	fake	0.147874	-1.9114	fake	yes
D_0002036287	fake	0.906326	-0.0984	genuine	no
D_0002036434	fake	0.999047	-0.0010	genuine	no
D_0002036476	fake	0.090907	-2.3979	fake	yes
D_0002036560	fake	0.000043	-10.0503	fake	yes
D_0002036665	fake	0.411312	-0.8884	fake	yes
D_0002036686	fake	0.995524	-0.0045	genuine	no
D_0002036812	fake	0.505424	-0.6824	genuine	no
D_0002037001	fake	0.002032	-6.1987	fake	yes
D_0002037106	fake	0.016405	-4.1102	fake	yes
D_0002037337	genuine	0.915201	-0.0886	genuine	yes
D_0002037358	fake	0.124525	-2.0833	fake	yes
D_0002037400	fake	0.008613	-4.7545	fake	yes
D_0002037484	fake	0.128649	-2.0507	fake	yes
D_0002037841	fake	0.979409	-0.0208	genuine	no
D_0002038072	fake	0.265540	-1.3260	fake	yes
D_0002038093	fake	0.001117	-6.7971	fake	yes
D_0002038261	fake	0.965133	-0.0355	genuine	no
D_0002038303	genuine	0.955212	-0.0458	genuine	yes
D_0002038429	genuine	0.989883	-0.0102	genuine	yes
D_0002038534	fake	0.000030	-10.4194	fake	yes
D_0002038555	fake	0.125928	-2.0720	fake	yes
D_0002038660	fake	0.071573	-2.6370	fake	yes
D_0002038765	fake	0.836132	-0.1790	genuine	no
D_0002038996	fake	0.070891	-2.6466	fake	yes
D_0002039059	fake	0.264027	-1.3317	fake	yes
D_0002039164	fake	0.335641	-1.0917	fake	yes
D_0002039248	fake	0.034941	-3.3541	fake	yes
D_0002039290	fake	0.102878	-2.2742	fake	yes
D_0002039752	fake	0.065101	-2.7318	fake	yes
D_0002039815	fake	0.024053	-3.7275	fake	yes
D_0002040109	fake	0.032640	-3.4222	fake	yes
D_0002040130	fake	0.002226	-6.1074	fake	yes
D_0002040613	fake	0.164623	-1.8041	fake	yes
D_0002040718	fake	0.093671	-2.3680	fake	yes
D_0002040823	genuine	0.573038	-0.5568	genuine	yes
D_0002040844	fake	0.002440	-6.0157	fake	yes
D_0002040907	fake	0.122804	-2.0972	fake	yes
D_0002040991	genuine	0.987870	-0.0122	genuine	yes
D_0002041075	fake	0.006287	-5.0693	fake	yes
D_0002041201	fake	0.062783	-2.7681	fake	yes
D_0002041285	fake	0.982256	-0.0179	genuine	no
D_0002041495	fake	0.491466	-0.7104	fake	yes
D_0002041558	fake	0.950887	-0.0504	genuine	no
D_0002041579	genuine	0.999691	-0.0003	genuine	yes
D_0002041705	fake	0.508436	-0.6764	genuine	no
D_0002041789	fake	0.023512	-3.7502	fake	yes
D_0002041936	fake	0.981969	-0.0182	genuine	no
D_0002041999	genuine	0.045273	-3.0951	fake	no
D_0002042020	genuine	0.999999	-0.0000	genuine	yes
D_0002042125	genuine	0.995649	-0.0044	genuine	yes
D_0002042230	fake	0.823152	-0.1946	genuine	no
D_0002042377	genuine	0.999999	-0.0000	genuine	yes
D_0002042629	fake	0.007263	-4.9250	fake	yes
D_0002042776	fake	0.727865	-0.3176	genuine	no
D_0002042860	fake	0.147590	-1.9133	fake	yes
D_0002042944	fake	0.175225	-1.7417	fake	yes
D_0002043028	fake	0.995728	-0.0043	genuine	no
D_0002043091	fake	0.000834	-7.0895	fake	yes
D_0002043112	fake	0.704006	-0.3510	genuine	no
D_0002043175	fake	0.535324	-0.6249	genuine	no
D_0002043217	genuine	1.000000	-0.0000	genuine	yes
D_0002043385	genuine	0.803415	-0.2189	genuine	yes
D_0002043511	fake	0.968572	-0.0319	genuine	no
D_0002043553	fake	0.943712	-0.0579	genuine	no
D_0002043574	fake	0.451544	-0.7951	fake	yes
D_0002043658	fake	0.127718	-2.0579	fake	yes
D_0002043952	fake	0.032930	-3.4134	fake	yes
D_0002044078	fake	0.007982	-4.8306	fake	yes
D_0002044309	fake	0.047041	-3.0567	fake	yes
D_0002044393	fake	0.001339	-6.6155	fake	yes
D_0002044414	fake	0.143777	-1.9395	fake	yes
D_0002044435	fake	0.988506	-0.0116	genuine	no
D_0002044498	fake	0.084235	-2.4741	fake	yes
D_0002044519	fake	0.240286	-1.4259	fake	yes
D_0002044624	genuine	0.016249	-4.1197	fake	no
D_0002044855	fake	0.433622	-0.8356	fake	yes
D_0002044876	fake	0.018636	-3.9827	fake	yes
D_0002045044	genuine	0.999998	-0.0000	genuine	yes
D_0002045107	fake	0.000045	-10.0108	fake	yes
D_0002045128	fake	0.517973	-0.6578	genuine	no
D_0002045401	genuine	1.000000	0.0000	genuine	yes
D_0002045422	fake	0.958038	-0.0429	genuine	no
D_0002045548	genuine	0.999667	-0.0003	genuine	yes
D_0002045737	fake	0.043654	-3.1315	fake	yes
D_0002045800	fake	0.375427	-0.9797	fake	yes
D_0002045821	fake	0.001064	-6.8461	fake	yes
D_0002045884	fake	0.001134	-6.7822	fake	yes
D_0002046094	fake	0.071678	-2.6356	fake	yes
D_0002046178	fake	0.008592	-4.7569	fake	yes
D_0002046325	fake	0.655823	-0.4219	genuine	no
D_0002046535	fake	0.061809	-2.7837	fake	yes
D_0002046619	fake	0.469494	-0.7561	fake	yes
D_0002046766	fake	0.048665	-3.0228	fake	yes
D_0002046808	fake	0.812415	-0.2077	genuine	no
D_0002046871	fake	0.025293	-3.6772	fake	yes
D_0002047144	genuine	0.159825	-1.8337	fake	no
D_0002047228	fake	0.033667	-3.3912	fake	yes
D_0002047270	fake	0.962856	-0.0379	genuine	no
D_0002047354	fake	0.044021	-3.1231	fake	yes
D_0002047396	fake	0.004066	-5.5051	fake	yes
D_0002047459	genuine	0.999977	-0.0000	genuine	yes
D_0002047564	fake	0.544499	-0.6079	genuine	no
D_0002047585	genuine	0.015226	-4.1847	fake	no
D_0002047711	genuine	0.999912	-0.0001	genuine	yes
D_0002047795	fake	0.286749	-1.2491	fake	yes
D_0002047816	fake	0.209533	-1.5629	fake	yes
D_0002047837	fake	0.848955	-0.1637	genuine	no
D_0002048005	fake	0.874079	-0.1346	genuine	no
D_0002048236	fake	0.989934	-0.0101	genuine	no
D_0002048425	fake	0.052911	-2.9392	fake	yes
D_0002048572	fake	0.864714	-0.1454	genuine	no
D_0002048866	fake	0.105827	-2.2460	fake	yes
D_0002048929	fake	0.001690	-6.3830	fake	yes
D_0002049013	fake	0.020776	-3.8740	fake	yes
D_0002049118	fake	0.014635	-4.2244	fake	yes
D_0002049181	fake	0.451618	-0.7949	fake	yes
D_0002049265	fake	0.000186	-8.5895	fake	yes
D_0002049328	fake	0.989847	-0.0102	genuine	no
D_0002049349	fake	0.279897	-1.2733	fake	yes
D_0002049517	fake	0.655144	-0.4229	genuine	no
D_0002049559	fake	0.999678	-0.0003	genuine	no
D_0002049580	fake	0.009151	-4.6939	fake	yes
D_0002049601	fake	0.756382	-0.2792	genuine	no
D_0002049685	fake	0.198810	-1.6154	fake	yes
D_0002049853	genuine	0.998823	-0.0012	genuine	yes
D_0002050021	fake	0.881664	-0.1259	genuine	no
D_0002050063	fake	0.736986	-0.3052	genuine	no
D_0002050084	fake	0.091379	-2.3927	fake	yes
D_0002050336	fake	0.990967	-0.0091	genuine	no
D_0002050483	fake	0.511121	-0.6711	genuine	no
D_0002050735	fake	0.002190	-6.1239	fake	yes
D_0002050819	fake	0.075687	-2.5812	fake	yes
D_0002050861	fake	0.608689	-0.4964	genuine	no
D_0002050882	fake	0.036320	-3.3154	fake	yes
D_0002050903	fake	0.000411	-7.7960	fake	yes
D_0002051239	fake	0.056727	-2.8695	fake	yes
D_0002051281	fake	0.044930	-3.1027	fake	yes
D_0002051323	fake	0.999414	-0.0006	genuine	no
D_0002051449	fake	0.000223	-8.4100	fake	yes
D_0002051596	genuine	0.901544	-0.1036	genuine	yes
D_0002051617	fake	0.059641	-2.8194	fake	yes
D_0002051764	fake	0.714259	-0.3365	genuine	no
D_0002051890	fake	0.658379	-0.4180	genuine	no
D_0002052289	fake	0.011617	-4.4553	fake	yes
D_0002052478	fake	0.660751	-0.4144	genuine	no
D_0002052583	genuine	0.999964	-0.0000	genuine	yes
D_0002052730	fake	0.026518	-3.6299	fake	yes
D_0002052814	fake	0.000717	-7.2408	fake	yes
D_0002052835	fake	0.003135	-5.7650	fake	yes
D_0002052877	fake	0.123007	-2.0955	fake	yes
D_0002053003	genuine	0.977309	-0.0230	genuine	yes
D_0002053297	fake	0.022958	-3.7741	fake	yes
D_0002053318	fake	0.019857	-3.9192	fake	yes
D_0002053339	fake	0.084719	-2.4684	fake	yes
D_0002053591	fake	0.015257	-4.1827	fake	yes
D_0002053717	genuine	0.999945	-0.0001	genuine	yes
D_0002053801	fake	0.037264	-3.2897	fake	yes
D_0002053927	fake	0.887619	-0.1192	genuine	no
D_0002053990	genuine	0.970344	-0.0301	genuine	yes
D_0002054158	fake	0.013016	-4.3416	fake	yes
D_0002054221	fake	0.961300	-0.0395	genuine	no
D_0002054284	fake	0.995968	-0.0040	genuine	no
D_0002054389	fake	0.109738	-2.2097	fake	yes
D_0002054410	genuine	0.029537	-3.5221	fake	no
D_0002054452	fake	0.995356	-0.0047	genuine	no
D_0002054599	genuine	0.999617	-0.0004	genuine	yes
D_0002054641	genuine	0.055450	-2.8923	fake	no
D_0002055145	fake	0.490382	-0.7126	fake	yes
D_0002055166	fake	0.368981	-0.9970	fake	yes
D_0002055208	fake	0.006119	-5.0963	fake	yes
D_0002055376	fake	0.120591	-2.1154	fake	yes
D_0002055481	fake	0.004886	-5.3214	fake	yes
D_0002055502	fake	0.921124	-0.0822	genuine	no
D_0002055523	fake	0.026631	-3.6257	fake	yes
D_0002055607	fake	0.013683	-4.2916	fake	yes
D_0002055649	fake	0.980060	-0.0201	genuine	no
D_0002055775	fake	0.007865	-4.8454	fake	yes
D_0002056006	fake	0.000550	-7.5058	fake	yes
D_0002056027	fake	0.966603	-0.0340	genuine	no
D_0002056048	fake	0.573329	-0.5563	genuine	no
D_0002056069	fake	0.750571	-0.2869	genuine	no
D_0002056300	fake	0.005456	-5.2111	fake	yes
D_0002056384	fake	0.001161	-6.7587	fake	yes
D_0002056657	fake	0.255533	-1.3644	fake	yes
D_0002056846	fake	0.803935	-0.2182	genuine	no
D_0002056867	fake	0.543693	-0.6094	genuine	no
D_0002056972	fake	0.688505	-0.3732	genuine	no
D_0002057014	fake	0.001227	-6.7033	fake	yes
D_0002057203	fake	0.249117	-1.3898	fake	yes
D_0002057350	fake	0.983524	-0.0166	genuine	no
D_0002057392	fake	0.665921	-0.4066	genuine	no
D_0002057434	fake	0.711149	-0.3409	genuine	no
D_0002057518	fake	0.130572	-2.0358	fake	yes
D_0002057602	genuine	0.999930	-0.0001	genuine	yes
D_0002057707	fake	0.008543	-4.7626	fake	yes
D_0002057791	fake	0.790778	-0.2347	genuine	no
D_0002058085	fake	0.167180	-1.7887	fake	yes
D_0002058190	fake	0.078944	-2.5390	fake	yes
D_0002058442	fake	0.200731	-1.6058	fake	yes
D_0002058547	fake	0.401171	-0.9134	fake	yes
D_0002058568	fake	0.029006	-3.5402	fake	yes
D_0002058967	fake	0.340222	-1.0782	fake	yes
D_0002059408	fake	0.000679	-7.2948	fake	yes
D_0002059450	genuine	1.000000	0.0000	genuine	yes
D_0002059492	fake	0.689421	-0.3719	genuine	no
D_0002059534	fake	0.063024	-2.7642	fake	yes
D_0002059576	fake	0.237123	-1.4392	fake	yes
D_0002059618	fake	0.722237	-0.3254	genuine	no
D_0002059639	fake	0.127579	-2.0590	fake	yes
D_0002059702	fake	0.235217	-1.4472	fake	yes
D_0002059828	genuine	0.920660	-0.0827	genuine	yes
D_0002059849	fake	0.002770	-5.8890	fake	yes
D_0002059891	fake	0.999790	-0.0002	genuine	no
D_0002059933	fake	0.769725	-0.2617	genuine	no
D_0002059954	fake	0.915551	-0.0882	genuine	no
D_0002060122	genuine	0.999987	-0.0000	genuine	yes
D_0002060332	fake	0.996729	-0.0033	genuine	no
D_0002060353	fake	0.526335	-0.6418	genuine	no
D_0002060437	fake	0.011242	-4.4881	fake	yes
D_0002060500	fake	0.954463	-0.0466	genuine	no
D_0002060584	fake	0.026781	-3.6201	fake	yes
D_0002060605	fake	0.000010	-11.5140	fake	yes
D_0002060920	fake	0.028756	-3.5489	fake	yes
D_0002061130	fake	0.625743	-0.4688	genuine	no
D_0002061340	fake	0.181979	-1.7039	fake	yes
D_0002061403	genuine	0.999974	-0.0000	genuine	yes
D_0002061445	fake	0.282976	-1.2624	fake	yes
D_0002061487	fake	0.906550	-0.0981	genuine	no
D_0002061529	fake	0.322654	-1.1312	fake	yes
D_0002061592	fake	0.565892	-0.5694	genuine	no
D_0002061865	fake	0.988800	-0.0113	genuine	no
D_0002062096	fake	0.030911	-3.4767	fake	yes
D_0002062495	fake	0.928665	-0.0740	genuine	no
D_0002062621	fake	0.999623	-0.0004	genuine	no
D_0002062936	fake	0.350691	-1.0478	fake	yes
D_0002062999	fake	0.185563	-1.6844	fake	yes
D_0002063020	fake	0.002625	-5.9428	fake	yes
D_0002063041	fake	0.000250	-8.2951	fake	yes
D_0002063062	genuine	1.000000	0.0000	genuine	yes
D_0002063104	genuine	0.999954	-0.0000	genuine	yes
D_0002063167	fake	0.999757	-0.0002	genuine	no
D_0002063356	fake	0.291573	-1.2325	fake	yes
D_0002063419	fake	0.235159	-1.4475	fake	yes
D_0002063461	fake	0.099299	-2.3096	fake	yes
D_0002063545	fake	0.132486	-2.0213	fake	yes
D_0002063692	genuine	0.999697	-0.0003	genuine	yes
D_0002063713	fake	0.014757	-4.2160	fake	yes
D_0002063776	genuine	0.999987	-0.0000	genuine	yes
D_0002063818	fake	0.229588	-1.4715	fake	yes
D_0002064007	fake	0.503514	-0.6861	genuine	no
D_0002064070	fake	0.013626	-4.2958	fake	yes
D_0002064280	fake	0.383803	-0.9576	fake	yes
D_0002064343	fake	0.002931	-5.8323	fake	yes
D_0002064364	fake	0.328392	-1.1135	fake	yes
D_0002064406	fake	0.024973	-3.6900	fake	yes
D_0002064469	fake	0.062254	-2.7765	fake	yes
D_0002064490	fake	0.018260	-4.0030	fake	yes
D_0002064532	genuine	0.995527	-0.0045	genuine	yes
D_0002064826	fake	0.266465	-1.3225	fake	yes
D_0002064994	fake	0.005337	-5.2332	fake	yes
D_0002065015	fake	0.129569	-2.0435	fake	yes
D_0002065330	fake	0.114458	-2.1675	fake	yes
D_0002065393	genuine	0.622303	-0.4743	genuine	yes
D_0002065477	fake	0.323967	-1.1271	fake	yes
D_0002065582	fake	0.970993	-0.0294	genuine	no
D_0002065687	fake	0.762026	-0.2718	genuine	no
D_0002065771	genuine	0.999989	-0.0000	genuine	yes
D_0002065918	fake	0.140024	-1.9659	fake	yes
D_0002066107	fake	0.000318	-8.0548	fake	yes
D_0002066191	fake	0.000042	-10.0805	fake	yes
D_0002066359	fake	0.026310	-3.6378	fake	yes
D_0002066464	genuine	0.989552	-0.0105	genuine	yes
D_0002066653	fake	0.748622	-0.2895	genuine	no
D_0002066695	fake	0.999445	-0.0006	genuine	no
D_0002066863	genuine	0.122448	-2.1001	fake	no
D_0002066947	fake	0.580728	-0.5435	genuine	no
D_0002066989	fake	0.924328	-0.0787	genuine	no
D_0002067409	fake	0.006945	-4.9697	fake	yes
D_0002067556	fake	0.106041	-2.2439	fake	yes
D_0002067682	fake	0.001357	-6.6028	fake	yes
D_0002067829	fake	0.912912	-0.0911	genuine	no
D_0002068165	genuine	0.177005	-1.7316	fake	no
D_0002068438	genuine	0.907387	-0.0972	genuine	yes
D_0002068522	fake	0.109130	-2.2152	fake	yes
D_0002068732	fake	0.203268	-1.5932	fake	yes
D_0002068774	genuine	0.999861	-0.0001	genuine	yes
D_0002068921	fake	0.948638	-0.0527	genuine	no
D_0002068942	genuine	0.952036	-0.0492	genuine	yes
D_0002069089	fake	0.483395	-0.7269	fake	yes
D_0002069131	genuine	0.999206	-0.0008	genuine	yes
D_0002069236	fake	0.942899	-0.0588	genuine	no
D_0002069320	fake	0.589363	-0.5287	genuine	no
D_0002069425	fake	0.994915	-0.0051	genuine	no
D_0002069551	fake	0.184521	-1.6900	fake	yes
D_0002069635	fake	0.008019	-4.8259	fake	yes
D_0002069824	fake	0.000103	-9.1838	fake	yes
D_0002070055	fake	0.025326	-3.6759	fake	yes
D_0002070076	fake	0.999896	-0.0001	genuine	no
D_0002070118	fake	0.006966	-4.9667	fake	yes
D_0002070349	genuine	1.000000	-0.0000	genuine	yes
D_0002070391	fake	0.000011	-11.3737	fake	yes
D_0002070496	fake	0.571846	-0.5589	genuine	no
D_0002070727	fake	0.001302	-6.6442	fake	yes
D_0002070769	genuine	1.000000	-0.0000	genuine	yes
D_0002070811	fake	0.833651	-0.1819	genuine	no
D_0002070874	fake	0.854139	-0.1577	genuine	no
D_0002070958	genuine	0.999999	-0.0000	genuine	yes
D_0002071126	fake	0.573370	-0.5562	genuine	no
D_0002071252	fake	0.002819	-5.8714	fake	yes
D_0002071294	genuine	0.986526	-0.0136	genuine	yes
D_0002071315	fake	0.041780	-3.1753	fake	yes
D_0002071336	fake	0.264535	-1.3298	fake	yes
D_0002071420	fake	0.000017	-10.9611	fake	yes
D_0002071441	fake	0.006005	-5.1151	fake	yes
D_0002071483	genuine	0.181107	-1.7087	fake	no
D_0002071525	fake	0.000004	-12.5125	fake	yes
D_0002071777	fake	0.021480	-3.8406	fake	yes
D_0002071819	fake	0.032086	-3.4393	fake	yes
D_0002072071	fake	0.001198	-6.7268	fake	yes
D_0002072239	fake	0.522514	-0.6491	genuine	no
D_0002072260	fake	0.999531	-0.0005	genuine	no
D_0002072344	fake	0.015464	-4.1692	fake	yes
D_0002072449	fake	0.480579	-0.7328	fake	yes
D_0002072743	fake	0.013650	-4.2940	fake	yes
D_0002073079	fake	0.001528	-6.4835	fake	yes
D_0002073163	fake	0.006458	-5.0425	fake	yes
D_0002073184	genuine	0.999997	-0.0000	genuine	yes
D_0002073247	fake	0.955973	-0.0450	genuine	no
D_0002073310	genuine	1.000000	0.0000	genuine	yes
D_0002073373	genuine	0.998104	-0.0019	genuine	yes
D_0002073499	genuine	0.865987	-0.1439	genuine	yes
D_0002073562	genuine	0.998352	-0.0016	genuine	yes
D_0002073625	fake	0.000045	-10.0155	fake	yes
D_0002073772	fake	0.545333	-0.6064	genuine	no
D_0002073877	fake	0.242972	-1.4148	fake	yes
D_0002074150	genuine	0.999961	-0.0000	genuine	yes
D_0002074465	fake	0.002444	-6.0141	fake	yes
D_0002074738	fake	0.387464	-0.9481	fake	yes
D_0002074801	fake	0.983304	-0.0168	genuine	no
D_0002074843	fake	0.020583	-3.8833	fake	yes
D_0002074927	fake	0.020314	-3.8965	fake	yes
D_0002074969	fake	0.417749	-0.8729	fake	yes
D_0002075095	fake	0.003919	-5.5420	fake	yes
D_0002075158	fake	0.004228	-5.4660	fake	yes
D_0002075494	fake	0.011832	-4.4369	fake	yes
D_0002075599	fake	0.456301	-0.7846	fake	yes
D_0002075977	fake	0.000659	-7.3246	fake	yes
D_0002075998	fake	0.030574	-3.4876	fake	yes
D_0002076124	fake	0.504585	-0.6840	genuine	no
D_0002076250	fake	0.045324	-3.0939	fake	yes
D_0002076292	fake	0.002257	-6.0935	fake	yes
D_0002076775	fake	0.712114	-0.3395	genuine	no
D_0002076859	genuine	0.853779	-0.1581	genuine	yes
D_0002077153	fake	0.243647	-1.4120	fake	yes
D_0002077237	fake	0.248146	-1.3937	fake	yes
D_0002077321	fake	0.812534	-0.2076	genuine	no
D_0002077531	genuine	0.999287	-0.0007	genuine	yes
D_0002077615	fake	0.079964	-2.5262	fake	yes
D_0002077636	genuine	0.000358	-7.9345	fake	no
D_0002077657	fake	0.004683	-5.3638	fake	yes
D_0002077699	fake	0.942540	-0.0592	genuine	no
D_0002077741	fake	0.064870	-2.7354	fake	yes
D_0002077804	genuine	0.922480	-0.0807	genuine	yes
D_0002077951	fake	0.046606	-3.0660	fake	yes
D_0002077972	fake	0.000005	-12.1969	fake	yes
D_0002077993	genuine	0.999794	-0.0002	genuine	yes
D_0002078119	genuine	0.999936	-0.0001	genuine	yes
D_0002078287	fake	0.003587	-5.6305	fake	yes
D_0002078308	fake	0.989383	-0.0107	genuine	no
D_0002078371	fake	0.581762	-0.5417	genuine	no
D_0002078392	fake	0.935282	-0.0669	genuine	no
D_0002078476	fake	0.007076	-4.9510	fake	yes
D_0002078644	fake	0.023122	-3.7670	fake	yes
D_0002078665	fake	0.966194	-0.0344	genuine	no
D_0002078728	fake	0.000465	-7.6727	fake	yes
D_0002079295	fake	0.201352	-1.6027	fake	yes
D_0002079400	fake	0.006393	-5.0525	fake	yes
D_0002079568	fake	0.010593	-4.5476	fake	yes
D_0002079652	genuine	0.984012	-0.0161	genuine	yes
D_0002079862	fake	0.001565	-6.4596	fake	yes
D_0002079883	genuine	0.040993	-3.1944	fake	no
D_0002079946	genuine	0.999999	-0.0000	genuine	yes
D_0002080072	fake	0.545392	-0.6063	genuine	no
D_0002080093	fake	0.984652	-0.0155	genuine	no
D_0002080135	fake	0.619494	-0.4789	genuine	no
D_0002080240	genuine	0.985707	-0.0144	genuine	yes
D_0002080282	fake	0.010503	-4.5561	fake	yes
D_0002080471	genuine	1.000000	0.0000	genuine	yes
D_0002080492	fake	0.073390	-2.6120	fake	yes
D_0002080555	fake	0.995491	-0.0045	genuine	no
D_0002080660	fake	0.221087	-1.5092	fake	yes
D_0002081038	fake	0.050449	-2.9868	fake	yes
D_0002081143	genuine	0.127438	-2.0601	fake	no
D_0002081605	fake	0.708061	-0.3452	genuine	no
D_0002081668	fake	0.996322	-0.0037	genuine	no
D_0002081857	fake	0.997654	-0.0023	genuine	no
D_0002081878	fake	0.364188	-1.0101	fake	yes
D_0002081899	fake	0.789920	-0.2358	genuine	no
D_0002082088	fake	0.992570	-0.0075	genuine	no
D_0002082109	fake	0.929818	-0.0728	genuine	no
D_0002082172	fake	0.077418	-2.5585	fake	yes
D_0002082571	fake	0.276807	-1.2844	fake	yes
D_0002082613	fake	0.094880	-2.3551	fake	yes
D_0002082823	fake	0.006281	-5.0703	fake	yes
D_0002082886	fake	0.755764	-0.2800	genuine	no
D_0002083222	fake	0.276306	-1.2862	fake	yes
D_0002083264	fake	0.261265	-1.3422	fake	yes
D_0002083390	genuine	0.999189	-0.0008	genuine	yes
D_0002083432	fake	0.152470	-1.8808	fake	yes
D_0002083516	genuine	0.157212	-1.8502	fake	no
D_0002083663	fake	0.014932	-4.2042	fake	yes
D_0002083936	genuine	0.999979	-0.0000	genuine	yes
D_0002083978	fake	0.121011	-2.1119	fake	yes
D_0002084104	genuine	0.999999	-0.0000	genuine	yes
D_0002084146	fake	0.924835	-0.0781	genuine	no
D_0002084167	fake	0.003280	-5.7199	fake	yes
D_0002084188	fake	0.604487	-0.5034	genuine	no
D_0002084209	fake	0.396793	-0.9243	fake	yes
D_0002084440	genuine	0.701130	-0.3551	genuine	yes
D_0002084524	genuine	0.982255	-0.0179	genuine	yes
D_0002084545	fake	0.998336	-0.0017	genuine	no
D_0002084965	genuine	0.655402	-0.4225	genuine	yes
D_0002084986	fake	0.346393	-1.0602	fake	yes
D_0002085028	fake	0.030534	-3.4889	fake	yes
D_0002085049	fake	0.771474	-0.2595	genuine	no
D_0002085133	fake	0.050599	-2.9838	fake	yes
D_0002085259	fake	0.001489	-6.5096	fake	yes
D_0002085280	fake	0.884159	-0.1231	genuine	no
D_0002085364	fake	0.004929	-5.3126	fake	yes
D_0002085385	fake	0.000753	-7.1920	fake	yes
D_0002085427	fake	0.085923	-2.4543	fake	yes
D_0002085721	genuine	0.999550	-0.0005	genuine	yes
D_0002085826	genuine	0.970126	-0.0303	genuine	yes
D_0002085847	fake	0.046060	-3.0778	fake	yes
D_0002085910	fake	0.937330	-0.0647	genuine	no
D_0002085931	fake	0.190172	-1.6598	fake	yes
D_0002085952	genuine	0.000101	-9.1971	fake	no
D_0002085973	fake	0.000136	-8.9056	fake	yes
D_0002086015	genuine	0.986228	-0.0139	genuine	yes
D_0002086267	fake	0.082974	-2.4892	fake	yes
D_0002086540	genuine	0.740655	-0.3002	genuine	yes
D_0002086750	fake	0.213711	-1.5431	fake	yes
D_0002086792	fake	0.345646	-1.0623	fake	yes
D_0002086813	fake	0.055280	-2.8953	fake	yes
D_0002086897	fake	0.894096	-0.1119	genuine	no
D_0002086981	genuine	0.999969	-0.0000	genuine	yes
D_0002087086	fake	0.031163	-3.4685	fake	yes
D_0002087128	fake	0.974987	-0.0253	genuine	no
D_0002087401	genuine	1.000000	0.0000	genuine	yes
D_0002087443	fake	0.428732	-0.8469	fake	yes
D_0002087464	fake	0.410734	-0.8898	fake	yes
D_0002087485	genuine	0.997474	-0.0025	genuine	yes
D_0002087506	genuine	0.999996	-0.0000	genuine	yes
D_0002087590	fake	0.005406	-5.2203	fake	yes
D_0002087632	fake	0.132349	-2.0223	fake	yes
D_0002087674	fake	0.359807	-1.0222	fake	yes
D_0002087758	fake	0.052197	-2.9527	fake	yes
D_0002087800	fake	0.262598	-1.3371	fake	yes
D_0002087926	fake	0.000192	-8.5559	fake	yes
D_0002088094	fake	0.045123	-3.0984	fake	yes
D_0002088346	fake	0.561735	-0.5767	genuine	no
D_0002088388	genuine	0.999944	-0.0001	genuine	yes
D_0002088409	genuine	0.999957	-0.0000	genuine	yes
D_0002088472	genuine	0.565748	-0.5696	genuine	yes
D_0002088577	fake	0.378168	-0.9724	fake	yes
D_0002088703	fake	0.021960	-3.8185	fake	yes
D_0002088787	fake	0.717306	-0.3323	genuine	no
D_0002088871	fake	0.612778	-0.4898	genuine	no
D_0002088892	fake	0.003357	-5.6966	fake	yes
D_0002088913	fake	0.000049	-9.9323	fake	yes
D_0002088955	genuine	0.979146	-0.0211	genuine	yes
D_0002089018	fake	0.019635	-3.9304	fake	yes
D_0002089123	fake	0.077929	-2.5520	fake	yes
D_0002089144	fake	0.001034	-6.8743	fake	yes
D_0002089207	fake	0.961869	-0.0389	genuine	no
D_0002089312	fake	0.205655	-1.5816	fake	yes
D_0002089333	fake	0.001353	-6.6056	fake	yes
D_0002089438	fake	0.122152	-2.1025	fake	yes
D_0002089480	genuine	0.000026	-10.5540	fake	no
D_0002089501	fake	0.724411	-0.3224	genuine	no
D_0002089585	fake	0.496429	-0.7003	fake	yes
D_0002089606	fake	0.966553	-0.0340	genuine	no
D_0002089648	fake	0.910741	-0.0935	genuine	no
D_0002089711	fake	0.001387	-6.5810	fake	yes
D_0002089732	fake	0.158743	-1.8405	fake	yes
D_0002089774	fake	0.688801	-0.3728	genuine	no
D_0002089879	fake	0.973023	-0.0273	genuine	no
D_0002089900	fake	0.022071	-3.8135	fake	yes
D_0002089921	genuine	0.999978	-0.0000	genuine	yes
D_0002090236	fake	0.154553	-1.8672	fake	yes
D_0002090257	fake	0.357281	-1.0292	fake	yes
D_0002090509	fake	0.056912	-2.8663	fake	yes
D_0002090572	fake	0.997101	-0.0029	genuine	no
D_0002090824	genuine	0.689671	-0.3715	genuine	yes
D_0002091034	fake	0.968116	-0.0324	genuine	no
D_0002091307	fake	0.000358	-7.9358	fake	yes
D_0002091433	fake	0.010937	-4.5156	fake	yes
D_0002091454	fake	0.856607	-0.1548	genuine	no
D_0002091580	genuine	0.674449	-0.3939	genuine	yes
D_0002091643	fake	0.001605	-6.4346	fake	yes
D_0002091685	fake	0.008220	-4.8012	fake	yes
D_0002091832	fake	0.057037	-2.8641	fake	yes
D_0002091895	genuine	0.000013	-11.2569	fake	no
D_0002092084	genuine	0.000001	-14.2809	fake	no
D_0002092168	genuine	0.999993	-0.0000	genuine	yes
D_0002092189	fake	0.015042	-4.1969	fake	yes
D_0002092294	genuine	0.722468	-0.3251	genuine	yes
D_0002092315	fake	0.352486	-1.0427	fake	yes
D_0002092336	fake	0.827049	-0.1899	genuine	no
D_0002092357	genuine	0.912316	-0.0918	genuine	yes
D_0002092441	genuine	0.999979	-0.0000	genuine	yes
D_0002092651	fake	0.639340	-0.4473	genuine	no
D_0002092777	genuine	0.767080	-0.2652	genuine	yes
D_0002092924	fake	0.021773	-3.8271	fake	yes
D_0002093113	fake	0.271699	-1.3031	fake	yes
D_0002093344	fake	0.014434	-4.2382	fake	yes
D_0002093365	fake	0.001386	-6.5814	fake	yes
D_0002093407	fake	0.002007	-6.2110	fake	yes
D_0002093554	fake	0.883162	-0.1242	genuine	no
D_0002093575	genuine	0.970894	-0.0295	genuine	yes
D_0002093617	genuine	0.999992	-0.0000	genuine	yes
D_0002093785	fake	0.999844	-0.0002	genuine	no
D_0002093827	genuine	0.999817	-0.0002	genuine	yes
D_0002094121	fake	0.034396	-3.3698	fake	yes
D_0002094142	fake	0.786646	-0.2400	genuine	no
D_0002094184	fake	0.998231	-0.0018	genuine	no
D_0002094205	fake	0.548839	-0.6000	genuine	no
D_0002094415	fake	0.007137	-4.9425	fake	yes
D_0002094457	fake	0.005106	-5.2774	fake	yes
D_0002094562	genuine	0.001345	-6.6116	fake	no
D_0002094709	genuine	0.999986	-0.0000	genuine	yes
D_0002094793	fake	0.730871	-0.3135	genuine	no
D_0002094835	genuine	0.000026	-10.5417	fake	no
D_0002095045	fake	0.907704	-0.0968	genuine	no
D_0002095066	fake	0.000257	-8.2681	fake	yes
D_0002095108	fake	0.201894	-1.6000	fake	yes
D_0002095129	fake	0.190393	-1.6587	fake	yes
D_0002095276	fake	0.971862	-0.0285	genuine	no
D_0002095381	fake	0.996525	-0.0035	genuine	no
D_0002095528	genuine	0.999759	-0.0002	genuine	yes
D_0002095906	fake	0.994222	-0.0058	genuine	no
D_0002095990	fake	0.001255	-6.6808	fake	yes
D_0002096074	genuine	0.826766	-0.1902	genuine	yes
D_0002096116	genuine	0.999998	-0.0000	genuine	yes
D_0002096242	fake	0.001186	-6.7374	fake	yes
D_0002096263	fake	0.923624	-0.0794	genuine	no
D_0002096305	genuine	0.997531	-0.0025	genuine	yes
D_0002096389	fake	0.965617	-0.0350	genuine	no
D_0002096410	fake	0.013310	-4.3193	fake	yes
D_0002096431	fake	0.169962	-1.7722	fake	yes
D_0002096557	fake	0.087020	-2.4416	fake	yes
D_0002096599	fake	0.000010	-11.4682	fake	yes
D_0002096704	genuine	0.997025	-0.0030	genuine	yes
D_0002096809	fake	0.015061	-4.1956	fake	yes
D_0002096851	fake	0.996960	-0.0030	genuine	no
D_0002096914	genuine	0.999994	-0.0000	genuine	yes
D_0002097124	fake	0.706183	-0.3479	genuine	no
D_0002097355	fake	0.115986	-2.1543	fake	yes
D_0002097502	fake	0.706618	-0.3473	genuine	no
D_0002097523	fake	0.005513	-5.2006	fake	yes
D_0002097880	fake	0.033359	-3.4004	fake	yes
D_0002097922	fake	0.999892	-0.0001	genuine	no
D_0002097964	fake	0.032145	-3.4375	fake	yes
D_0002098111	fake	0.000322	-8.0406	fake	yes
D_0002098195	genuine	0.999993	-0.0000	genuine	yes
D_0002098258	fake	0.144282	-1.9360	fake	yes
D_0002098279	fake	0.055925	-2.8837	fake	yes
D_0002098363	fake	0.286981	-1.2483	fake	yes
D_0002098384	fake	0.014409	-4.2399	fake	yes
D_0002098615	fake	0.296513	-1.2157	fake	yes
D_0002098678	genuine	0.999881	-0.0001	genuine	yes
D_0002098741	fake	0.007057	-4.9537	fake	yes
D_0002098846	fake	0.000377	-7.8825	fake	yes
D_0002098909	genuine	0.996423	-0.0036	genuine	yes
D_0002098993	fake	0.000150	-8.8017	fake	yes
D_0002099098	genuine	1.000000	0.0000	genuine	yes
D_0002099161	fake	0.246397	-1.4008	fake	yes
D_0002099245	fake	0.005863	-5.1391	fake	yes
D_0002099392	fake	0.030185	-3.5004	fake	yes
D_0002099413	fake	0.017836	-4.0266	fake	yes
D_0002099476	genuine	1.000000	0.0000	genuine	yes
D_0002099623	fake	0.000322	-8.0414	fake	yes
D_0002099728	fake	0.300915	-1.2009	fake	yes
D_0002099812	genuine	0.727127	-0.3187	genuine	yes
D_0002099854	fake	0.000737	-7.2133	fake	yes
D_0002099959	fake	0.830249	-0.1860	genuine	no
D_0002100085	fake	0.969347	-0.0311	genuine	no
D_0002100148	genuine	0.056960	-2.8654	fake	no
D_0002100169	fake	0.000010	-11.4750	fake	yes
D_0002100253	fake	0.000932	-6.9779	fake	yes
D_0002100589	fake	0.117051	-2.1451	fake	yes
D_0002100610	fake	0.078410	-2.5458	fake	yes
D_0002100757	genuine	0.988152	-0.0119	genuine	yes
D_0002100883	fake	0.008184	-4.8056	fake	yes
D_0002101072	fake	0.103747	-2.2658	fake	yes
D_0002101324	genuine	0.003957	-5.5324	fake	no
D_0002101639	genuine	0.998257	-0.0017	genuine	yes
D_0002101681	fake	0.000658	-7.3265	fake	yes
D_0002101870	fake	0.999382	-0.0006	genuine	no
D_0002102206	fake	0.003060	-5.7893	fake	yes
D_0002102332	genuine	0.998569	-0.0014	genuine	yes
D_0002102479	genuine	0.998523	-0.0015	genuine	yes
D_0002102563	fake	0.211828	-1.5520	fake	yes
D_0002102731	fake	0.471024	-0.7528	fake	yes
D_0002102794	fake	0.768641	-0.2631	genuine	no
D_0002102815	fake	0.998572	-0.0014	genuine	no
D_0002102857	fake	0.006296	-5.0679	fake	yes
D_0002102941	fake	0.813801	-0.2060	genuine	no
D_0002103319	fake	0.059320	-2.8248	fake	yes
D_0002103634	fake	0.994955	-0.0051	genuine	no
D_0002103865	fake	0.000013	-11.2520	fake	yes
D_0002103991	fake	0.237334	-1.4383	fake	yes
D_0002104138	fake	0.823938	-0.1937	genuine	no
D_0002104264	fake	0.020567	-3.8841	fake	yes
D_0002104369	genuine	0.780507	-0.2478	genuine	yes
D_0002104495	fake	0.243934	-1.4109	fake	yes
D_0002104537	genuine	0.999993	-0.0000	genuine	yes
D_0002104642	fake	0.008651	-4.7501	fake	yes
D_0002104999	genuine	0.303765	-1.1915	fake	no
D_0002105020	fake	0.027081	-3.6089	fake	yes
D_0002105041	genuine	0.035882	-3.3275	fake	no
D_0002105167	fake	0.000864	-7.0542	fake	yes
D_0002105209	genuine	0.983086	-0.0171	genuine	yes
D_0002105629	genuine	0.999768	-0.0002	genuine	yes
D_0002105650	fake	0.086353	-2.4493	fake	yes
D_0002105671	fake	0.001119	-6.7951	fake	yes
D_0002105776	fake	0.047295	-3.0513	fake	yes
D_0002105839	fake	0.000026	-10.5405	fake	yes
D_0002106175	fake	0.008555	-4.7613	fake	yes
D_0002106322	fake	0.307173	-1.1803	fake	yes
D_0002106364	fake	0.898982	-0.1065	genuine	no
D_0002106385	fake	0.011173	-4.4943	fake	yes
D_0002106448	fake	0.999960	-0.0000	genuine	no
D_0002106469	genuine	1.000000	-0.0000	genuine	yes
D_0002106658	fake	0.034089	-3.3788	fake	yes
D_0002106700	fake	0.292864	-1.2280	fake	yes
D_0002106889	fake	0.507053	-0.6791	genuine	no
D_0002106931	fake	0.000097	-9.2409	fake	yes
D_0002107015	fake	0.966929	-0.0336	genuine	no
D_0002107078	genuine	0.999993	-0.0000	genuine	yes
D_0002107099	fake	0.884927	-0.1223	genuine	no
D_0002107183	fake	0.807663	-0.2136	genuine	no
D_0002107204	fake	0.278723	-1.2775	fake	yes
D_0002107246	fake	0.981786	-0.0184	genuine	no
D_0002107309	fake	0.295050	-1.2206	fake	yes
D_0002107330	fake	0.166194	-1.7946	fake	yes
D_0002107372	fake	0.050285	-2.9900	fake	yes
D_0002107603	fake	0.095457	-2.3491	fake	yes
D_0002107855	fake	0.729689	-0.3151	genuine	no
D_0002107876	genuine	0.855647	-0.1559	genuine	yes
D_0002107918	fake	0.002679	-5.9223	fake	yes
D_0002108128	fake	0.002974	-5.8178	fake	yes
D_0002108233	fake	0.399394	-0.9178	fake	yes
D_0002108275	fake	0.325342	-1.1229	fake	yes
D_0002108674	fake	0.007366	-4.9109	fake	yes
D_0002108695	fake	0.189503	-1.6634	fake	yes
D_0002108737	fake	0.019296	-3.9478	fake	yes
D_0002108758	genuine	0.994859	-0.0052	genuine	yes
D_0002108779	fake	0.798232	-0.2254	genuine	no
D_0002108800	fake	0.986437	-0.0137	genuine	no
D_0002108905	fake	0.048818	-3.0197	fake	yes
D_0002109346	fake	0.678591	-0.3877	genuine	no
D_0002109367	fake	0.022896	-3.7768	fake	yes
D_0002109493	fake	0.008030	-4.8245	fake	yes
D_0002109829	fake	0.001699	-6.3780	fake	yes
D_0002109913	fake	0.001525	-6.4857	fake	yes
D_0002109997	fake	0.108630	-2.2198	fake	yes
D_0002110018	fake	0.983962	-0.0162	genuine	no
D_0002110039	fake	0.003022	-5.8020	fake	yes
D_0002110123	fake	0.017492	-4.0460	fake	yes
D_0002110144	fake	0.087461	-2.4366	fake	yes
D_0002110207	fake	0.671414	-0.3984	genuine	no
D_0002110249	fake	0.797516	-0.2263	genuine	no
D_0002110270	fake	0.768686	-0.2631	genuine	no
D_0002110375	fake	0.001670	-6.3946	fake	yes
D_0002110480	fake	0.722249	-0.3254	genuine	no
D_0002110669	genuine	0.999994	-0.0000	genuine	yes
D_0002110774	fake	0.012715	-4.3650	fake	yes
D_0002110984	genuine	0.999998	-0.0000	genuine	yes
D_0002111005	fake	0.913794	-0.0902	genuine	no
D_0002111026	genuine	0.998871	-0.0011	genuine	yes
D_0002111215	fake	0.030426	-3.4925	fake	yes
D_0002111320	fake	0.009651	-4.6407	fake	yes
D_0002111509	genuine	0.567180	-0.5671	genuine	yes
D_0002111530	fake	0.440291	-0.8203	fake	yes
D_0002111761	fake	0.299048	-1.2072	fake	yes
D_0002111782	fake	0.993701	-0.0063	genuine	no
D_0002111887	fake	0.070338	-2.6544	fake	yes
D_0002111971	fake	0.355962	-1.0329	fake	yes
D_0002112370	fake	0.993070	-0.0070	genuine	no
D_0002112412	fake	0.348886	-1.0530	fake	yes
D_0002112496	genuine	0.984268	-0.0159	genuine	yes
D_0002112559	fake	0.014118	-4.2603	fake	yes
D_0002112580	fake	0.568053	-0.5655	genuine	no
D_0002112622	genuine	0.119195	-2.1270	fake	no
D_0002112643	fake	0.453984	-0.7897	fake	yes
D_0002113042	fake	0.520435	-0.6531	genuine	no
D_0002113105	fake	0.000022	-10.7096	fake	yes
D_0002113231	genuine	0.987650	-0.0124	genuine	yes
D_0002113273	genuine	0.999984	-0.0000	genuine	yes
D_0002113336	genuine	0.000836	-7.0874	fake	no
D_0002113378	fake	0.000922	-6.9884	fake	yes
D_0002113525	fake	0.006811	-4.9892	fake	yes
D_0002113588	fake	0.107265	-2.2325	fake	yes
D_0002113651	fake	0.042270	-3.1637	fake	yes
D_0002113756	genuine	0.999550	-0.0005	genuine	yes
D_0002113777	fake	0.103523	-2.2680	fake	yes
D_0002113798	fake	0.214047	-1.5416	fake	yes
D_0002113945	genuine	0.999999	-0.0000	genuine	yes
D_0002113966	fake	0.019793	-3.9224	fake	yes
D_0002114008	fake	0.928112	-0.0746	genuine	no
D_0002114092	fake	0.046656	-3.0650	fake	yes
D_0002114134	fake	0.019269	-3.9493	fake	yes
D_0002114386	genuine	0.805234	-0.2166	genuine	yes
D_0002114470	fake	0.571035	-0.5603	genuine	no
D_0002114491	genuine	0.068078	-2.6871	fake	no
D_0002114533	fake	0.987794	-0.0123	genuine	no
D_0002114575	fake	0.104350	-2.2600	fake	yes
D_0002114659	fake	0.000100	-9.2072	fake	yes
D_0002114680	fake	0.511116	-0.6712	genuine	no
D_0002114785	genuine	0.999939	-0.0001	genuine	yes
D_0002115100	fake	0.004052	-5.5085	fake	yes
D_0002115142	fake	0.000885	-7.0298	fake	yes
D_0002115373	fake	0.394126	-0.9311	fake	yes
D_0002115394	fake	0.002433	-6.0187	fake	yes
D_0002115436	fake	0.004109	-5.4946	fake	yes
D_0002115625	fake	0.813766	-0.2061	genuine	no
D_0002115667	fake	0.007041	-4.9561	fake	yes
D_0002115835	fake	0.000236	-8.3498	fake	yes
D_0002115898	fake	0.001961	-6.2343	fake	yes
D_0002115919	genuine	0.973824	-0.0265	genuine	yes
D_0002115961	genuine	0.999995	-0.0000	genuine	yes
D_0002116129	fake	0.842221	-0.1717	genuine	no
D_0002116213	genuine	0.999755	-0.0002	genuine	yes
D_0002116234	fake	0.101827	-2.2845	fake	yes
D_0002116339	fake	0.788436	-0.2377	genuine	no
D_0002116444	fake	0.579184	-0.5461	genuine	no
D_0002116885	fake	0.077702	-2.5549	fake	yes
D_0002117074	genuine	0.999489	-0.0005	genuine	yes
D_0002117116	fake	0.028468	-3.5590	fake	yes
D_0002117263	genuine	0.243809	-1.4114	fake	no
D_0002117515	fake	0.411897	-0.8870	fake	yes
D_0002117725	genuine	0.984981	-0.0151	genuine	yes
D_0002117788	fake	0.013261	-4.3230	fake	yes
D_0002117851	genuine	0.681741	-0.3831	genuine	yes
D_0002117956	fake	0.113010	-2.1803	fake	yes
D_0002117977	fake	0.978151	-0.0221	genuine	no
D_0002117998	fake	0.788292	-0.2379	genuine	no
D_0002118082	fake	0.453165	-0.7915	fake	yes
D_0002118187	fake	0.882215	-0.1253	genuine	no
D_0002118397	fake	0.264896	-1.3284	fake	yes
D_0002118481	fake	0.252256	-1.3773	fake	yes
D_0002118502	fake	0.180168	-1.7139	fake	yes
D_0002118565	fake	0.318952	-1.1427	fake	yes
D_0002118796	fake	0.853131	-0.1588	genuine	no
D_0002118817	fake	0.426876	-0.8513	fake	yes
D_0002119153	genuine	0.985412	-0.0147	genuine	yes
D_0002119195	genuine	0.814060	-0.2057	genuine	yes
D_0002119321	fake	0.489575	-0.7142	fake	yes
D_0002119678	fake	0.162251	-1.8186	fake	yes
D_0002119741	genuine	0.550915	-0.5962	genuine	yes
D_0002119804	fake	0.002450	-6.0115	fake	yes
D_0002119846	fake	0.139049	-1.9729	fake	yes
D_0002119972	fake	0.010950	-4.5144	fake	yes
D_0002120266	fake	0.261700	-1.3406	fake	yes
D_0002120287	genuine	0.999898	-0.0001	genuine	yes
D_0002120371	fake	0.000343	-7.9783	fake	yes
D_0002120455	fake	0.257908	-1.3552	fake	yes
D_0002120581	fake	0.785393	-0.2416	genuine	no
D_0002120686	fake	0.001122	-6.7928	fake	yes
D_0002120728	fake	0.056383	-2.8756	fake	yes
D_0002120875	fake	0.130832	-2.0338	fake	yes
D_0002120896	fake	0.117374	-2.1424	fake	yes
D_0002120917	genuine	0.998834	-0.0012	genuine	yes
D_0002120938	fake	0.023025	-3.7712	fake	yes
D_0002120980	fake	0.152484	-1.8807	fake	yes
D_0002121106	fake	0.011304	-4.4826	fake	yes
D_0002121169	genuine	0.911641	-0.0925	genuine	yes
D_0002121295	fake	0.865177	-0.1448	genuine	no
D_0002121379	fake	0.812867	-0.2072	genuine	no
D_0002121526	fake	0.994554	-0.0055	genuine	no
D_0002121757	fake	0.020583	-3.8833	fake	yes
D_0002121820	fake	0.964755	-0.0359	genuine	no
D_0002121841	fake	0.107187	-2.2332	fake	yes
D_0002121904	fake	0.000011	-11.3751	fake	yes
D_0002122135	fake	0.877661	-0.1305	genuine	no
D_0002122366	fake	0.073380	-2.6121	fake	yes
D_0002122387	genuine	0.999584	-0.0004	genuine	yes
D_0002122618	fake	0.969019	-0.0315	genuine	no
D_0002122639	fake	0.003494	-5.6567	fake	yes
D_0002122912	fake	0.018787	-3.9746	fake	yes
D_0002123038	genuine	0.999860	-0.0001	genuine	yes
D_0002123227	fake	0.002155	-6.1398	fake	yes
D_0002123269	fake	0.949319	-0.0520	genuine	no
D_0002123311	fake	0.019534	-3.9356	fake	yes
D_0002123332	fake	0.001687	-6.3850	fake	yes
D_0002123353	fake	0.770964	-0.2601	genuine	no
D_0002123395	fake	0.047176	-3.0539	fake	yes
D_0002123437	fake	0.659298	-0.4166	genuine	no
D_0002123458	fake	0.568213	-0.5653	genuine	no
D_0002123668	fake	0.996523	-0.0035	genuine	no
D_0002123689	genuine	0.990340	-0.0097	genuine	yes
D_0002123878	genuine	1.000000	-0.0000	genuine	yes
D_0002124130	fake	0.430880	-0.8419	fake	yes
D_0002124676	genuine	0.291425	-1.2330	fake	no
D_0002124718	fake	0.002105	-6.1635	fake	yes
D_0002124760	fake	0.020687	-3.8782	fake	yes
D_0002124970	fake	0.478856	-0.7364	fake	yes
D_0002124991	fake	0.000227	-8.3924	fake	yes
D_0002125243	fake	0.004786	-5.3421	fake	yes
D_0002125264	fake	0.004602	-5.3813	fake	yes
D_0002125285	fake	0.016546	-4.1016	fake	yes
D_0002125327	fake	0.024708	-3.7006	fake	yes
D_0002125348	genuine	1.000000	-0.0000	genuine	yes
D_0002125411	fake	0.107418	-2.2310	fake	yes
D_0002125558	genuine	0.024664	-3.7024	fake	no
D_0002125579	fake	0.003699	-5.5996	fake	yes
D_0002125684	fake	0.074191	-2.6011	fake	yes
D_0002125747	fake	0.002812	-5.8740	fake	yes
D_0002125915	fake	0.008465	-4.7719	fake	yes
D_0002126062	fake	0.059513	-2.8216	fake	yes
D_0002126083	genuine	0.974781	-0.0255	genuine	yes
D_0002126272	fake	0.066865	-2.7051	fake	yes
D_0002126314	fake	0.075860	-2.5789	fake	yes
D_0002126335	genuine	1.000000	-0.0000	genuine	yes
D_0002126377	fake	0.999642	-0.0004	genuine	no
D_0002126461	fake	0.001177	-6.7448	fake	yes
D_0002126524	fake	0.013824	-4.2813	fake	yes
D_0002126587	fake	0.147962	-1.9108	fake	yes
D_0002126881	fake	0.000030	-10.4169	fake	yes
D_0002126923	fake	0.039435	-3.2331	fake	yes
D_0002127007	fake	0.004820	-5.3351	fake	yes
D_0002127280	fake	0.123390	-2.0924	fake	yes
D_0002127364	fake	0.191381	-1.6535	fake	yes
D_0002127490	fake	0.922652	-0.0805	genuine	no
D_0002127805	fake	0.286622	-1.2496	fake	yes
D_0002127952	fake	0.000706	-7.2558	fake	yes
D_0002128036	fake	0.069600	-2.6650	fake	yes
D_0002128519	genuine	0.999999	-0.0000	genuine	yes
D_0002128582	fake	0.013074	-4.3371	fake	yes
D_0002128708	fake	0.179458	-1.7178	fake	yes
D_0002128771	genuine	0.999999	-0.0000	genuine	yes
D_0002128876	fake	0.082107	-2.4997	fake	yes
D_0002128897	fake	0.131347	-2.0299	fake	yes
D_0002128981	fake	0.083236	-2.4861	fake	yes
D_0002129065	genuine	0.128726	-2.0501	fake	no
D_0002129128	fake	0.069785	-2.6623	fake	yes
D_0002129254	fake	0.218151	-1.5226	fake	yes
D_0002129275	genuine	0.938936	-0.0630	genuine	yes
D_0002129422	fake	0.065981	-2.7184	fake	yes
D_0002129527	genuine	0.999638	-0.0004	genuine	yes
D_0002129737	fake	0.478648	-0.7368	fake	yes
D_0002129926	genuine	0.024925	-3.6919	fake	no
D_0002130031	genuine	0.000274	-8.2030	fake	no
D_0002130073	genuine	0.999581	-0.0004	genuine	yes
D_0002130451	fake	0.039120	-3.2411	fake	yes
D_0002130598	genuine	0.059832	-2.8162	fake	no
D_0002130619	fake	0.393896	-0.9317	fake	yes
D_0002130703	fake	0.811309	-0.2091	genuine	no
D_0002130724	fake	0.005169	-5.2651	fake	yes
D_0002130745	fake	0.004378	-5.4312	fake	yes
D_0002130787	fake	0.004953	-5.3078	fake	yes
D_0002130934	fake	0.999397	-0.0006	genuine	no
D_0002131018	fake	0.038094	-3.2677	fake	yes
D_0002131186	fake	0.921936	-0.0813	genuine	no
D_0002131543	fake	0.715953	-0.3341	genuine	no
D_0002131648	fake	0.101425	-2.2884	fake	yes
D_0002131690	fake	0.990984	-0.0091	genuine	no
D_0002131837	genuine	0.999873	-0.0001	genuine	yes
D_0002131921	fake	0.419358	-0.8690	fake	yes
D_0002132026	fake	0.000007	-11.9303	fake	yes
D_0002132320	fake	0.061842	-2.7832	fake	yes
D_0002132572	fake	0.680806	-0.3845	genuine	no
D_0002132761	genuine	0.999292	-0.0007	genuine	yes
D_0002133076	fake	0.007807	-4.8528	fake	yes
D_0002133118	fake	0.002986	-5.8139	fake	yes
D_0002133349	fake	0.577540	-0.5490	genuine	no
D_0002133559	fake	0.344397	-1.0660	fake	yes
D_0002133685	genuine	0.999998	-0.0000	genuine	yes
D_0002133811	genuine	0.000003	-12.7314	fake	no
D_0002133979	fake	0.063251	-2.7606	fake	yes
D_0002134147	fake	0.000218	-8.4329	fake	yes
D_0002134273	fake	0.018000	-4.0174	fake	yes
D_0002134336	fake	0.004356	-5.4362	fake	yes
D_0002134378	fake	0.997768	-0.0022	genuine	no
D_0002134462	genuine	0.838129	-0.1766	genuine	yes
D_0002134588	fake	0.031499	-3.4578	fake	yes
D_0002134651	fake	0.962559	-0.0382	genuine	no
D_0002134672	fake	0.101718	-2.2855	fake	yes
D_0002134714	fake	0.008070	-4.8196	fake	yes
D_0002134735	fake	0.000241	-8.3320	fake	yes
D_0002134777	fake	0.106911	-2.2358	fake	yes
D_0002134819	fake	0.145281	-1.9291	fake	yes
D_0002134840	fake	0.142509	-1.9484	fake	yes
D_0002134966	fake	0.992417	-0.0076	genuine	no
D_0002135134	fake	0.637552	-0.4501	genuine	no
D_0002135155	genuine	0.999994	-0.0000	genuine	yes
D_0002135302	fake	0.000736	-7.2143	fake	yes
D_0002135344	fake	0.973249	-0.0271	genuine	no
D_0002135365	fake	0.839943	-0.1744	genuine	no
D_0002135428	fake	0.201219	-1.6034	fake	yes
D_0002135659	fake	0.032419	-3.4290	fake	yes
D_0002135680	fake	0.000204	-8.4992	fake	yes
D_0002135722	fake	0.004775	-5.3444	fake	yes
D_0002135764	fake	0.414384	-0.8810	fake	yes
D_0002135806	fake	0.791714	-0.2336	genuine	no
D_0002135827	genuine	0.999993	-0.0000	genuine	yes
D_0002135995	genuine	0.714689	-0.3359	genuine	yes
D_0002136016	genuine	0.999997	-0.0000	genuine	yes
D_0002136037	fake	0.002370	-6.0450	fake	yes
D_0002136058	genuine	0.995479	-0.0045	genuine	yes
D_0002136142	genuine	1.000000	-0.0000	genuine	yes
D_0002136226	fake	0.752722	-0.2841	genuine	no
D_0002136373	genuine	0.996162	-0.0038	genuine	yes
D_0002136415	fake	0.488281	-0.7169	fake	yes
D_0002136478	fake	0.071547	-2.6374	fake	yes
D_0002136667	genuine	0.995782	-0.0042	genuine	yes
D_0002136814	genuine	0.006678	-5.0090	fake	no
D_0002136919	fake	0.032229	-3.4349	fake	yes
D_0002137066	fake	0.293586	-1.2256	fake	yes
D_0002137171	genuine	0.999995	-0.0000	genuine	yes
D_0002137213	fake	0.996874	-0.0031	genuine	no
D_0002137297	fake	0.956052	-0.0449	genuine	no
D_0002137318	fake	0.009117	-4.6976	fake	yes
D_0002137423	fake	0.000538	-7.5280	fake	yes
D_0002137507	fake	0.065285	-2.7290	fake	yes
D_0002137591	genuine	0.999994	-0.0000	genuine	yes
D_0002137675	fake	0.042949	-3.1477	fake	yes
D_0002137696	fake	0.000490	-7.6209	fake	yes
D_0002137759	fake	0.453601	-0.7905	fake	yes
D_0002138137	fake	0.000094	-9.2728	fake	yes
D_0002138200	fake	0.879461	-0.1284	genuine	no
D_0002138284	fake	0.001093	-6.8188	fake	yes
D_0002138326	fake	0.056901	-2.8664	fake	yes
D_0002138494	fake	0.057955	-2.8481	fake	yes
D_0002138767	fake	0.083597	-2.4818	fake	yes
D_0002138998	fake	0.011189	-4.4929	fake	yes
D_0002139082	fake	0.283623	-1.2601	fake	yes
D_0002139124	genuine	0.999958	-0.0000	genuine	yes
D_0002139145	fake	0.006171	-5.0879	fake	yes
D_0002139166	fake	0.411156	-0.8888	fake	yes
D_0002139229	fake	0.000001	-13.7985	fake	yes
D_0002139250	fake	0.000847	-7.0741	fake	yes
D_0002139313	fake	0.223523	-1.4982	fake	yes
D_0002139523	fake	0.014054	-4.2648	fake	yes
D_0002139964	fake	0.212046	-1.5510	fake	yes
D_0002140027	fake	0.339068	-1.0816	fake	yes
D_0002140216	genuine	0.997732	-0.0023	genuine	yes
D_0002140237	fake	0.000032	-10.3612	fake	yes
D_0002140930	fake	0.126568	-2.0670	fake	yes
D_0002140951	genuine	0.231954	-1.4612	fake	no
D_0002141245	fake	0.492671	-0.7079	fake	yes
D_0002141287	fake	0.002007	-6.2111	fake	yes
D_0002141476	genuine	1.000000	-0.0000	genuine	yes
D_0002141497	fake	0.868591	-0.1409	genuine	no
D_0002141518	genuine	0.940225	-0.0616	genuine	yes
D_0002141560	fake	0.533205	-0.6288	genuine	no
D_0002141728	fake	0.999320	-0.0007	genuine	no
D_0002141917	fake	0.004244	-5.4623	fake	yes
D_0002141938	fake	0.072678	-2.6217	fake	yes
D_0002142085	fake	0.645811	-0.4372	genuine	no
D_0002142106	fake	0.931217	-0.0713	genuine	no
D_0002142169	fake	0.030332	-3.4956	fake	yes
D_0002142190	fake	0.012093	-4.4152	fake	yes
D_0002142379	fake	0.000948	-6.9613	fake	yes
D_0002142421	fake	0.030531	-3.4890	fake	yes
D_0002142484	fake	0.013936	-4.2732	fake	yes
D_0002142505	genuine	0.745105	-0.2942	genuine	yes
D_0002142820	fake	0.226243	-1.4861	fake	yes
D_0002143324	genuine	0.999501	-0.0005	genuine	yes
D_0002143345	fake	0.588452	-0.5303	genuine	no
D_0002143387	fake	0.810485	-0.2101	genuine	no
D_0002143450	fake	0.529467	-0.6359	genuine	no
D_0002143723	fake	0.179231	-1.7191	fake	yes
D_0002143786	fake	0.985913	-0.0142	genuine	no
D_0002143807	fake	0.945035	-0.0565	genuine	no
D_0002143954	fake	0.659521	-0.4162	genuine	no
D_0002144017	fake	0.456590	-0.7840	fake	yes
D_0002144059	fake	0.000803	-7.1274	fake	yes
D_0002144563	genuine	0.114725	-2.1652	fake	no
D_0002144605	fake	0.732225	-0.3117	genuine	no
D_0002144626	fake	0.998878	-0.0011	genuine	no
D_0002144731	fake	0.042286	-3.1633	fake	yes
D_0002144941	genuine	0.999986	-0.0000	genuine	yes
D_0002145025	fake	0.989701	-0.0104	genuine	no
D_0002145046	fake	0.993956	-0.0061	genuine	no
D_0002145256	genuine	0.793847	-0.2309	genuine	yes
D_0002145592	genuine	0.082221	-2.4983	fake	no
D_0002145634	genuine	0.000418	-7.7808	fake	no
D_0002145718	fake	0.990317	-0.0097	genuine	no
D_0002145886	genuine	0.360652	-1.0198	fake	no
D_0002145991	fake	0.000119	-9.0397	fake	yes
D_0002146075	fake	0.351236	-1.0463	fake	yes
D_0002146096	fake	0.019189	-3.9534	fake	yes
D_0002146117	genuine	0.999942	-0.0001	genuine	yes
D_0002146159	fake	0.837576	-0.1772	genuine	no
D_0002146180	genuine	0.999917	-0.0001	genuine	yes
D_0002146201	fake	0.371041	-0.9914	fake	yes
D_0002146264	fake	0.936909	-0.0652	genuine	no
D_0002146285	fake	0.339814	-1.0794	fake	yes
D_0002146411	fake	0.958774	-0.0421	genuine	no
D_0002146516	fake	0.104537	-2.2582	fake	yes
D_0002146537	fake	0.236398	-1.4422	fake	yes
D_0002146600	fake	0.002536	-5.9771	fake	yes
D_0002146705	fake	0.978262	-0.0220	genuine	no
D_0002146915	fake	0.371303	-0.9907	fake	yes
D_0002146957	fake	0.327457	-1.1164	fake	yes
D_0002147020	fake	0.173023	-1.7543	fake	yes
D_0002147062	fake	0.969174	-0.0313	genuine	no
D_0002147125	fake	0.007645	-4.8737	fake	yes
D_0002147293	fake	0.949728	-0.0516	genuine	no
D_0002147461	genuine	0.996967	-0.0030	genuine	yes
D_0002147545	fake	0.728264	-0.3171	genuine	no
D_0002147608	fake	0.392357	-0.9356	fake	yes
D_0002147629	fake	0.578591	-0.5472	genuine	no
D_0002147713	fake	0.010133	-4.5920	fake	yes
D_0002147755	fake	0.006702	-5.0054	fake	yes
D_0002147818	fake	0.181564	-1.7061	fake	yes
D_0002147965	genuine	0.999993	-0.0000	genuine	yes
D_0002148049	fake	0.009482	-4.6584	fake	yes
D_0002148175	genuine	0.997728	-0.0023	genuine	yes
D_0002148196	fake	0.000031	-10.3822	fake	yes
D_0002148343	fake	0.000027	-10.5360	fake	yes
D_0002148448	fake	0.139505	-1.9697	fake	yes
D_0002148469	fake	0.010271	-4.5784	fake	yes
D_0002148637	fake	0.048247	-3.0314	fake	yes
D_0002148910	genuine	0.994817	-0.0052	genuine	yes
D_0002148994	fake	0.129086	-2.0473	fake	yes
D_0002149015	fake	0.010807	-4.5276	fake	yes
D_0002149120	fake	0.000292	-8.1392	fake	yes
D_0002149162	fake	0.000848	-7.0723	fake	yes
D_0002149309	fake	0.000030	-10.4215	fake	yes
D_0002149393	genuine	1.000000	-0.0000	genuine	yes
D_0002149477	fake	0.002542	-5.9749	fake	yes
D_0002149750	fake	0.289218	-1.2406	fake	yes
D_0002149897	genuine	0.999292	-0.0007	genuine	yes
D_0002149960	fake	0.998527	-0.0015	genuine	no
D_0002150254	genuine	0.729318	-0.3156	genuine	yes
D_0002150296	fake	0.000006	-11.9609	fake	yes
D_0002150569	fake	0.232757	-1.4578	fake	yes
D_0002150632	genuine	0.999999	-0.0000	genuine	yes
D_0002150716	genuine	0.999973	-0.0000	genuine	yes
D_0002150779	genuine	0.999028	-0.0010	genuine	yes
D_0002150905	fake	0.141012	-1.9589	fake	yes
D_0002151073	genuine	0.659041	-0.4170	genuine	yes
D_0002151115	fake	0.971101	-0.0293	genuine	no
D_0002151220	fake	0.006169	-5.0882	fake	yes
D_0002151430	fake	0.089608	-2.4123	fake	yes
D_0002151472	fake	0.557057	-0.5851	genuine	no
D_0002151493	genuine	0.999992	-0.0000	genuine	yes
D_0002151598	genuine	0.457312	-0.7824	fake	no
D_0002151682	fake	0.808725	-0.2123	genuine	no
D_0002151871	fake	0.010388	-4.5671	fake	yes
D_0002151913	fake	0.012641	-4.3708	fake	yes
D_0002152165	fake	0.002123	-6.1549	fake	yes
D_0002152291	fake	0.882460	-0.1250	genuine	no
D_0002152312	fake	0.098721	-2.3155	fake	yes
D_0002152543	genuine	0.999992	-0.0000	genuine	yes
D_0002152606	genuine	0.999996	-0.0000	genuine	yes
D_0002152711	fake	0.999611	-0.0004	genuine	no
D_0002152753	fake	0.231251	-1.4643	fake	yes
D_0002152795	fake	0.087800	-2.4327	fake	yes
D_0002152858	fake	0.000166	-8.7063	fake	yes
D_0002152963	fake	0.098636	-2.3163	fake	yes
D_0002153152	fake	0.004297	-5.4499	fake	yes
D_0002153173	fake	0.001236	-6.6959	fake	yes
D_0002153341	fake	0.396006	-0.9263	fake	yes
D_0002153425	genuine	0.006139	-5.0931	fake	no
D_0002153509	fake	0.079321	-2.5343	fake	yes
D_0002153551	genuine	0.999999	-0.0000	genuine	yes
D_0002153677	fake	0.122063	-2.1032	fake	yes
D_0002153740	fake	0.973275	-0.0271	genuine	no
D_0002153782	fake	0.846901	-0.1662	genuine	no
D_0002153824	fake	0.006736	-5.0003	fake	yes
D_0002153950	fake	0.460725	-0.7750	fake	yes
D_0002154181	fake	0.134323	-2.0075	fake	yes
D_0002154349	fake	0.999777	-0.0002	genuine	no
D_0002154433	fake	0.033319	-3.4016	fake	yes
D_0002154517	fake	0.082379	-2.4964	fake	yes
D_0002154580	fake	0.089723	-2.4110	fake	yes
D_0002154622	genuine	0.999967	-0.0000	genuine	yes
D_0002154664	fake	0.009961	-4.6091	fake	yes
D_0002154685	fake	0.019039	-3.9613	fake	yes
D_0002154916	genuine	0.996911	-0.0031	genuine	yes
D_0002155042	genuine	0.999974	-0.0000	genuine	yes
D_0002155105	genuine	0.999999	-0.0000	genuine	yes
D_0002155126	fake	0.039595	-3.2291	fake	yes
D_0002155231	fake	0.959101	-0.0418	genuine	no
D_0002155546	fake	0.000049	-9.9150	fake	yes
D_0002155588	genuine	0.999969	-0.0000	genuine	yes
D_0002155609	fake	0.706293	-0.3477	genuine	no
D_0002155651	genuine	0.999947	-0.0001	genuine	yes
D_0002155777	genuine	0.999882	-0.0001	genuine	yes
D_0002155966	fake	0.248873	-1.3908	fake	yes
D_0002155987	fake	0.663289	-0.4105	genuine	no
D_0002156071	fake	0.223389	-1.4988	fake	yes
D_0002156239	fake	0.387704	-0.9475	fake	yes
D_0002156743	fake	0.207807	-1.5711	fake	yes
D_0002156848	fake	0.648167	-0.4336	genuine	no
D_0002156869	fake	0.246035	-1.4023	fake	yes
D_0002156890	fake	0.019813	-3.9214	fake	yes
D_0002156911	fake	0.998407	-0.0016	genuine	no
D_0002157079	fake	0.751966	-0.2851	genuine	no
D_0002157289	fake	0.437227	-0.8273	fake	yes
D_0002157415	genuine	1.000000	-0.0000	genuine	yes
D_0002157436	fake	0.954362	-0.0467	genuine	no
D_0002157667	fake	0.004701	-5.3600	fake	yes
D_0002157772	fake	0.978952	-0.0213	genuine	no
D_0002157814	fake	0.100250	-2.3001	fake	yes
D_0002157856	genuine	0.999545	-0.0005	genuine	yes
D_0002157982	fake	0.578287	-0.5477	genuine	no
D_0002158087	fake	0.861893	-0.1486	genuine	no
D_0002158171	fake	0.000072	-9.5412	fake	yes
D_0002158234	fake	0.006315	-5.0648	fake	yes
D_0002158276	genuine	0.997727	-0.0023	genuine	yes
D_0002158360	fake	0.476439	-0.7414	fake	yes
D_0002158507	fake	0.000772	-7.1668	fake	yes
D_0002158612	fake	0.022527	-3.7930	fake	yes
D_0002159011	genuine	0.999416	-0.0006	genuine	yes
D_0002159053	genuine	0.551199	-0.5957	genuine	yes
D_0002159158	fake	0.035505	-3.3381	fake	yes
D_0002159305	fake	0.002384	-6.0391	fake	yes
D_0002159347	genuine	0.999970	-0.0000	genuine	yes
D_0002159473	fake	0.038937	-3.2458	fake	yes
D_0002159683	fake	0.997888	-0.0021	genuine	no
D_0002159767	fake	0.447239	-0.8047	fake	yes
D_0002159788	fake	0.066726	-2.7072	fake	yes
D_0002159872	fake	0.006193	-5.0843	fake	yes
D_0002159893	fake	0.404546	-0.9050	fake	yes
D_0002160019	fake	0.346454	-1.0600	fake	yes
D_0002160166	fake	0.001960	-6.2348	fake	yes
D_0002160229	fake	0.030199	-3.4999	fake	yes
D_0002160481	fake	0.803203	-0.2191	genuine	no
D_0002160817	fake	0.030882	-3.4776	fake	yes
D_0002160838	fake	0.000858	-7.0604	fake	yes
D_0002160880	fake	0.205407	-1.5828	fake	yes
D_0002161006	fake	0.000144	-8.8486	fake	yes
D_0002161111	fake	0.451278	-0.7957	fake	yes
D_0002161132	fake	0.014093	-4.2621	fake	yes
D_0002161174	fake	0.951197	-0.0500	genuine	no
D_0002161300	fake	0.003956	-5.5326	fake	yes
D_0002161489	genuine	0.999689	-0.0003	genuine	yes
D_0002161510	fake	0.247738	-1.3954	fake	yes
D_0002161573	fake	0.016846	-4.0836	fake	yes
D_0002161699	fake	0.005558	-5.1926	fake	yes
D_0002161741	fake	0.926017	-0.0769	genuine	no
D_0002161783	fake	0.002220	-6.1103	fake	yes
D_0002161867	fake	0.408620	-0.8950	fake	yes
D_0002161888	genuine	0.710657	-0.3416	genuine	yes
D_0002161972	fake	0.033303	-3.4021	fake	yes
D_0002162203	fake	0.011645	-4.4529	fake	yes
D_0002162245	fake	0.001948	-6.2411	fake	yes
D_0002162266	fake	0.589200	-0.5290	genuine	no
D_0002162476	fake	0.039359	-3.2350	fake	yes
D_0002162560	fake	0.616363	-0.4839	genuine	no
D_0002162581	fake	0.158192	-1.8439	fake	yes
D_0002162665	fake	0.457933	-0.7810	fake	yes
D_0002162728	fake	0.088931	-2.4199	fake	yes
D_0002162770	fake	0.128980	-2.0481	fake	yes
D_0002163022	fake	0.999808	-0.0002	genuine	no
D_0002163064	fake	0.998517	-0.0015	genuine	no
D_0002163190	fake	0.001009	-6.8987	fake	yes
D_0002163295	fake	0.034878	-3.3559	fake	yes
D_0002163379	fake	0.049372	-3.0084	fake	yes
D_0002163526	fake	0.616929	-0.4830	genuine	no
D_0002163589	genuine	0.999614	-0.0004	genuine	yes
D_0002163715	fake	0.860272	-0.1505	genuine	no
D_0002163736	fake	0.996802	-0.0032	genuine	no
D_0002163757	fake	0.036369	-3.3141	fake	yes
D_0002163778	fake	0.329711	-1.1095	fake	yes
D_0002164009	genuine	0.000463	-7.6785	fake	no
D_0002164072	fake	0.441088	-0.8185	fake	yes
D_0002164093	fake	0.535034	-0.6254	genuine	no
D_0002164177	fake	0.106671	-2.2380	fake	yes
D_0002164303	genuine	0.999992	-0.0000	genuine	yes
D_0002164408	fake	0.109415	-2.2126	fake	yes
D_0002164429	fake	0.094576	-2.3584	fake	yes
D_0002164513	fake	0.001165	-6.7551	fake	yes
D_0002164681	genuine	0.970779	-0.0297	genuine	yes
D_0002164765	fake	0.035876	-3.3277	fake	yes
D_0002164912	fake	0.031375	-3.4617	fake	yes
D_0002164954	fake	0.157881	-1.8459	fake	yes
D_0002165017	fake	0.263860	-1.3323	fake	yes
D_0002165164	genuine	0.999544	-0.0005	genuine	yes
D_0002165185	genuine	0.708351	-0.3448	genuine	yes
D_0002165311	fake	0.993638	-0.0064	genuine	no
D_0002165374	fake	0.001763	-6.3409	fake	yes
D_0002165437	genuine	0.999629	-0.0004	genuine	yes
D_0002165563	fake	0.025591	-3.6655	fake	yes
D_0002165584	fake	0.304597	-1.1888	fake	yes
D_0002165878	fake	0.313660	-1.1594	fake	yes
D_0002166193	fake	0.201971	-1.5996	fake	yes
D_0002166382	fake	0.004476	-5.4090	fake	yes
D_0002166592	fake	0.137345	-1.9853	fake	yes
D_0002166634	fake	0.000242	-8.3258	fake	yes
D_0002166676	fake	0.116882	-2.1466	fake	yes
D_0002166718	fake	0.051483	-2.9665	fake	yes
D_0002166739	fake	0.378785	-0.9708	fake	yes
D_0002166823	genuine	0.979823	-0.0204	genuine	yes
D_0002167012	genuine	0.045189	-3.0969	fake	no
D_0002167201	genuine	0.999636	-0.0004	genuine	yes
D_0002167222	fake	0.013749	-4.2868	fake	yes
D_0002167243	fake	0.438575	-0.8242	fake	yes
D_0002167264	fake	0.049027	-3.0154	fake	yes
D_0002167516	fake	0.093503	-2.3698	fake	yes
D_0002167684	fake	0.989125	-0.0109	genuine	no
D_0002167873	fake	0.000002	-13.3787	fake	yes
D_0002167978	fake	0.357847	-1.0277	fake	yes
D_0002168041	fake	0.099851	-2.3041	fake	yes
D_0002168272	fake	0.013516	-4.3039	fake	yes
D_0002168314	fake	0.527351	-0.6399	genuine	no
D_0002168377	fake	0.093775	-2.3669	fake	yes
D_0002168440	fake	0.977885	-0.0224	genuine	no
D_0002168545	fake	0.017773	-4.0301	fake	yes
D_0002168797	fake	0.031269	-3.4651	fake	yes
D_0002168839	genuine	0.231480	-1.4633	fake	no
D_0002168860	fake	0.761700	-0.2722	genuine	no
D_0002169217	fake	0.256913	-1.3590	fake	yes
D_0002169259	fake	0.696049	-0.3623	genuine	no
D_0002169280	fake	0.000528	-7.5464	fake	yes
D_0002169364	fake	0.475808	-0.7427	fake	yes
D_0002169448	genuine	0.000444	-7.7195	fake	no
D_0002169511	fake	0.992811	-0.0072	genuine	no
D_0002169637	fake	0.335818	-1.0912	fake	yes
D_0002169784	fake	0.127158	-2.0623	fake	yes
D_0002169805	fake	0.000064	-9.6553	fake	yes
D_0002170015	fake	0.004636	-5.3739	fake	yes
D_0002170120	fake	0.990574	-0.0095	genuine	no
D_0002170162	fake	0.211900	-1.5516	fake	yes
D_0002170288	fake	0.482855	-0.7280	fake	yes
D_0002170750	fake	0.153727	-1.8726	fake	yes
D_0002170771	fake	0.073961	-2.6042	fake	yes
D_0002170855	fake	0.439202	-0.8228	fake	yes
D_0002170897	fake	0.816979	-0.2021	genuine	no
D_0002171002	fake	0.164881	-1.8025	fake	yes
D_0002171086	fake	0.415296	-0.8788	fake	yes
D_0002171212	fake	0.405917	-0.9016	fake	yes
D_0002171443	fake	0.271317	-1.3045	fake	yes
D_0002171590	genuine	0.999668	-0.0003	genuine	yes
D_0002171716	fake	0.595085	-0.5191	genuine	no
D_0002171737	genuine	0.999950	-0.0001	genuine	yes
D_0002171800	genuine	0.999987	-0.0000	genuine	yes
D_0002171905	fake	0.103938	-2.2640	fake	yes
D_0002172136	genuine	0.999823	-0.0002	genuine	yes
D_0002172220	fake	0.481952	-0.7299	fake	yes
D_0002172325	fake	0.014813	-4.2122	fake	yes
D_0002172577	genuine	1.000000	-0.0000	genuine	yes
D_0002172619	fake	0.366042	-1.0050	fake	yes
D_0002172703	fake	0.110603	-2.2018	fake	yes
D_0002172829	fake	0.018349	-3.9982	fake	yes
D_0002172913	fake	0.019338	-3.9457	fake	yes
D_0002173081	genuine	0.999999	-0.0000	genuine	yes
D_0002173102	fake	0.282848	-1.2628	fake	yes
D_0002173186	fake	0.002236	-6.1029	fake	yes
D_0002173249	fake	0.977545	-0.0227	genuine	no
D_0002173291	fake	0.031462	-3.4590	fake	yes
D_0002173585	fake	0.033869	-3.3853	fake	yes
D_0002173900	fake	0.074781	-2.5932	fake	yes
D_0002173963	fake	0.999184	-0.0008	genuine	no
D_0002174068	fake	0.017297	-4.0572	fake	yes
D_0002174131	fake	0.486157	-0.7212	fake	yes
D_0002174194	fake	0.651741	-0.4281	genuine	no
D_0002174341	fake	0.764670	-0.2683	genuine	no
D_0002174362	fake	0.061163	-2.7942	fake	yes
D_0002174551	fake	0.740962	-0.2998	genuine	no
D_0002174572	fake	0.379947	-0.9677	fake	yes
D_0002174614	fake	0.161888	-1.8208	fake	yes
D_0002174740	fake	0.902051	-0.1031	genuine	no
D_0002174782	genuine	0.069403	-2.6678	fake	no
D_0002174845	genuine	0.999999	-0.0000	genuine	yes
D_0002174866	fake	0.443848	-0.8123	fake	yes
D_0002175097	genuine	0.983417	-0.0167	genuine	yes
D_0002175223	fake	0.002770	-5.8891	fake	yes
D_0002175601	fake	0.258560	-1.3526	fake	yes
D_0002175769	fake	0.544149	-0.6085	genuine	no
D_0002175916	genuine	0.999995	-0.0000	genuine	yes
D_0002176084	fake	0.998558	-0.0014	genuine	no
D_0002176336	fake	0.920512	-0.0828	genuine	no
D_0002176420	fake	0.049615	-3.0035	fake	yes
D_0002176504	fake	0.215822	-1.5333	fake	yes
D_0002176588	fake	0.100550	-2.2971	fake	yes
D_0002176714	fake	0.175997	-1.7373	fake	yes
D_0002176903	fake	0.996325	-0.0037	genuine	no
D_0002176987	genuine	0.999825	-0.0002	genuine	yes
D_0002177176	fake	0.399864	-0.9166	fake	yes
D_0002177491	fake	0.226466	-1.4852	fake	yes
D_0002177575	genuine	0.000891	-7.0234	fake	no
D_0002177659	fake	0.869525	-0.1398	genuine	no
D_0002177722	fake	0.103554	-2.2677	fake	yes
D_0002177869	fake	0.000515	-7.5716	fake	yes
D_0002177995	fake	0.009767	-4.6288	fake	yes
D_0002178016	genuine	0.000411	-7.7964	fake	no
D_0002178079	genuine	0.999813	-0.0002	genuine	yes
D_0002178352	fake	0.904552	-0.1003	genuine	no
D_0002178394	fake	0.882241	-0.1253	genuine	no
D_0002178436	fake	0.001378	-6.5870	fake	yes
D_0002178583	fake	0.026475	-3.6316	fake	yes
D_0002178604	genuine	0.999613	-0.0004	genuine	yes
D_0002178730	fake	0.005856	-5.1402	fake	yes
D_0002178919	fake	0.011750	-4.4439	fake	yes
D_0002178982	fake	0.017901	-4.0229	fake	yes
D_0002179192	fake	0.005216	-5.2559	fake	yes
D_0002179276	genuine	0.997262	-0.0027	genuine	yes
D_0002179444	fake	0.005911	-5.1309	fake	yes
D_0002179528	genuine	0.999928	-0.0001	genuine	yes
D_0002179675	genuine	0.973718	-0.0266	genuine	yes
D_0002179717	fake	0.008240	-4.7988	fake	yes
D_0002179738	fake	0.944663	-0.0569	genuine	no
D_0002179801	genuine	0.975393	-0.0249	genuine	yes
D_0002179885	fake	0.000331	-8.0143	fake	yes
D_0002179927	fake	0.130378	-2.0373	fake	yes
D_0002179990	fake	0.910558	-0.0937	genuine	no
D_0002180200	fake	0.000005	-12.3029	fake	yes
D_0002180305	fake	0.435421	-0.8314	fake	yes
D_0002180578	fake	0.132681	-2.0198	fake	yes
D_0002180599	fake	0.001022	-6.8857	fake	yes
D_0002180830	fake	0.316301	-1.1511	fake	yes
D_0002181040	fake	0.251612	-1.3799	fake	yes
D_0002181082	fake	0.764255	-0.2689	genuine	no
D_0002181271	fake	0.143699	-1.9400	fake	yes
D_0002181313	fake	0.000199	-8.5207	fake	yes
D_0002181691	fake	0.984386	-0.0157	genuine	no
D_0002181880	genuine	0.996009	-0.0040	genuine	yes
D_0002182048	fake	0.002536	-5.9771	fake	yes
D_0002182090	fake	0.042313	-3.1627	fake	yes
D_0002182111	fake	0.069118	-2.6719	fake	yes
D_0002182384	genuine	0.990991	-0.0091	genuine	yes
D_0002182426	fake	0.186961	-1.6769	fake	yes
D_0002182573	fake	0.066734	-2.7070	fake	yes
D_0002182594	fake	0.153823	-1.8720	fake	yes
D_0002182657	fake	0.495206	-0.7028	fake	yes
D_0002182825	fake	0.639500	-0.4471	genuine	no
D_0002182846	fake	0.004008	-5.5194	fake	yes
D_0002183203	fake	0.114965	-2.1631	fake	yes
D_0002183329	genuine	0.647158	-0.4352	genuine	yes
D_0002183434	fake	0.000196	-8.5376	fake	yes
D_0002183476	fake	0.038418	-3.2592	fake	yes
D_0002183539	fake	0.980614	-0.0196	genuine	no
D_0002183644	fake	0.099338	-2.3092	fake	yes
D_0002183665	fake	0.117917	-2.1378	fake	yes
D_0002183896	fake	0.730214	-0.3144	genuine	no
D_0002183917	fake	0.993102	-0.0069	genuine	no
D_0002184043	fake	0.992693	-0.0073	genuine	no
D_0002184148	fake	0.926982	-0.0758	genuine	no
D_0002184190	fake	0.553693	-0.5911	genuine	no
D_0002184463	genuine	0.999999	-0.0000	genuine	yes
D_0002184610	fake	0.910288	-0.0940	genuine	no
D_0002184652	fake	0.162706	-1.8158	fake	yes
D_0002184673	fake	0.352717	-1.0421	fake	yes
D_0002184694	fake	0.000482	-7.6380	fake	yes
D_0002185114	fake	0.255984	-1.3626	fake	yes
D_0002185198	fake	0.782569	-0.2452	genuine	no
D_0002185261	fake	0.437848	-0.8259	fake	yes
D_0002185366	fake	0.003597	-5.6276	fake	yes
D_0002185534	genuine	0.999998	-0.0000	genuine	yes
D_0002185597	fake	0.025511	-3.6686	fake	yes
D_0002185660	fake	0.989381	-0.0107	genuine	no
D_0002185702	genuine	0.497496	-0.6982	fake	no
D_0002185912	fake	0.049749	-3.0008	fake	yes
D_0002185975	fake	0.002056	-6.1872	fake	yes
D_0002185996	fake	0.741255	-0.2994	genuine	no
D_0002186122	fake	0.804525	-0.2175	genuine	no
D_0002186143	fake	0.001447	-6.5385	fake	yes
D_0002186374	fake	0.036021	-3.3236	fake	yes
D_0002186521	fake	0.006532	-5.0311	fake	yes
D_0002186920	genuine	1.000000	-0.0000	genuine	yes
D_0002186962	fake	0.001800	-6.3199	fake	yes
D_0002187025	fake	0.050747	-2.9809	fake	yes
D_0002187088	fake	0.002772	-5.8882	fake	yes
D_0002187109	fake	0.846874	-0.1662	genuine	no
D_0002187193	fake	0.035787	-3.3302	fake	yes
D_0002187277	fake	0.942228	-0.0595	genuine	no
D_0002187529	fake	0.997873	-0.0021	genuine	no
D_0002187865	genuine	0.999996	-0.0000	genuine	yes
D_0002187970	fake	0.937929	-0.0641	genuine	no
D_0002188117	fake	0.000950	-6.9593	fake	yes
D_0002188285	fake	0.375940	-0.9783	fake	yes
D_0002188432	fake	0.139991	-1.9662	fake	yes
D_0002188474	genuine	0.999994	-0.0000	genuine	yes
D_0002188495	genuine	0.957158	-0.0438	genuine	yes
D_0002189293	genuine	0.987415	-0.0127	genuine	yes
D_0002189461	fake	0.029603	-3.5199	fake	yes
D_0002189797	genuine	0.000137	-8.8974	fake	no
D_0002189923	fake	0.434064	-0.8346	fake	yes
D_0002190553	fake	0.018062	-4.0139	fake	yes
D_0002190595	genuine	0.998018	-0.0020	genuine	yes
D_0002190616	genuine	0.997131	-0.0029	genuine	yes
D_0002190721	fake	0.007072	-4.9515	fake	yes
D_0002190763	genuine	0.007776	-4.8568	fake	no
D_0002191057	fake	0.179411	-1.7181	fake	yes
D_0002191309	fake	0.958889	-0.0420	genuine	no
D_0002191351	fake	0.227543	-1.4804	fake	yes
D_0002191414	genuine	0.999999	-0.0000	genuine	yes
D_0002191435	fake	0.312318	-1.1637	fake	yes
D_0002191561	fake	0.088018	-2.4302	fake	yes
D_0002191708	fake	0.991945	-0.0081	genuine	no
D_0002191750	fake	0.998654	-0.0013	genuine	no
D_0002191771	fake	0.005141	-5.2705	fake	yes
D_0002191834	fake	0.000317	-8.0551	fake	yes
D_0002191897	genuine	0.999994	-0.0000	genuine	yes
D_0002191960	genuine	0.521697	-0.6507	genuine	yes
D_0002192086	fake	0.984074	-0.0161	genuine	no
D_0002192107	fake	0.009744	-4.6311	fake	yes
D_0002192149	genuine	0.999814	-0.0002	genuine	yes
D_0002192191	fake	0.546727	-0.6038	genuine	no
D_0002192485	genuine	0.999996	-0.0000	genuine	yes
D_0002192590	genuine	0.999991	-0.0000	genuine	yes
D_0002192611	fake	0.900240	-0.1051	genuine	no
D_0002192695	fake	0.743580	-0.2963	genuine	no
D_0002192800	genuine	0.984687	-0.0154	genuine	yes
D_0002192863	fake	0.999025	-0.0010	genuine	no
D_0002192947	fake	0.995040	-0.0050	genuine	no
D_0002193199	fake	0.004901	-5.3183	fake	yes
D_0002193241	genuine	0.982196	-0.0180	genuine	yes
D_0002193262	genuine	0.783582	-0.2439	genuine	yes
D_0002193283	fake	0.008404	-4.7790	fake	yes
D_0002193346	fake	0.064890	-2.7351	fake	yes
D_0002193577	fake	0.053701	-2.9243	fake	yes
D_0002193640	fake	0.034424	-3.3690	fake	yes
D_0002193745	genuine	0.015388	-4.1742	fake	no
D_0002193766	fake	0.001887	-6.2726	fake	yes
D_0002194081	fake	0.023214	-3.7630	fake	yes
D_0002194165	fake	0.002058	-6.1862	fake	yes
D_0002194249	fake	0.152702	-1.8793	fake	yes
D_0002194501	fake	0.001426	-6.5528	fake	yes
D_0002194606	fake	0.254833	-1.3671	fake	yes
D_0002194711	fake	0.725856	-0.3204	genuine	no
D_0002194774	fake	0.278875	-1.2770	fake	yes
D_0002194816	fake	0.010960	-4.5135	fake	yes
D_0002194921	genuine	0.999985	-0.0000	genuine	yes
D_0002195068	fake	0.725010	-0.3216	genuine	no
D_0002195089	fake	0.343002	-1.0700	fake	yes
D_0002195173	fake	0.160430	-1.8299	fake	yes
D_0002195446	fake	0.000361	-7.9278	fake	yes
D_0002195635	genuine	0.999966	-0.0000	genuine	yes
D_0002195677	fake	0.003245	-5.7307	fake	yes
D_0002195719	fake	0.014737	-4.2174	fake	yes
D_0002195782	fake	0.941937	-0.0598	genuine	no
D_0002195845	fake	0.029097	-3.5371	fake	yes
D_0002196034	fake	0.057217	-2.8609	fake	yes
D_0002196055	fake	0.905023	-0.0998	genuine	no
D_0002196139	fake	0.340893	-1.0762	fake	yes
D_0002196307	fake	0.942592	-0.0591	genuine	no
D_0002196580	fake	0.039767	-3.2247	fake	yes
D_0002196727	fake	0.996833	-0.0032	genuine	no
D_0002196979	fake	0.870669	-0.1385	genuine	no
D_0002197168	fake	0.001069	-6.8409	fake	yes
D_0002197189	genuine	0.996187	-0.0038	genuine	yes
D_0002197378	genuine	0.132079	-2.0244	fake	no
D_0002197483	fake	0.020366	-3.8939	fake	yes
D_0002197546	genuine	0.709059	-0.3438	genuine	yes
D_0002197882	fake	0.060235	-2.8095	fake	yes
D_0002197903	fake	0.112755	-2.1825	fake	yes
D_0002197966	fake	0.042320	-3.1625	fake	yes
D_0002198134	fake	0.940288	-0.0616	genuine	no
D_0002198176	fake	0.027836	-3.5814	fake	yes
D_0002198260	fake	0.908162	-0.0963	genuine	no
D_0002198365	fake	0.001132	-6.7841	fake	yes
D_0002198386	genuine	0.999070	-0.0009	genuine	yes
D_0002198533	fake	0.000379	-7.8777	fake	yes
D_0002198617	genuine	0.999904	-0.0001	genuine	yes
D_0002198680	genuine	0.999989	-0.0000	genuine	yes
D_0002198722	fake	0.280082	-1.2727	fake	yes
D_0002198785	fake	0.678225	-0.3883	genuine	no
D_0002198911	fake	0.999819	-0.0002	genuine	no
D_0002198953	fake	0.125351	-2.0766	fake	yes
D_0002199037	genuine	0.640918	-0.4449	genuine	yes
D_0002199058	fake	0.881570	-0.1261	genuine	no
D_0002199205	fake	0.001140	-6.7768	fake	yes
D_0002199268	fake	0.007517	-4.8906	fake	yes
D_0002199289	fake	0.000200	-8.5177	fake	yes
D_0002199310	fake	0.159125	-1.8381	fake	yes
D_0002199394	fake	0.216122	-1.5319	fake	yes
D_0002199478	genuine	0.000764	-7.1775	fake	no
D_0002199520	fake	0.953313	-0.0478	genuine	no
D_0002199646	fake	0.207594	-1.5722	fake	yes
D_0002199982	genuine	0.999984	-0.0000	genuine	yes
D_0002200066	fake	0.000032	-10.3352	fake	yes
D_0002200171	fake	0.000267	-8.2295	fake	yes
D_0002200234	fake	0.000121	-9.0225	fake	yes
D_0002200633	fake	0.000540	-7.5231	fake	yes
D_0002200654	genuine	0.999947	-0.0001	genuine	yes
D_0002200696	genuine	0.999978	-0.0000	genuine	yes
D_0002200759	genuine	1.000000	-0.0000	genuine	yes
D_0002200864	fake	0.000300	-8.1130	fake	yes
D_0002200927	fake	0.070145	-2.6572	fake	yes
D_0002201116	fake	0.074649	-2.5950	fake	yes
D_0002201200	fake	0.143054	-1.9445	fake	yes
D_0002201221	fake	0.001971	-6.2290	fake	yes
D_0002201263	genuine	0.999836	-0.0002	genuine	yes
D_0002201389	fake	0.010520	-4.5545	fake	yes
D_0002201431	fake	0.012165	-4.4092	fake	yes
D_0002201515	fake	0.000138	-8.8861	fake	yes
D_0002201662	fake	0.962833	-0.0379	genuine	no
D_0002201725	genuine	0.999992	-0.0000	genuine	yes
D_0002201767	genuine	0.999999	-0.0000	genuine	yes
D_0002201809	fake	0.364347	-1.0096	fake	yes
D_0002201851	fake	0.000415	-7.7881	fake	yes
D_0002201872	genuine	1.000000	-0.0000	genuine	yes
D_0002202061	fake	0.001003	-6.9044	fake	yes
D_0002202082	fake	0.011805	-4.4392	fake	yes
D_0002202292	fake	0.863221	-0.1471	genuine	no
D_0002202313	fake	0.134274	-2.0079	fake	yes
D_0002202439	fake	0.083802	-2.4793	fake	yes
D_0002202628	genuine	0.995975	-0.0040	genuine	yes
D_0002202712	genuine	0.998475	-0.0015	genuine	yes
D_0002202733	fake	0.144137	-1.9370	fake	yes
D_0002202754	fake	0.010917	-4.5174	fake	yes
D_0002202880	fake	0.847676	-0.1653	genuine	no
D_0002203132	fake	0.000008	-11.7381	fake	yes
D_0002203237	genuine	0.999944	-0.0001	genuine	yes
D_0002203405	fake	0.792228	-0.2329	genuine	no
D_0002203468	fake	0.002518	-5.9845	fake	yes
D_0002203531	fake	0.002636	-5.9385	fake	yes
D_0002203573	fake	0.000411	-7.7978	fake	yes
D_0002203741	fake	0.021431	-3.8429	fake	yes
D_0002203804	genuine	0.009090	-4.7006	fake	no
D_0002203951	fake	0.091302	-2.3936	fake	yes
D_0002204014	fake	0.263487	-1.3338	fake	yes
D_0002204056	genuine	0.688218	-0.3736	genuine	yes
D_0002204098	fake	0.000213	-8.4552	fake	yes
D_0002204308	fake	0.066391	-2.7122	fake	yes
D_0002204371	fake	0.007035	-4.9568	fake	yes
D_0002204392	fake	0.056855	-2.8672	fake	yes
D_0002204434	fake	0.308736	-1.1753	fake	yes
D_0002204959	fake	0.935124	-0.0671	genuine	no
D_0002205064	fake	0.089332	-2.4154	fake	yes
D_0002205148	fake	0.903071	-0.1020	genuine	no
D_0002205169	fake	0.112909	-2.1812	fake	yes
D_0002205253	fake	0.667310	-0.4045	genuine	no
D_0002205463	fake	0.310456	-1.1697	fake	yes
D_0002205505	fake	0.924775	-0.0782	genuine	no
D_0002205694	genuine	0.999964	-0.0000	genuine	yes
D_0002205715	genuine	0.983961	-0.0162	genuine	yes
D_0002205757	fake	0.984937	-0.0152	genuine	no
D_0002205820	fake	0.027318	-3.6002	fake	yes
D_0002205883	genuine	0.001168	-6.7528	fake	no
D_0002205904	genuine	0.954822	-0.0462	genuine	yes
D_0002206177	fake	0.685819	-0.3771	genuine	no
D_0002206219	fake	0.016991	-4.0750	fake	yes
D_0002206240	fake	0.106868	-2.2362	fake	yes
D_0002206261	fake	0.825751	-0.1915	genuine	no
D_0002206345	fake	0.333558	-1.0979	fake	yes
D_0002206513	fake	0.003573	-5.6343	fake	yes
D_0002206639	fake	0.006834	-4.9858	fake	yes
D_0002206660	fake	0.007412	-4.9047	fake	yes
D_0002206681	fake	0.000524	-7.5542	fake	yes
D_0002206723	fake	0.021544	-3.8377	fake	yes
D_0002206786	genuine	0.999485	-0.0005	genuine	yes
D_0002206933	fake	0.436626	-0.8287	fake	yes
D_0002206996	genuine	0.792428	-0.2327	genuine	yes
D_0002207164	fake	0.299300	-1.2063	fake	yes
D_0002207185	fake	0.078778	-2.5411	fake	yes
D_0002207248	genuine	0.999951	-0.0000	genuine	yes
D_0002207311	fake	0.001522	-6.4879	fake	yes
D_0002207458	fake	0.953227	-0.0479	genuine	no
D_0002207479	genuine	0.999949	-0.0001	genuine	yes
D_0002207500	fake	0.004284	-5.4528	fake	yes
D_0002207752	fake	0.260766	-1.3441	fake	yes
D_0002207836	fake	0.000002	-13.3112	fake	yes
D_0002207857	fake	0.779158	-0.2495	genuine	no
D_0002207941	fake	0.668845	-0.4022	genuine	no
D_0002207962	fake	0.999861	-0.0001	genuine	no
D_0002208025	fake	0.030853	-3.4785	fake	yes
D_0002208109	fake	0.089192	-2.4170	fake	yes
D_0002208214	fake	0.000332	-8.0107	fake	yes
D_0002208235	fake	0.980634	-0.0196	genuine	no
D_0002208340	fake	0.011463	-4.4687	fake	yes
D_0002208487	fake	0.002402	-6.0316	fake	yes
D_0002208655	fake	0.961531	-0.0392	genuine	no
D_0002208718	fake	0.031581	-3.4552	fake	yes
D_0002208760	fake	0.000547	-7.5116	fake	yes
D_0002208865	genuine	0.987641	-0.0124	genuine	yes
D_0002209537	fake	0.000354	-7.9451	fake	yes
D_0002209621	fake	0.246224	-1.4015	fake	yes
D_0002209663	fake	0.004534	-5.3962	fake	yes
D_0002209831	fake	0.734375	-0.3087	genuine	no
D_0002209873	fake	0.827678	-0.1891	genuine	no
D_0002209999	fake	0.058464	-2.8393	fake	yes
D_0002210293	fake	0.008688	-4.7459	fake	yes
D_0002210398	fake	0.000220	-8.4202	fake	yes
D_0002210713	fake	0.884702	-0.1225	genuine	no
D_0002210755	fake	0.632833	-0.4575	genuine	no
D_0002210902	fake	0.000192	-8.5559	fake	yes
D_0002210986	fake	0.010114	-4.5938	fake	yes
D_0002211133	genuine	1.000000	0.0000	genuine	yes
D_0002211154	fake	0.843093	-0.1707	genuine	no
D_0002211532	genuine	0.999761	-0.0002	genuine	yes
D_0002211616	genuine	0.999725	-0.0003	genuine	yes
D_0002211742	fake	0.037240	-3.2904	fake	yes
D_0002211805	fake	0.950225	-0.0511	genuine	no
D_0002211847	fake	0.194662	-1.6365	fake	yes
D_0002211910	fake	0.000550	-7.5059	fake	yes
D_0002211994	fake	0.159584	-1.8352	fake	yes
D_0002212183	fake	0.216512	-1.5301	fake	yes
D_0002212309	fake	0.002171	-6.1326	fake	yes
D_0002212456	fake	0.974903	-0.0254	genuine	no
D_0002212582	fake	0.221146	-1.5089	fake	yes
D_0002212624	fake	0.007772	-4.8572	fake	yes
D_0002212645	fake	0.277804	-1.2808	fake	yes
D_0002212771	fake	0.000373	-7.8926	fake	yes
D_0002212813	fake	0.245083	-1.4062	fake	yes
D_0002212834	genuine	0.465926	-0.7637	fake	no
D_0002212897	fake	0.004641	-5.3728	fake	yes
D_0002212918	fake	0.188039	-1.6711	fake	yes
D_0002212960	fake	0.111393	-2.1947	fake	yes
D_0002213023	fake	0.485565	-0.7224	fake	yes
D_0002213275	fake	0.983419	-0.0167	genuine	no
D_0002213569	fake	0.016775	-4.0879	fake	yes
D_0002213695	fake	0.043952	-3.1247	fake	yes
D_0002213758	genuine	0.918923	-0.0846	genuine	yes
D_0002214052	genuine	0.999857	-0.0001	genuine	yes
D_0002214220	fake	0.077847	-2.5530	fake	yes
D_0002214304	genuine	0.991303	-0.0087	genuine	yes
D_0002214367	genuine	0.997503	-0.0025	genuine	yes
D_0002214451	genuine	0.999994	-0.0000	genuine	yes
D_0002214472	fake	0.122289	-2.1014	fake	yes
D_0002214514	fake	0.994850	-0.0052	genuine	no
D_0002214535	fake	0.880568	-0.1272	genuine	no
D_0002214556	genuine	0.018312	-4.0002	fake	no
D_0002214598	genuine	0.999999	-0.0000	genuine	yes
D_0002214724	fake	0.020370	-3.8937	fake	yes
D_0002214745	fake	0.336355	-1.0896	fake	yes
D_0002214787	fake	0.462695	-0.7707	fake	yes
D_0002214955	fake	0.001842	-6.2967	fake	yes
D_0002215039	fake	0.999390	-0.0006	genuine	no
D_0002215144	fake	0.355598	-1.0340	fake	yes
D_0002215165	fake	0.000476	-7.6492	fake	yes
D_0002215207	fake	0.821081	-0.1971	genuine	no
D_0002215249	fake	0.006023	-5.1122	fake	yes
D_0002215291	fake	0.009705	-4.6351	fake	yes
D_0002215858	fake	0.409607	-0.8926	fake	yes
D_0002215921	fake	0.000013	-11.2565	fake	yes
D_0002216026	genuine	0.999340	-0.0007	genuine	yes
D_0002216047	fake	0.313297	-1.1606	fake	yes
D_0002216089	fake	0.286661	-1.2495	fake	yes
D_0002216320	fake	0.056191	-2.8790	fake	yes
D_0002216446	fake	0.216036	-1.5323	fake	yes
D_0002216551	fake	0.013990	-4.2694	fake	yes
D_0002216572	fake	0.000223	-8.4097	fake	yes
D_0002216593	fake	0.001264	-6.6736	fake	yes
D_0002216845	fake	0.871764	-0.1372	genuine	no
D_0002216866	fake	0.967493	-0.0330	genuine	no
D_0002216887	genuine	1.000000	-0.0000	genuine	yes
D_0002216908	fake	0.281582	-1.2673	fake	yes
D_0002216929	genuine	0.981613	-0.0186	genuine	yes
D_0002217034	fake	0.348375	-1.0545	fake	yes
D_0002217223	fake	0.000024	-10.6366	fake	yes
D_0002217307	genuine	0.041258	-3.1879	fake	no
D_0002217706	genuine	0.911126	-0.0931	genuine	yes
D_0002217769	genuine	0.936964	-0.0651	genuine	yes
D_0002217790	fake	0.000118	-9.0471	fake	yes
D_0002217979	genuine	0.960090	-0.0407	genuine	yes
D_0002218378	fake	0.207879	-1.5708	fake	yes
D_0002218504	genuine	1.000000	-0.0000	genuine	yes
D_0002218567	fake	0.026336	-3.6368	fake	yes
D_0002218588	fake	0.326516	-1.1193	fake	yes
D_0002218630	fake	0.967874	-0.0327	genuine	no
D_0002218798	fake	0.620498	-0.4772	genuine	no
D_0002218903	fake	0.161435	-1.8237	fake	yes
D_0002218987	fake	0.267068	-1.3203	fake	yes
D_0002219113	fake	0.080448	-2.5201	fake	yes
D_0002219176	fake	0.985051	-0.0151	genuine	no
D_0002219239	fake	0.095373	-2.3500	fake	yes
D_0002219344	fake	0.222605	-1.5024	fake	yes
D_0002219365	genuine	0.998682	-0.0013	genuine	yes
D_0002219785	fake	0.321952	-1.1334	fake	yes
D_0002220037	genuine	0.999130	-0.0009	genuine	yes
D_0002220100	fake	0.161326	-1.8243	fake	yes
D_0002220142	fake	0.000107	-9.1389	fake	yes
D_0002220226	fake	0.008167	-4.8077	fake	yes
D_0002220247	fake	0.003993	-5.5231	fake	yes
D_0002220478	fake	0.001209	-6.7181	fake	yes
D_0002220499	fake	0.504894	-0.6834	genuine	no
D_0002220562	fake	0.799943	-0.2232	genuine	no
D_0002220583	fake	0.227174	-1.4820	fake	yes
D_0002220709	fake	0.999975	-0.0000	genuine	no
D_0002220814	fake	0.117815	-2.1386	fake	yes
D_0002220877	fake	0.185582	-1.6843	fake	yes
D_0002221150	fake	0.034513	-3.3664	fake	yes
D_0002221171	fake	0.998546	-0.0015	genuine	no
D_0002221213	fake	0.890554	-0.1159	genuine	no
D_0002221465	fake	0.537325	-0.6212	genuine	no
D_0002221528	fake	0.172804	-1.7556	fake	yes
D_0002221549	fake	0.002701	-5.9143	fake	yes
D_0002221864	fake	0.120184	-2.1187	fake	yes
D_0002221906	genuine	0.330608	-1.1068	fake	no
D_0002221927	fake	0.004925	-5.3134	fake	yes
D_0002222263	fake	0.998952	-0.0010	genuine	no
D_0002222284	fake	0.166196	-1.7946	fake	yes
D_0002222515	fake	0.002817	-5.8721	fake	yes
D_0002222536	fake	0.146310	-1.9220	fake	yes
D_0002222557	fake	0.113881	-2.1726	fake	yes
D_0002222641	fake	0.844644	-0.1688	genuine	no
D_0002222725	genuine	0.001512	-6.4944	fake	no
D_0002222767	fake	0.058895	-2.8320	fake	yes
D_0002222788	fake	0.003799	-5.5729	fake	yes
D_0002222851	fake	0.312071	-1.1645	fake	yes
D_0002222893	fake	0.911547	-0.0926	genuine	no
D_0002222914	genuine	0.999691	-0.0003	genuine	yes
D_0002222998	genuine	1.000000	-0.0000	genuine	yes
D_0002223145	fake	0.998279	-0.0017	genuine	no
D_0002223607	fake	0.190961	-1.6557	fake	yes
D_0002223649	fake	0.031136	-3.4694	fake	yes
D_0002223733	genuine	0.999897	-0.0001	genuine	yes
D_0002223817	fake	0.968412	-0.0321	genuine	no
D_0002223943	fake	0.214409	-1.5399	fake	yes
D_0002224048	fake	0.973762	-0.0266	genuine	no
D_0002224300	fake	0.000990	-6.9176	fake	yes
D_0002224594	fake	0.045339	-3.0936	fake	yes
D_0002224678	genuine	0.999996	-0.0000	genuine	yes
D_0002224699	fake	0.001565	-6.4602	fake	yes
D_0002224909	fake	0.278414	-1.2786	fake	yes
D_0002225035	fake	0.019890	-3.9175	fake	yes
D_0002225056	genuine	0.999984	-0.0000	genuine	yes
D_0002225308	fake	0.087083	-2.4409	fake	yes
D_0002225476	genuine	0.873503	-0.1352	genuine	yes
D_0002225560	fake	0.270497	-1.3075	fake	yes
D_0002225623	fake	0.982188	-0.0180	genuine	no
D_0002226148	fake	0.003053	-5.7916	fake	yes
D_0002226442	fake	0.002143	-6.1456	fake	yes
D_0002226778	fake	0.800665	-0.2223	genuine	no
D_0002226820	genuine	0.762725	-0.2709	genuine	yes
D_0002227303	fake	0.982179	-0.0180	genuine	no
D_0002227324	fake	0.986225	-0.0139	genuine	no
D_0002227534	fake	0.935369	-0.0668	genuine	no
D_0002227555	genuine	0.999942	-0.0001	genuine	yes
D_0002227576	fake	0.000676	-7.2994	fake	yes
D_0002227597	fake	0.414869	-0.8798	fake	yes
D_0002227807	fake	0.958397	-0.0425	genuine	no
D_0002227912	fake	0.375808	-0.9787	fake	yes
D_0002227996	fake	0.278968	-1.2767	fake	yes
D_0002228038	fake	0.114609	-2.1662	fake	yes
D_0002228185	genuine	0.988723	-0.0113	genuine	yes
D_0002228353	fake	0.002951	-5.8257	fake	yes
D_0002228479	fake	0.423117	-0.8601	fake	yes
D_0002228605	fake	0.011465	-4.4685	fake	yes
D_0002228668	fake	0.155870	-1.8587	fake	yes
D_0002228710	genuine	0.071943	-2.6319	fake	no
D_0002228962	genuine	0.999997	-0.0000	genuine	yes
D_0002228983	fake	0.009004	-4.7100	fake	yes
D_0002229046	fake	0.687693	-0.3744	genuine	no
D_0002229067	fake	0.012583	-4.3754	fake	yes
D_0002229151	fake	0.067818	-2.6909	fake	yes
D_0002229382	genuine	0.999951	-0.0000	genuine	yes
D_0002229487	genuine	0.994995	-0.0050	genuine	yes
D_0002229697	fake	0.365615	-1.0062	fake	yes
D_0002229718	fake	0.010271	-4.5785	fake	yes
D_0002229865	fake	0.024988	-3.6894	fake	yes
D_0002229907	genuine	0.998150	-0.0019	genuine	yes
D_0002229991	fake	0.034610	-3.3636	fake	yes
D_0002230159	fake	0.126350	-2.0687	fake	yes
D_0002230327	fake	0.666650	-0.4055	genuine	no
D_0002230390	fake	0.331349	-1.1046	fake	yes
D_0002230495	fake	0.799227	-0.2241	genuine	no
D_0002230558	genuine	1.000000	-0.0000	genuine	yes
D_0002230684	fake	0.941682	-0.0601	genuine	no
D_0002230768	fake	0.007032	-4.9573	fake	yes
D_0002230873	fake	0.056603	-2.8717	fake	yes
D_0002231209	genuine	0.996427	-0.0036	genuine	yes
D_0002231230	fake	0.127091	-2.0628	fake	yes
D_0002231440	fake	0.281653	-1.2671	fake	yes
D_0002231566	fake	0.018551	-3.9872	fake	yes
D_0002231650	fake	0.239150	-1.4307	fake	yes
D_0002231671	fake	0.000030	-10.4150	fake	yes
D_0002231923	fake	0.328730	-1.1125	fake	yes
D_0002232028	fake	0.254580	-1.3681	fake	yes
D_0002232154	genuine	0.988731	-0.0113	genuine	yes
D_0002232280	genuine	0.083021	-2.4887	fake	no
D_0002232322	fake	0.064485	-2.7413	fake	yes
D_0002232364	fake	0.020871	-3.8694	fake	yes
D_0002232385	fake	0.000027	-10.5097	fake	yes
D_0002232427	fake	0.998678	-0.0013	genuine	no
D_0002232469	fake	0.968192	-0.0323	genuine	no
D_0002232532	fake	0.525862	-0.6427	genuine	no
D_0002232679	fake	0.796315	-0.2278	genuine	no
D_0002232973	genuine	0.005235	-5.2524	fake	no
D_0002232994	genuine	0.998885	-0.0011	genuine	yes
D_0002233015	fake	0.000705	-7.2566	fake	yes
D_0002233057	genuine	1.000000	-0.0000	genuine	yes
D_0002233225	fake	0.516076	-0.6615	genuine	no
D_0002233288	fake	0.028720	-3.5502	fake	yes
D_0002233330	genuine	0.999991	-0.0000	genuine	yes
D_0002233456	fake	0.000042	-10.0698	fake	yes
D_0002233603	fake	0.541787	-0.6129	genuine	no
D_0002233645	fake	0.074721	-2.5940	fake	yes
D_0002233771	fake	0.486194	-0.7211	fake	yes
D_0002234002	fake	0.998431	-0.0016	genuine	no
D_0002234023	fake	0.021862	-3.8230	fake	yes
D_0002234275	genuine	0.517612	-0.6585	genuine	yes
D_0002234296	fake	0.020097	-3.9072	fake	yes
D_0002234527	fake	0.532089	-0.6309	genuine	no
D_0002234569	fake	0.131795	-2.0265	fake	yes
D_0002234653	fake	0.859050	-0.1519	genuine	no
D_0002234674	fake	0.565410	-0.5702	genuine	no
D_0002234695	fake	0.958248	-0.0426	genuine	no
D_0002235031	fake	0.001465	-6.5259	fake	yes
D_0002235220	fake	0.009684	-4.6373	fake	yes
D_0002235262	fake	0.000257	-8.2684	fake	yes
D_0002235346	fake	0.683429	-0.3806	genuine	no
D_0002235367	genuine	0.999997	-0.0000	genuine	yes
D_0002235514	fake	0.019253	-3.9501	fake	yes
D_0002235682	genuine	0.999641	-0.0004	genuine	yes
D_0002235745	fake	0.978089	-0.0222	genuine	no
D_0002235766	fake	0.660216	-0.4152	genuine	no
D_0002235829	fake	0.420046	-0.8674	fake	yes
D_0002235892	fake	0.967490	-0.0330	genuine	no
D_0002236102	fake	0.117768	-2.1390	fake	yes
D_0002236228	fake	0.101135	-2.2913	fake	yes
D_0002236312	fake	0.889836	-0.1167	genuine	no
D_0002236438	fake	0.862238	-0.1482	genuine	no
D_0002236480	genuine	0.196631	-1.6264	fake	no
D_0002236753	fake	0.990403	-0.0096	genuine	no
D_0002236879	fake	0.017986	-4.0182	fake	yes
D_0002236900	fake	0.886896	-0.1200	genuine	no
D_0002237068	genuine	0.998624	-0.0014	genuine	yes
D_0002237131	fake	0.214324	-1.5403	fake	yes
D_0002237257	fake	0.528471	-0.6378	genuine	no
D_0002237299	fake	0.004694	-5.3614	fake	yes
D_0002237362	fake	0.010198	-4.5856	fake	yes
D_0002237404	fake	0.397888	-0.9216	fake	yes
D_0002237530	fake	0.154748	-1.8660	fake	yes
D_0002237656	fake	0.057878	-2.8494	fake	yes
D_0002237677	genuine	0.999996	-0.0000	genuine	yes
D_0002237719	fake	0.013174	-4.3295	fake	yes
D_0002237782	fake	0.316186	-1.1514	fake	yes
D_0002237803	fake	0.507497	-0.6783	genuine	no
D_0002237866	genuine	0.999891	-0.0001	genuine	yes
D_0002237929	fake	0.104605	-2.2576	fake	yes
D_0002237950	genuine	0.989870	-0.0102	genuine	yes
D_0002238139	fake	0.009207	-4.6878	fake	yes
D_0002238223	genuine	0.999990	-0.0000	genuine	yes
D_0002238307	fake	0.001534	-6.4800	fake	yes
D_0002238328	fake	0.011923	-4.4292	fake	yes
D_0002238496	fake	0.000329	-8.0204	fake	yes
D_0002238769	fake	0.427548	-0.8497	fake	yes
D_0002238958	fake	0.347421	-1.0572	fake	yes
D_0002239021	fake	0.084604	-2.4698	fake	yes
D_0002239084	fake	0.288893	-1.2417	fake	yes
D_0002239105	fake	0.934877	-0.0673	genuine	no
D_0002239126	fake	0.258823	-1.3516	fake	yes
D_0002239147	fake	0.040979	-3.1947	fake	yes
D_0002239189	fake	0.065552	-2.7249	fake	yes
D_0002239315	genuine	0.999998	-0.0000	genuine	yes
D_0002239399	fake	0.823011	-0.1948	genuine	no
D_0002239651	fake	0.012081	-4.4161	fake	yes
D_0002239819	fake	0.983627	-0.0165	genuine	no
D_0002240029	fake	0.761548	-0.2724	genuine	no
D_0002240134	fake	0.283633	-1.2601	fake	yes
D_0002240344	fake	0.562971	-0.5745	genuine	no
D_0002240386	genuine	1.000000	0.0000	genuine	yes
D_0002240512	genuine	0.774015	-0.2562	genuine	yes
D_0002240533	fake	0.930565	-0.0720	genuine	no
D_0002240596	fake	0.031006	-3.4736	fake	yes
D_0002240617	fake	0.030616	-3.4862	fake	yes
D_0002240701	genuine	1.000000	-0.0000	genuine	yes
D_0002240953	fake	0.000583	-7.4481	fake	yes
D_0002241163	fake	0.016607	-4.0980	fake	yes
D_0002241331	genuine	0.955893	-0.0451	genuine	yes
D_0002241457	fake	0.057440	-2.8570	fake	yes
D_0002242171	genuine	0.102588	-2.2770	fake	no
D_0002242192	fake	0.183151	-1.6974	fake	yes
D_0002242360	genuine	0.599568	-0.5115	genuine	yes
D_0002242381	genuine	0.083104	-2.4877	fake	no
D_0002242507	fake	0.015305	-4.1796	fake	yes
D_0002242717	genuine	0.005581	-5.1884	fake	no
D_0002242780	genuine	0.022332	-3.8017	fake	no
D_0002242843	fake	0.106613	-2.2385	fake	yes
D_0002242990	fake	0.058315	-2.8419	fake	yes
D_0002243389	fake	0.999543	-0.0005	genuine	no
D_0002243452	fake	0.001597	-6.4396	fake	yes
D_0002243620	fake	0.024721	-3.7001	fake	yes
D_0002243641	fake	0.403749	-0.9070	fake	yes
D_0002243683	genuine	0.999519	-0.0005	genuine	yes
D_0002243767	fake	0.035730	-3.3318	fake	yes
D_0002243788	fake	0.156980	-1.8516	fake	yes
D_0002243956	fake	0.354381	-1.0374	fake	yes
D_0002244040	genuine	0.114428	-2.1678	fake	no
D_0002244103	fake	0.039329	-3.2358	fake	yes
D_0002244250	fake	0.006310	-5.0656	fake	yes
D_0002244376	fake	0.009154	-4.6935	fake	yes
D_0002244586	fake	0.785468	-0.2415	genuine	no
D_0002244670	fake	0.045237	-3.0958	fake	yes
D_0002244733	fake	0.031085	-3.4710	fake	yes
D_0002244775	fake	0.320386	-1.1382	fake	yes
D_0002244796	fake	0.543279	-0.6101	genuine	no
D_0002244880	genuine	0.995527	-0.0045	genuine	yes
D_0002245090	fake	0.022186	-3.8083	fake	yes
D_0002245111	fake	0.999786	-0.0002	genuine	no
D_0002245195	fake	0.979486	-0.0207	genuine	no
D_0002245216	fake	0.004152	-5.4842	fake	yes
D_0002245468	fake	0.016031	-4.1333	fake	yes
D_0002245783	genuine	1.000000	0.0000	genuine	yes
D_0002245993	fake	0.961307	-0.0395	genuine	no
D_0002246035	fake	0.520664	-0.6526	genuine	no
D_0002246098	fake	0.002501	-5.9912	fake	yes
D_0002246203	fake	0.301485	-1.1990	fake	yes
D_0002246287	genuine	0.999344	-0.0007	genuine	yes
D_0002246308	fake	0.050959	-2.9767	fake	yes
D_0002246371	fake	0.012054	-4.4183	fake	yes
D_0002246413	fake	0.004448	-5.4153	fake	yes
D_0002246665	fake	0.319303	-1.1416	fake	yes
D_0002246770	fake	0.141947	-1.9523	fake	yes
D_0002246812	fake	0.010413	-4.5647	fake	yes
D_0002246938	fake	0.991142	-0.0089	genuine	no
D_0002247001	fake	0.005919	-5.1296	fake	yes
D_0002247043	fake	0.033214	-3.4048	fake	yes
D_0002247127	fake	0.029243	-3.5321	fake	yes
D_0002247148	fake	0.000403	-7.8158	fake	yes
D_0002247274	genuine	0.900279	-0.1051	genuine	yes
D_0002247358	fake	0.312554	-1.1630	fake	yes
D_0002247463	genuine	0.999999	-0.0000	genuine	yes
D_0002247568	fake	0.004153	-5.4840	fake	yes
D_0002247799	fake	0.981802	-0.0184	genuine	no
D_0002247820	fake	0.064115	-2.7471	fake	yes
D_0002247841	fake	0.967580	-0.0330	genuine	no
D_0002247862	fake	0.286909	-1.2486	fake	yes
D_0002247904	fake	0.001511	-6.4948	fake	yes
D_0002247946	fake	0.721741	-0.3261	genuine	no
D_0002248030	fake	0.054782	-2.9044	fake	yes
D_0002248072	fake	0.460535	-0.7754	fake	yes
D_0002248240	fake	0.007826	-4.8503	fake	yes
D_0002248408	fake	0.002081	-6.1748	fake	yes
D_0002248429	fake	0.874453	-0.1342	genuine	no
D_0002248492	genuine	0.976072	-0.0242	genuine	yes
D_0002248555	fake	0.125797	-2.0731	fake	yes
D_0002248639	genuine	0.999780	-0.0002	genuine	yes
D_0002249080	fake	0.004938	-5.3108	fake	yes
D_0002249227	fake	0.003428	-5.6757	fake	yes
D_0002249290	fake	0.199883	-1.6100	fake	yes
D_0002249437	fake	0.003600	-5.6269	fake	yes
D_0002249479	fake	0.989906	-0.0101	genuine	no
D_0002249521	fake	0.009412	-4.6658	fake	yes
D_0002249584	genuine	0.001831	-6.3031	fake	no
D_0002249626	fake	0.165257	-1.8003	fake	yes
D_0002249899	fake	0.041661	-3.1782	fake	yes
D_0002249983	genuine	0.817350	-0.2017	genuine	yes
D_0002250025	fake	0.989768	-0.0103	genuine	no
D_0002250088	fake	0.485611	-0.7223	fake	yes
D_0002250151	fake	0.518087	-0.6576	genuine	no
D_0002250277	genuine	0.999987	-0.0000	genuine	yes
D_0002250340	fake	0.966007	-0.0346	genuine	no
D_0002250361	fake	0.065620	-2.7239	fake	yes
D_0002250382	fake	0.000331	-8.0136	fake	yes
D_0002250697	fake	0.044021	-3.1231	fake	yes
D_0002250739	genuine	1.000000	-0.0000	genuine	yes
D_0002250802	genuine	0.999991	-0.0000	genuine	yes
D_0002251033	genuine	0.911698	-0.0924	genuine	yes
D_0002251138	fake	0.951512	-0.0497	genuine	no
D_0002251159	fake	0.022180	-3.8086	fake	yes
D_0002251243	genuine	0.024463	-3.7106	fake	no
D_0002251285	fake	0.899514	-0.1059	genuine	no
D_0002251390	fake	0.345558	-1.0626	fake	yes
D_0002251453	fake	0.746335	-0.2926	genuine	no
D_0002251495	fake	0.505565	-0.6821	genuine	no
D_0002251642	fake	0.756099	-0.2796	genuine	no
D_0002251663	fake	0.181761	-1.7051	fake	yes
D_0002251726	fake	0.117733	-2.1393	fake	yes
D_0002251852	fake	0.012808	-4.3577	fake	yes
D_0002251978	fake	0.981956	-0.0182	genuine	no
D_0002252083	genuine	0.665370	-0.4074	genuine	yes
D_0002252188	genuine	1.000000	0.0000	genuine	yes
D_0002252293	fake	0.046373	-3.0710	fake	yes
D_0002252419	fake	0.000023	-10.6769	fake	yes
D_0002252566	fake	0.800050	-0.2231	genuine	no
D_0002252608	fake	0.038410	-3.2594	fake	yes
D_0002252692	genuine	0.999994	-0.0000	genuine	yes
D_0002252881	genuine	0.582662	-0.5401	genuine	yes
D_0002253007	fake	0.366398	-1.0040	fake	yes
D_0002253091	fake	0.030270	-3.4976	fake	yes
D_0002253196	fake	0.003041	-5.7956	fake	yes
D_0002253301	fake	0.002191	-6.1234	fake	yes
D_0002253595	fake	0.616493	-0.4837	genuine	no
D_0002253679	fake	0.007849	-4.8474	fake	yes
D_0002253700	fake	0.000037	-10.1969	fake	yes
D_0002253742	fake	0.946405	-0.0551	genuine	no
D_0002253826	fake	0.001710	-6.3711	fake	yes
D_0002254015	fake	0.003629	-5.6188	fake	yes
D_0002254162	genuine	0.999835	-0.0002	genuine	yes
D_0002254246	fake	0.003465	-5.6651	fake	yes
D_0002254456	fake	0.050146	-2.9928	fake	yes
D_0002254498	fake	0.054879	-2.9026	fake	yes
D_0002254708	fake	0.002011	-6.2091	fake	yes
D_0002254834	genuine	0.999161	-0.0008	genuine	yes
D_0002254855	genuine	0.999563	-0.0004	genuine	yes
D_0002254918	genuine	0.948028	-0.0534	genuine	yes
D_0002254939	genuine	0.912781	-0.0913	genuine	yes
D_0002255002	fake	0.036236	-3.3177	fake	yes
D_0002255170	fake	0.192581	-1.6472	fake	yes
D_0002255401	fake	0.869102	-0.1403	genuine	no
D_0002255443	fake	0.028213	-3.5680	fake	yes
D_0002255485	fake	0.911268	-0.0929	genuine	no
D_0002255821	genuine	0.756492	-0.2791	genuine	yes
D_0002255947	fake	0.001593	-6.4424	fake	yes
D_0002256073	genuine	0.974564	-0.0258	genuine	yes
D_0002256283	genuine	0.027455	-3.5952	fake	no
D_0002256535	fake	0.096553	-2.3377	fake	yes
D_0002256913	genuine	0.348025	-1.0555	fake	no
D_0002256976	fake	0.000255	-8.2740	fake	yes
D_0002257018	genuine	0.187829	-1.6722	fake	no
D_0002257060	fake	0.824416	-0.1931	genuine	no
D_0002257165	fake	0.060216	-2.8098	fake	yes
D_0002257291	fake	0.250048	-1.3861	fake	yes
D_0002257312	fake	0.019577	-3.9334	fake	yes
D_0002257438	genuine	0.999991	-0.0000	genuine	yes
D_0002257564	fake	0.002487	-5.9966	fake	yes
D_0002257585	fake	0.016375	-4.1120	fake	yes
D_0002257627	fake	0.998511	-0.0015	genuine	no
D_0002257963	genuine	0.999679	-0.0003	genuine	yes
D_0002258005	fake	0.031854	-3.4466	fake	yes
D_0002258089	genuine	0.999923	-0.0001	genuine	yes
D_0002258173	genuine	0.999985	-0.0000	genuine	yes
D_0002258194	fake	0.000013	-11.2387	fake	yes
D_0002258236	fake	0.001591	-6.4432	fake	yes
D_0002258383	fake	0.023109	-3.7675	fake	yes
D_0002258488	fake	0.008712	-4.7431	fake	yes
D_0002258530	fake	0.979473	-0.0207	genuine	no
D_0002258572	genuine	0.999998	-0.0000	genuine	yes
D_0002258782	fake	0.993368	-0.0067	genuine	no
D_0002258929	fake	0.997091	-0.0029	genuine	no
D_0002258950	fake	0.003647	-5.6139	fake	yes
D_0002259055	fake	0.943369	-0.0583	genuine	no
D_0002259076	fake	0.896585	-0.1092	genuine	no
D_0002259097	fake	0.050880	-2.9783	fake	yes
D_0002259328	fake	0.382709	-0.9605	fake	yes
D_0002259349	genuine	0.999999	-0.0000	genuine	yes
D_0002259454	fake	0.083008	-2.4888	fake	yes
D_0002259706	genuine	0.999047	-0.0010	genuine	yes
D_0002259937	fake	0.084419	-2.4720	fake	yes
D_0002259958	fake	0.356474	-1.0315	fake	yes
D_0002260000	fake	0.058263	-2.8428	fake	yes
D_0002260294	fake	0.207675	-1.5718	fake	yes
D_0002260336	fake	0.759413	-0.2752	genuine	no
D_0002260357	fake	0.045609	-3.0876	fake	yes
D_0002260378	genuine	0.999935	-0.0001	genuine	yes
D_0002260420	fake	0.048961	-3.0167	fake	yes
D_0002260441	fake	0.998647	-0.0014	genuine	no
D_0002260546	fake	0.016915	-4.0795	fake	yes
D_0002260966	fake	0.005075	-5.2834	fake	yes
D_0002260987	fake	0.834838	-0.1805	genuine	no
D_0002261260	genuine	0.998936	-0.0011	genuine	yes
D_0002261281	fake	0.569492	-0.5630	genuine	no
D_0002261386	fake	0.022583	-3.7906	fake	yes
D_0002261428	fake	0.059160	-2.8275	fake	yes
D_0002261533	fake	0.117155	-2.1443	fake	yes
D_0002261701	fake	0.032916	-3.4138	fake	yes
D_0002261890	fake	0.151879	-1.8847	fake	yes
D_0002262205	fake	0.780950	-0.2472	genuine	no
D_0002262247	fake	0.078474	-2.5450	fake	yes
D_0002262352	fake	0.024553	-3.7069	fake	yes
D_0002262394	fake	0.120266	-2.1181	fake	yes
D_0002262415	fake	0.086178	-2.4513	fake	yes
D_0002262646	fake	0.868758	-0.1407	genuine	no
D_0002262667	fake	0.007119	-4.9450	fake	yes
D_0002262688	fake	0.001592	-6.4427	fake	yes
D_0002262751	genuine	0.005798	-5.1503	fake	no
D_0002262793	fake	0.124524	-2.0833	fake	yes
D_0002262814	fake	0.364992	-1.0079	fake	yes
D_0002262877	fake	0.013032	-4.3403	fake	yes
D_0002263171	genuine	0.989895	-0.0102	genuine	yes
D_0002263213	fake	0.080837	-2.5153	fake	yes
D_0002263276	fake	0.000020	-10.8067	fake	yes
D_0002263402	fake	0.149488	-1.9005	fake	yes
D_0002263486	fake	0.057581	-2.8546	fake	yes
D_0002263780	fake	0.442435	-0.8155	fake	yes
D_0002263843	fake	0.052581	-2.9454	fake	yes
D_0002263885	fake	0.000875	-7.0418	fake	yes
D_0002264410	fake	0.032294	-3.4329	fake	yes
D_0002264452	fake	0.426785	-0.8515	fake	yes
D_0002264536	fake	0.923869	-0.0792	genuine	no
D_0002264578	fake	0.685151	-0.3781	genuine	no
D_0002264725	fake	0.007156	-4.9398	fake	yes
D_0002264872	genuine	1.000000	-0.0000	genuine	yes
D_0002265124	fake	0.001036	-6.8725	fake	yes
D_0002265208	genuine	0.464972	-0.7658	fake	no
D_0002265355	fake	0.049616	-3.0034	fake	yes
D_0002265397	fake	0.025850	-3.6555	fake	yes
D_0002265460	fake	0.093021	-2.3749	fake	yes
D_0002265481	fake	0.979733	-0.0205	genuine	no
D_0002265523	fake	0.010476	-4.5587	fake	yes
D_0002265565	fake	0.000117	-9.0512	fake	yes
D_0002265607	fake	0.758482	-0.2764	genuine	no
D_0002265754	fake	0.014942	-4.2036	fake	yes
D_0002265901	fake	0.149762	-1.8987	fake	yes
D_0002265943	fake	0.000090	-9.3201	fake	yes
D_0002266132	fake	0.992593	-0.0074	genuine	no
D_0002266195	genuine	0.795348	-0.2290	genuine	yes
D_0002266342	genuine	0.340886	-1.0762	fake	no
D_0002266363	fake	0.559824	-0.5801	genuine	no
D_0002266384	fake	0.999477	-0.0005	genuine	no
D_0002266510	fake	0.212776	-1.5475	fake	yes
D_0002266825	fake	0.968319	-0.0322	genuine	no
D_0002266867	fake	0.003459	-5.6668	fake	yes
D_0002266909	fake	0.048782	-3.0204	fake	yes
D_0002266972	fake	0.975110	-0.0252	genuine	no
D_0002266993	fake	0.064230	-2.7453	fake	yes
D_0002267035	fake	0.000039	-10.1545	fake	yes
D_0002267266	genuine	0.001941	-6.2444	fake	no
D_0002267308	genuine	0.951636	-0.0496	genuine	yes
D_0002267665	fake	0.040083	-3.2168	fake	yes
D_0002267791	fake	0.968669	-0.0318	genuine	no
D_0002267833	fake	0.205094	-1.5843	fake	yes
D_0002267938	genuine	0.999045	-0.0010	genuine	yes
D_0002267959	genuine	0.363154	-1.0129	fake	no
D_0002268001	fake	0.000583	-7.4481	fake	yes
D_0002268190	fake	0.012733	-4.3636	fake	yes
D_0002268232	fake	0.000311	-8.0746	fake	yes
D_0002268400	fake	0.014256	-4.2506	fake	yes
D_0002268505	genuine	0.999987	-0.0000	genuine	yes
D_0002268820	fake	0.016483	-4.1055	fake	yes
D_0002268862	fake	0.161608	-1.8226	fake	yes
D_0002268946	fake	0.998216	-0.0018	genuine	no
D_0002269051	fake	0.006255	-5.0744	fake	yes
D_0002269156	fake	0.036966	-3.2977	fake	yes
D_0002269198	genuine	0.999999	-0.0000	genuine	yes
D_0002269219	fake	0.482372	-0.7290	fake	yes
D_0002269261	fake	0.004948	-5.3088	fake	yes
D_0002269282	fake	0.111964	-2.1896	fake	yes
D_0002269303	fake	0.000678	-7.2968	fake	yes
D_0002269324	genuine	0.003405	-5.6825	fake	no
D_0002269534	fake	0.030179	-3.5006	fake	yes
D_0002269639	fake	0.064476	-2.7415	fake	yes
D_0002269681	fake	0.999271	-0.0007	genuine	no
D_0002269702	fake	0.000464	-7.6751	fake	yes
D_0002269954	fake	0.785535	-0.2414	genuine	no
D_0002270605	fake	0.012707	-4.3656	fake	yes
D_0002270668	fake	0.019548	-3.9349	fake	yes
D_0002270710	fake	0.073971	-2.6041	fake	yes
D_0002270752	fake	0.001230	-6.7005	fake	yes
D_0002270857	fake	0.033941	-3.3831	fake	yes
D_0002271025	fake	0.314721	-1.1561	fake	yes
D_0002271109	fake	0.200961	-1.6046	fake	yes
D_0002271151	fake	0.130508	-2.0363	fake	yes
D_0002271214	fake	0.011593	-4.4574	fake	yes
D_0002271823	fake	0.420635	-0.8660	fake	yes
D_0002271949	fake	0.001059	-6.8506	fake	yes
D_0002271970	fake	0.000710	-7.2505	fake	yes
D_0002272033	fake	0.017969	-4.0191	fake	yes
D_0002272054	fake	0.007011	-4.9603	fake	yes
D_0002272138	fake	0.000432	-7.7474	fake	yes
D_0002272222	fake	0.000799	-7.1327	fake	yes
D_0002272243	fake	0.018339	-3.9987	fake	yes
D_0002272495	genuine	0.568136	-0.5654	genuine	yes
D_0002272600	fake	0.065966	-2.7186	fake	yes
D_0002272789	genuine	0.997512	-0.0025	genuine	yes
D_0002272957	genuine	0.999479	-0.0005	genuine	yes
D_0002273167	fake	0.000025	-10.5774	fake	yes
D_0002273272	fake	0.001494	-6.5062	fake	yes
D_0002273440	fake	0.000377	-7.8840	fake	yes
D_0002273503	genuine	0.965254	-0.0354	genuine	yes
D_0002273608	fake	0.057999	-2.8473	fake	yes
D_0002273734	fake	0.003922	-5.5411	fake	yes
D_0002273818	fake	0.298917	-1.2076	fake	yes
D_0002273860	fake	0.937264	-0.0648	genuine	no
D_0002274007	genuine	0.999912	-0.0001	genuine	yes
D_0002274028	fake	0.999565	-0.0004	genuine	no
D_0002274175	fake	0.019671	-3.9286	fake	yes
D_0002274238	fake	0.028109	-3.5717	fake	yes
D_0002274280	genuine	0.999970	-0.0000	genuine	yes
D_0002274343	fake	0.109112	-2.2154	fake	yes
D_0002274490	fake	0.170593	-1.7685	fake	yes
D_0002274511	fake	0.095796	-2.3455	fake	yes
D_0002274637	fake	0.993859	-0.0062	genuine	no
D_0002274910	fake	0.774077	-0.2561	genuine	no
D_0002274952	fake	0.739129	-0.3023	genuine	no
D_0002275099	fake	0.032368	-3.4306	fake	yes
D_0002275225	genuine	0.999910	-0.0001	genuine	yes
D_0002275246	fake	0.454399	-0.7888	fake	yes
D_0002275372	fake	0.084117	-2.4755	fake	yes
D_0002275414	fake	0.049335	-3.0091	fake	yes
D_0002275477	fake	0.000824	-7.1017	fake	yes
D_0002275561	fake	0.996853	-0.0032	genuine	no
D_0002275624	fake	0.257189	-1.3579	fake	yes
D_0002275645	genuine	0.999999	-0.0000	genuine	yes
D_0002276086	fake	0.454406	-0.7888	fake	yes
D_0002276149	fake	0.250011	-1.3863	fake	yes
D_0002276359	fake	0.292261	-1.2301	fake	yes
D_0002276443	fake	0.005928	-5.1281	fake	yes
D_0002276506	fake	0.605156	-0.5023	genuine	no
D_0002276527	fake	0.868239	-0.1413	genuine	no
D_0002276632	fake	0.070740	-2.6487	fake	yes
D_0002276674	fake	0.988852	-0.0112	genuine	no
D_0002276800	fake	0.013845	-4.2798	fake	yes
D_0002276905	fake	0.011170	-4.4945	fake	yes
D_0002276989	fake	0.950685	-0.0506	genuine	no
D_0002277157	genuine	0.999790	-0.0002	genuine	yes
D_0002277262	genuine	0.891011	-0.1154	genuine	yes
D_0002277367	genuine	0.954889	-0.0462	genuine	yes
D_0002277535	fake	0.000214	-8.4510	fake	yes
D_0002277556	fake	0.929993	-0.0726	genuine	no
D_0002277745	fake	0.000555	-7.4966	fake	yes
D_0002277997	fake	0.007155	-4.9399	fake	yes
D_0002278165	fake	0.008447	-4.7740	fake	yes
D_0002278186	fake	0.025458	-3.6707	fake	yes
D_0002278207	fake	0.000652	-7.3353	fake	yes
D_0002278249	fake	0.293601	-1.2255	fake	yes
D_0002278333	genuine	0.999990	-0.0000	genuine	yes
D_0002278417	fake	0.994161	-0.0059	genuine	no
D_0002278459	fake	0.995978	-0.0040	genuine	no
D_0002278480	fake	0.000197	-8.5334	fake	yes
D_0002278753	genuine	0.992353	-0.0077	genuine	yes
D_0002278816	fake	0.025827	-3.6563	fake	yes
D_0002278837	genuine	0.999896	-0.0001	genuine	yes
D_0002278900	fake	0.238848	-1.4319	fake	yes
D_0002279131	fake	0.001999	-6.2150	fake	yes
D_0002279551	fake	0.005371	-5.2268	fake	yes
D_0002279719	fake	0.986808	-0.0133	genuine	no
D_0002279887	fake	0.017537	-4.0435	fake	yes
D_0002279971	fake	0.990434	-0.0096	genuine	no
D_0002280055	fake	0.146720	-1.9192	fake	yes
D_0002280076	fake	0.998147	-0.0019	genuine	no
D_0002280097	fake	0.015619	-4.1593	fake	yes
D_0002280286	genuine	0.999362	-0.0006	genuine	yes
D_0002280517	fake	0.025485	-3.6697	fake	yes
D_0002280538	fake	0.478676	-0.7367	fake	yes
D_0002280559	fake	0.000259	-8.2583	fake	yes
D_0002280580	fake	0.025866	-3.6548	fake	yes
D_0002280811	genuine	0.999993	-0.0000	genuine	yes
D_0002281084	fake	0.186705	-1.6782	fake	yes
D_0002281189	fake	0.000354	-7.9453	fake	yes
D_0002281315	genuine	0.996988	-0.0030	genuine	yes
D_0002281588	fake	0.001580	-6.4505	fake	yes
D_0002281630	fake	0.025490	-3.6695	fake	yes
D_0002281819	genuine	0.997302	-0.0027	genuine	yes
D_0002281840	fake	0.997537	-0.0025	genuine	no
D_0002281945	genuine	0.999962	-0.0000	genuine	yes
D_0002282029	genuine	0.999995	-0.0000	genuine	yes
D_0002282092	fake	0.971377	-0.0290	genuine	no
D_0002282302	fake	0.996792	-0.0032	genuine	no
D_0002282449	fake	0.648553	-0.4330	genuine	no
D_0002282785	fake	0.124277	-2.0852	fake	yes
D_0002282848	fake	0.970472	-0.0300	genuine	no
D_0002282869	genuine	0.998726	-0.0013	genuine	yes
D_0002283289	genuine	0.999997	-0.0000	genuine	yes
D_0002283310	fake	0.571530	-0.5594	genuine	no
D_0002283478	genuine	0.017852	-4.0257	fake	no
D_0002283520	fake	0.226730	-1.4840	fake	yes
D_0002283541	fake	0.024593	-3.7053	fake	yes
D_0002283919	fake	0.007090	-4.9490	fake	yes
D_0002284108	fake	0.098440	-2.3183	fake	yes
D_0002284318	fake	0.614664	-0.4867	genuine	no
D_0002284339	fake	0.953018	-0.0481	genuine	no
D_0002284402	fake	0.999667	-0.0003	genuine	no
D_0002284528	genuine	0.541524	-0.6134	genuine	yes
D_0002284654	fake	0.003698	-5.6000	fake	yes
D_0002284717	fake	0.051751	-2.9613	fake	yes
D_0002284801	fake	0.211998	-1.5512	fake	yes
D_0002284843	fake	0.090786	-2.3992	fake	yes
D_0002284864	fake	0.804631	-0.2174	genuine	no
D_0002284969	fake	0.011078	-4.5028	fake	yes
D_0002285011	fake	0.092156	-2.3843	fake	yes
D_0002285095	fake	0.725859	-0.3204	genuine	no
D_0002285116	genuine	0.995740	-0.0043	genuine	yes
D_0002285137	fake	0.080990	-2.5134	fake	yes
D_0002285200	fake	0.019503	-3.9372	fake	yes
D_0002285242	fake	0.512423	-0.6686	genuine	no
D_0002285305	genuine	1.000000	0.0000	genuine	yes
D_0002285473	fake	0.005234	-5.2526	fake	yes
D_0002285494	fake	0.003416	-5.6793	fake	yes
D_0002285683	fake	0.000999	-6.9085	fake	yes
D_0002285956	fake	0.010104	-4.5948	fake	yes
D_0002286187	fake	0.136254	-1.9932	fake	yes
D_0002286355	genuine	0.976259	-0.0240	genuine	yes
D_0002286481	fake	0.004593	-5.3832	fake	yes
D_0002286628	fake	0.005038	-5.2906	fake	yes
D_0002286691	fake	0.889029	-0.1176	genuine	no
D_0002286775	fake	0.006806	-4.9899	fake	yes
D_0002286838	fake	0.014333	-4.2452	fake	yes
D_0002286859	fake	0.100642	-2.2962	fake	yes
D_0002286943	fake	0.254853	-1.3671	fake	yes
D_0002286985	fake	0.013681	-4.2917	fake	yes
D_0002287027	fake	0.991293	-0.0087	genuine	no
D_0002287048	fake	0.004478	-5.4086	fake	yes
D_0002287153	fake	0.988140	-0.0119	genuine	no
D_0002287426	genuine	0.345513	-1.0627	fake	no
D_0002287615	fake	0.694991	-0.3639	genuine	no
D_0002287636	fake	0.011261	-4.4864	fake	yes
D_0002287699	fake	0.932458	-0.0699	genuine	no
D_0002287741	fake	0.135242	-2.0007	fake	yes
D_0002287783	fake	0.064267	-2.7447	fake	yes
D_0002287972	fake	0.160841	-1.8273	fake	yes
D_0002288014	fake	0.377396	-0.9745	fake	yes
D_0002288224	fake	0.338011	-1.0847	fake	yes
D_0002288266	genuine	0.994649	-0.0054	genuine	yes
D_0002288392	fake	0.129532	-2.0438	fake	yes
D_0002288476	fake	0.648189	-0.4336	genuine	no
D_0002288518	fake	0.203558	-1.5918	fake	yes
D_0002288602	fake	0.010968	-4.5128	fake	yes
D_0002288665	fake	0.384295	-0.9563	fake	yes
D_0002288959	fake	0.000915	-6.9965	fake	yes
D_0002289148	fake	0.645921	-0.4371	genuine	no
D_0002289190	fake	0.002549	-5.9722	fake	yes
D_0002289673	fake	0.475202	-0.7440	fake	yes
D_0002289715	fake	0.155113	-1.8636	fake	yes
D_0002289736	fake	0.238291	-1.4343	fake	yes
D_0002289778	genuine	0.998541	-0.0015	genuine	yes
D_0002289820	fake	0.995096	-0.0049	genuine	no
D_0002289883	fake	0.976465	-0.0238	genuine	no
D_0002289925	fake	0.828806	-0.1878	genuine	no
D_0002290051	fake	0.329694	-1.1096	fake	yes
D_0002290072	fake	0.002121	-6.1558	fake	yes
D_0002290303	genuine	0.999924	-0.0001	genuine	yes
D_0002290492	fake	0.012411	-4.3892	fake	yes
D_0002290513	fake	0.235193	-1.4473	fake	yes
D_0002290639	fake	0.008899	-4.7218	fake	yes
D_0002290660	genuine	0.017151	-4.0657	fake	no
D_0002290702	fake	0.036475	-3.3111	fake	yes
D_0002290807	fake	0.050498	-2.9858	fake	yes
D_0002290933	fake	0.936175	-0.0660	genuine	no
D_0002290954	fake	0.000460	-7.6851	fake	yes
D_0002291101	fake	0.991112	-0.0089	genuine	no
D_0002291122	fake	0.494601	-0.7040	fake	yes
D_0002291332	fake	0.075288	-2.5864	fake	yes
D_0002291458	fake	0.362395	-1.0150	fake	yes
D_0002291752	fake	0.885407	-0.1217	genuine	no
D_0002291857	genuine	0.469021	-0.7571	fake	no
D_0002291962	fake	0.010402	-4.5658	fake	yes
D_0002292109	fake	0.622598	-0.4739	genuine	no
D_0002292130	fake	0.000013	-11.2440	fake	yes
D_0002292151	fake	0.001535	-6.4791	fake	yes
D_0002292361	genuine	1.000000	0.0000	genuine	yes
D_0002292403	genuine	0.999999	-0.0000	genuine	yes
D_0002292571	fake	0.267456	-1.3188	fake	yes
D_0002292718	fake	0.001193	-6.7311	fake	yes
D_0002292760	fake	0.999460	-0.0005	genuine	no
D_0002292802	genuine	1.000000	-0.0000	genuine	yes
D_0002292928	genuine	1.000000	-0.0000	genuine	yes
D_0002293054	genuine	0.999995	-0.0000	genuine	yes
D_0002293138	genuine	0.538750	-0.6185	genuine	yes
D_0002293264	fake	0.048510	-3.0260	fake	yes
D_0002293495	fake	0.005591	-5.1865	fake	yes
D_0002293579	fake	0.502066	-0.6890	genuine	no
D_0002293642	genuine	0.999412	-0.0006	genuine	yes
D_0002293663	fake	0.041133	-3.1910	fake	yes
D_0002293684	fake	0.130486	-2.0365	fake	yes
D_0002293810	fake	0.198770	-1.6156	fake	yes
D_0002293831	fake	0.964728	-0.0359	genuine	no
D_0002294020	fake	0.951268	-0.0500	genuine	no
D_0002294209	genuine	0.999997	-0.0000	genuine	yes
D_0002294272	fake	0.438817	-0.8237	fake	yes
D_0002294356	fake	0.095501	-2.3486	fake	yes
D_0002294461	genuine	0.999997	-0.0000	genuine	yes
D_0002294629	fake	0.998878	-0.0011	genuine	no
D_0002294734	fake	0.000002	-13.0768	fake	yes
D_0002294797	fake	0.001111	-6.8029	fake	yes
D_0002294818	fake	0.998148	-0.0019	genuine	no
D_0002294860	fake	0.011802	-4.4395	fake	yes
D_0002294986	genuine	0.000356	-7.9408	fake	no
D_0002295070	fake	0.623670	-0.4721	genuine	no
D_0002295091	genuine	0.999900	-0.0001	genuine	yes
D_0002295259	fake	0.004684	-5.3636	fake	yes
D_0002295322	fake	0.551163	-0.5957	genuine	no
D_0002295406	fake	0.040951	-3.1954	fake	yes
D_0002295469	fake	0.053704	-2.9243	fake	yes
D_0002295595	fake	0.146055	-1.9238	fake	yes
D_0002295910	fake	0.008714	-4.7428	fake	yes
D_0002296141	fake	0.990240	-0.0098	genuine	no
D_0002296288	fake	0.998906	-0.0011	genuine	no
D_0002296393	fake	0.215089	-1.5367	fake	yes
D_0002296708	fake	0.019877	-3.9182	fake	yes
D_0002296771	genuine	0.000009	-11.6661	fake	no
D_0002296897	fake	0.908739	-0.0957	genuine	no
D_0002296960	genuine	0.957384	-0.0436	genuine	yes
D_0002296981	fake	0.690578	-0.3702	genuine	no
D_0002297065	fake	0.244540	-1.4084	fake	yes
D_0002297086	genuine	0.999991	-0.0000	genuine	yes
D_0002297107	fake	0.166229	-1.7944	fake	yes
D_0002297275	fake	0.065534	-2.7252	fake	yes
D_0002297380	fake	0.825103	-0.1922	genuine	no
D_0002297506	fake	0.992615	-0.0074	genuine	no
D_0002297632	fake	0.002052	-6.1887	fake	yes
D_0002297737	fake	0.990279	-0.0098	genuine	no
D_0002297842	fake	0.704947	-0.3496	genuine	no
D_0002298073	fake	0.964436	-0.0362	genuine	no
D_0002298199	fake	0.837662	-0.1771	genuine	no
D_0002298220	genuine	0.998141	-0.0019	genuine	yes
D_0002298283	fake	0.000006	-12.0342	fake	yes
D_0002298409	fake	0.069026	-2.6733	fake	yes
D_0002298556	fake	0.892828	-0.1134	genuine	no
D_0002298682	fake	0.029366	-3.5279	fake	yes
D_0002298724	genuine	1.000000	-0.0000	genuine	yes
D_0002298745	fake	0.702895	-0.3525	genuine	no
D_0002298766	fake	0.663429	-0.4103	genuine	no
D_0002298787	fake	0.018301	-4.0008	fake	yes
D_0002298976	genuine	0.999983	-0.0000	genuine	yes
D_0002299039	fake	0.738072	-0.3037	genuine	no
D_0002299333	genuine	0.999979	-0.0000	genuine	yes
D_0002299354	genuine	0.923603	-0.0795	genuine	yes
D_0002299396	fake	0.852203	-0.1599	genuine	no
D_0002299417	genuine	0.999972	-0.0000	genuine	yes
D_0002299522	fake	0.011973	-4.4251	fake	yes
D_0002299627	fake	0.000010	-11.5117	fake	yes
D_0002299648	fake	0.244092	-1.4102	fake	yes
D_0002299669	fake	0.127329	-2.0610	fake	yes
D_0002299753	genuine	0.999608	-0.0004	genuine	yes
D_0002299858	genuine	0.999994	-0.0000	genuine	yes
D_0002299984	fake	0.000034	-10.3003	fake	yes
D_0002300110	fake	0.041415	-3.1841	fake	yes
D_0002300320	fake	0.371484	-0.9903	fake	yes
D_0002300404	genuine	0.941926	-0.0598	genuine	yes
D_0002300530	fake	0.000126	-8.9785	fake	yes
D_0002300572	fake	0.057589	-2.8544	fake	yes
D_0002300614	fake	0.007417	-4.9040	fake	yes
D_0002300635	genuine	0.999415	-0.0006	genuine	yes
D_0002300677	fake	0.004493	-5.4052	fake	yes
D_0002301013	genuine	0.997531	-0.0025	genuine	yes
D_0002301517	fake	0.529915	-0.6350	genuine	no
D_0002301622	fake	0.978664	-0.0216	genuine	no
D_0002301706	fake	0.099986	-2.3027	fake	yes
D_0002301727	fake	0.514829	-0.6639	genuine	no
D_0002301790	fake	0.911425	-0.0927	genuine	no
D_0002301853	fake	0.988535	-0.0115	genuine	no
D_0002301916	fake	0.015055	-4.1960	fake	yes
D_0002302000	genuine	0.999993	-0.0000	genuine	yes
D_0002302063	fake	0.010443	-4.5618	fake	yes
D_0002302105	genuine	0.923223	-0.0799	genuine	yes
D_0002302231	fake	0.000621	-7.3843	fake	yes
D_0002302252	fake	0.000558	-7.4904	fake	yes
D_0002302357	fake	0.104055	-2.2628	fake	yes
D_0002302378	fake	0.876067	-0.1323	genuine	no
D_0002302399	fake	0.043426	-3.1367	fake	yes
D_0002302420	fake	0.017058	-4.0711	fake	yes
D_0002302630	fake	0.978986	-0.0212	genuine	no
D_0002302777	fake	0.899988	-0.1054	genuine	no
D_0002302798	genuine	0.903377	-0.1016	genuine	yes
D_0002302819	fake	0.036664	-3.3060	fake	yes
D_0002302987	fake	0.224963	-1.4918	fake	yes
D_0002303155	fake	0.760378	-0.2739	genuine	no
D_0002303218	fake	0.644331	-0.4395	genuine	no
D_0002303428	fake	0.882158	-0.1254	genuine	no
D_0002303449	genuine	0.985769	-0.0143	genuine	yes
D_0002303491	fake	0.011795	-4.4401	fake	yes
D_0002303659	fake	0.131381	-2.0297	fake	yes
D_0002303764	genuine	0.860502	-0.1502	genuine	yes
D_0002303785	fake	0.677070	-0.3900	genuine	no
D_0002303890	genuine	1.000000	-0.0000	genuine	yes
D_0002303911	genuine	0.996542	-0.0035	genuine	yes
D_0002304142	genuine	0.999987	-0.0000	genuine	yes
D_0002304184	fake	0.251341	-1.3809	fake	yes
D_0002304247	fake	0.385901	-0.9522	fake	yes
D_0002304562	fake	0.997142	-0.0029	genuine	no
D_0002304604	fake	0.321482	-1.1348	fake	yes
D_0002304646	fake	0.020989	-3.8637	fake	yes
D_0002304856	genuine	0.991538	-0.0085	genuine	yes
D_0002304919	genuine	0.999841	-0.0002	genuine	yes
D_0002304940	fake	0.004980	-5.3024	fake	yes
D_0002305045	fake	0.667434	-0.4043	genuine	no
D_0002305066	fake	0.012531	-4.3796	fake	yes
D_0002305087	genuine	0.999050	-0.0010	genuine	yes
D_0002305255	genuine	0.998402	-0.0016	genuine	yes
D_0002305381	genuine	0.994655	-0.0054	genuine	yes
D_0002305465	fake	0.011396	-4.4745	fake	yes
D_0002305570	fake	0.000221	-8.4178	fake	yes
D_0002305591	fake	0.010781	-4.5299	fake	yes
D_0002305612	fake	0.796648	-0.2273	genuine	no
D_0002305654	fake	0.780453	-0.2479	genuine	no
D_0002305738	fake	0.055373	-2.8937	fake	yes
D_0002305927	fake	0.001153	-6.7650	fake	yes
D_0002305948	fake	0.903922	-0.1010	genuine	no
D_0002306158	fake	0.099193	-2.3107	fake	yes
D_0002306284	fake	0.927133	-0.0757	genuine	no
D_0002306305	genuine	0.998715	-0.0013	genuine	yes
D_0002306347	genuine	0.079493	-2.5321	fake	no
D_0002306368	fake	0.168124	-1.7831	fake	yes
D_0002306515	genuine	0.004429	-5.4195	fake	no
D_0002306641	fake	0.016198	-4.1229	fake	yes
D_0002306662	fake	0.032027	-3.4412	fake	yes
D_0002306788	fake	0.362777	-1.0140	fake	yes
D_0002306830	fake	0.999886	-0.0001	genuine	no
D_0002306872	genuine	1.000000	-0.0000	genuine	yes
D_0002307355	fake	0.363525	-1.0119	fake	yes
D_0002307376	fake	0.504824	-0.6835	genuine	no
D_0002307607	genuine	1.000000	-0.0000	genuine	yes
D_0002307775	fake	0.848406	-0.1644	genuine	no
D_0002307817	fake	0.314578	-1.1565	fake	yes
D_0002307901	fake	0.056983	-2.8650	fake	yes
D_0002307985	fake	0.769954	-0.2614	genuine	no
D_0002308174	fake	0.114327	-2.1687	fake	yes
D_0002308279	fake	0.986976	-0.0131	genuine	no
D_0002308405	fake	0.116109	-2.1532	fake	yes
D_0002308426	fake	0.004599	-5.3819	fake	yes
D_0002308531	fake	0.022517	-3.7935	fake	yes
D_0002308678	fake	0.639262	-0.4474	genuine	no
D_0002308699	fake	0.998958	-0.0010	genuine	no
D_0002308825	fake	0.280765	-1.2702	fake	yes
D_0002308888	fake	0.221782	-1.5061	fake	yes
D_0002308930	fake	0.018475	-3.9914	fake	yes
D_0002308972	fake	0.006029	-5.1113	fake	yes
D_0002309098	fake	0.000075	-9.5007	fake	yes
D_0002309161	fake	0.122579	-2.0990	fake	yes
D_0002309182	fake	0.034716	-3.3606	fake	yes
D_0002309392	fake	0.004576	-5.3869	fake	yes
D_0002309413	genuine	0.999996	-0.0000	genuine	yes
D_0002309518	fake	0.001528	-6.4840	fake	yes
D_0002309539	fake	0.329011	-1.1117	fake	yes
D_0002309560	fake	0.068999	-2.6737	fake	yes
D_0002309707	genuine	0.990259	-0.0098	genuine	yes
D_0002309812	fake	0.003714	-5.5956	fake	yes
D_0002310211	fake	0.025893	-3.6538	fake	yes
D_0002310232	fake	0.537351	-0.6211	genuine	no
D_0002310295	fake	0.063694	-2.7537	fake	yes
D_0002310379	fake	0.189599	-1.6628	fake	yes
D_0002310757	fake	0.002096	-6.1676	fake	yes
D_0002310820	fake	0.602087	-0.5074	genuine	no
D_0002310841	fake	0.991012	-0.0090	genuine	no
D_0002310862	fake	0.911280	-0.0929	genuine	no
D_0002310967	fake	0.133935	-2.0104	fake	yes
D_0002310988	genuine	1.000000	0.0000	genuine	yes
D_0002311051	fake	0.574506	-0.5542	genuine	no
D_0002311156	genuine	0.999999	-0.0000	genuine	yes
D_0002311177	fake	0.002516	-5.9850	fake	yes
D_0002311534	genuine	0.995455	-0.0046	genuine	yes
D_0002311576	genuine	0.999946	-0.0001	genuine	yes
D_0002311639	fake	0.025359	-3.6746	fake	yes
D_0002311660	fake	0.082169	-2.4990	fake	yes
D_0002311765	fake	0.024678	-3.7018	fake	yes
D_0002311954	genuine	0.996780	-0.0032	genuine	yes
D_0002311996	genuine	0.999015	-0.0010	genuine	yes
D_0002312038	genuine	0.999870	-0.0001	genuine	yes
D_0002312353	genuine	0.999987	-0.0000	genuine	yes
D_0002312521	genuine	0.999993	-0.0000	genuine	yes
D_0002312563	fake	0.000023	-10.6884	fake	yes
D_0002312983	fake	0.005587	-5.1874	fake	yes
D_0002313445	fake	0.024688	-3.7015	fake	yes
D_0002313466	fake	0.008466	-4.7717	fake	yes
D_0002313571	fake	0.633505	-0.4565	genuine	no
D_0002313634	fake	0.985047	-0.0151	genuine	no
D_0002313718	fake	0.000040	-10.1199	fake	yes
D_0002313760	fake	0.287044	-1.2481	fake	yes
D_0002313781	fake	0.289080	-1.2411	fake	yes
D_0002313970	fake	0.092411	-2.3815	fake	yes
D_0002314054	fake	0.579079	-0.5463	genuine	no
D_0002314369	fake	0.000649	-7.3395	fake	yes
D_0002314537	fake	0.000401	-7.8209	fake	yes
D_0002314642	fake	0.223280	-1.4993	fake	yes
D_0002315041	fake	0.518188	-0.6574	genuine	no
D_0002315272	fake	0.122784	-2.0973	fake	yes
D_0002315377	fake	0.906070	-0.0986	genuine	no
D_0002315482	fake	0.095461	-2.3490	fake	yes
D_0002315608	fake	0.386751	-0.9500	fake	yes
D_0002315818	genuine	0.009026	-4.7077	fake	no
D_0002315965	fake	0.997325	-0.0027	genuine	no
D_0002316112	fake	0.010777	-4.5303	fake	yes
D_0002316133	fake	0.166446	-1.7931	fake	yes
D_0002316217	fake	0.000280	-8.1800	fake	yes
D_0002316301	genuine	0.011737	-4.4450	fake	no
D_0002316322	fake	0.259313	-1.3497	fake	yes
D_0002316364	fake	0.028146	-3.5704	fake	yes
D_0002316427	fake	0.002095	-6.1680	fake	yes
D_0002316490	fake	0.950231	-0.0511	genuine	no
D_0002316574	fake	0.999987	-0.0000	genuine	no
D_0002316700	genuine	0.007161	-4.9391	fake	no
D_0002316784	fake	0.973852	-0.0265	genuine	no
D_0002317015	fake	0.988836	-0.0112	genuine	no
D_0002317036	genuine	0.999977	-0.0000	genuine	yes
D_0002317204	fake	0.538121	-0.6197	genuine	no
D_0002317246	fake	0.572827	-0.5572	genuine	no
D_0002317372	genuine	0.999972	-0.0000	genuine	yes
D_0002317456	fake	0.528665	-0.6374	genuine	no
D_0002317561	genuine	0.999907	-0.0001	genuine	yes
D_0002317666	fake	0.004242	-5.4628	fake	yes
D_0002317687	fake	0.245726	-1.4035	fake	yes
D_0002317750	fake	0.970695	-0.0297	genuine	no
D_0002317834	fake	0.167170	-1.7887	fake	yes
D_0002317855	genuine	0.999519	-0.0005	genuine	yes
D_0002317897	fake	0.014220	-4.2531	fake	yes
D_0002318023	fake	0.989887	-0.0102	genuine	no
D_0002318212	fake	0.972667	-0.0277	genuine	no
D_0002318380	fake	0.000059	-9.7446	fake	yes
D_0002318422	fake	0.011784	-4.4410	fake	yes
D_0002318443	genuine	0.669070	-0.4019	genuine	yes
D_0002318569	fake	0.001223	-6.7064	fake	yes
D_0002318590	fake	0.907457	-0.0971	genuine	no
D_0002318632	genuine	0.000200	-8.5171	fake	no
D_0002318716	fake	0.000002	-13.4024	fake	yes
D_0002318758	fake	0.001174	-6.7471	fake	yes
D_0002318800	fake	0.026145	-3.6441	fake	yes
D_0002318842	fake	0.379718	-0.9683	fake	yes
D_0002318863	fake	0.086838	-2.4437	fake	yes
D_0002318989	fake	0.005731	-5.1619	fake	yes
D_0002319094	fake	0.000030	-10.4049	fake	yes
D_0002319136	genuine	0.973286	-0.0271	genuine	yes
D_0002319157	fake	0.009095	-4.7000	fake	yes
D_0002319409	genuine	0.999449	-0.0006	genuine	yes
D_0002319430	fake	0.101862	-2.2841	fake	yes
D_0002319598	genuine	0.999998	-0.0000	genuine	yes
D_0002319640	fake	0.066991	-2.7032	fake	yes
D_0002319682	genuine	0.645545	-0.4377	genuine	yes
D_0002319703	genuine	0.806872	-0.2146	genuine	yes
D_0002319892	fake	0.307541	-1.1791	fake	yes
D_0002319934	fake	0.012502	-4.3819	fake	yes
D_0002319955	genuine	0.999983	-0.0000	genuine	yes
D_0002319976	genuine	0.988974	-0.0111	genuine	yes
D_0002320060	fake	0.001571	-6.4557	fake	yes
D_0002320312	fake	0.019923	-3.9159	fake	yes
D_0002320354	fake	0.222026	-1.5050	fake	yes
D_0002320375	fake	0.020746	-3.8754	fake	yes
D_0002320438	fake	0.012386	-4.3912	fake	yes
D_0002320585	fake	0.203110	-1.5940	fake	yes
D_0002320753	genuine	0.999827	-0.0002	genuine	yes
D_0002320795	genuine	0.994136	-0.0059	genuine	yes
D_0002320921	fake	0.687569	-0.3746	genuine	no
D_0002320984	fake	0.044132	-3.1206	fake	yes
D_0002321026	fake	0.804445	-0.2176	genuine	no
D_0002321215	fake	0.578179	-0.5479	genuine	no
D_0002321362	fake	0.049322	-3.0094	fake	yes
D_0002321404	fake	0.014969	-4.2018	fake	yes
D_0002321467	genuine	0.996725	-0.0033	genuine	yes
D_0002321488	fake	0.010989	-4.5109	fake	yes
D_0002321551	fake	0.087855	-2.4321	fake	yes
D_0002321593	fake	0.785469	-0.2415	genuine	no
D_0002321887	fake	0.575915	-0.5518	genuine	no
D_0002322139	fake	0.109379	-2.2129	fake	yes
D_0002322328	fake	0.008665	-4.7485	fake	yes
D_0002322433	genuine	0.999929	-0.0001	genuine	yes
D_0002322727	fake	0.002707	-5.9120	fake	yes
D_0002322790	genuine	0.999974	-0.0000	genuine	yes
D_0002322811	fake	0.991843	-0.0082	genuine	no
D_0002322916	fake	0.010743	-4.5335	fake	yes
D_0002322979	fake	0.298961	-1.2074	fake	yes
D_0002323042	fake	0.991066	-0.0090	genuine	no
D_0002323084	fake	0.031766	-3.4494	fake	yes
D_0002323105	fake	0.889980	-0.1166	genuine	no
D_0002323378	fake	0.306479	-1.1826	fake	yes
D_0002323504	genuine	0.999961	-0.0000	genuine	yes
D_0002323714	fake	0.805417	-0.2164	genuine	no
D_0002323735	genuine	0.724203	-0.3227	genuine	yes
D_0002323882	fake	0.998281	-0.0017	genuine	no
D_0002323903	fake	0.914604	-0.0893	genuine	no
D_0002324008	genuine	0.914002	-0.0899	genuine	yes
D_0002324113	fake	0.000063	-9.6648	fake	yes
D_0002324302	genuine	0.998479	-0.0015	genuine	yes
D_0002324407	fake	0.359569	-1.0228	fake	yes
D_0002324428	fake	0.000011	-11.3841	fake	yes
D_0002324638	fake	0.000570	-7.4696	fake	yes
D_0002324722	fake	0.001748	-6.3491	fake	yes
D_0002324743	fake	0.002952	-5.8252	fake	yes
D_0002324911	fake	0.182833	-1.6992	fake	yes
D_0002325268	fake	0.976653	-0.0236	genuine	no
D_0002325289	genuine	0.999892	-0.0001	genuine	yes
D_0002325667	genuine	0.985245	-0.0149	genuine	yes
D_0002325730	fake	0.012664	-4.3690	fake	yes
D_0002325793	fake	0.850269	-0.1622	genuine	no
D_0002325814	fake	0.137834	-1.9817	fake	yes
D_0002325835	fake	0.971362	-0.0291	genuine	no
D_0002325940	fake	0.129062	-2.0475	fake	yes
D_0002326339	genuine	0.999811	-0.0002	genuine	yes
D_0002326360	fake	0.000688	-7.2815	fake	yes
D_0002326381	genuine	1.000000	-0.0000	genuine	yes
D_0002326423	fake	0.535268	-0.6250	genuine	no
D_0002326549	fake	0.750297	-0.2873	genuine	no
D_0002326717	fake	0.211033	-1.5557	fake	yes
D_0002326864	fake	0.984626	-0.0155	genuine	no
D_0002326885	fake	0.999584	-0.0004	genuine	no
D_0002327095	fake	0.969928	-0.0305	genuine	no
D_0002327200	fake	0.026991	-3.6123	fake	yes
D_0002327221	fake	0.999900	-0.0001	genuine	no
D_0002327242	fake	0.999289	-0.0007	genuine	no
D_0002327263	fake	0.999977	-0.0000	genuine	no
D_0002327284	fake	0.014957	-4.2026	fake	yes
D_0002327305	fake	0.180110	-1.7142	fake	yes
D_0002327473	fake	0.019204	-3.9526	fake	yes
D_0002327536	fake	0.003961	-5.5313	fake	yes
D_0002327641	genuine	0.996245	-0.0038	genuine	yes
D_0002327788	fake	0.000889	-7.0259	fake	yes
D_0002327977	genuine	0.860812	-0.1499	genuine	yes
D_0002328082	fake	0.019174	-3.9542	fake	yes
D_0002328313	fake	0.023863	-3.7354	fake	yes
D_0002328355	fake	0.351421	-1.0458	fake	yes
D_0002328397	genuine	0.465406	-0.7648	fake	no
D_0002328607	fake	0.000732	-7.2197	fake	yes
D_0002328649	fake	0.115635	-2.1573	fake	yes
D_0002328691	fake	0.996639	-0.0034	genuine	no
D_0002328712	fake	0.475547	-0.7433	fake	yes
D_0002328754	fake	0.140142	-1.9651	fake	yes
D_0002329153	genuine	0.987177	-0.0129	genuine	yes
D_0002329384	fake	0.185793	-1.6831	fake	yes
D_0002329426	fake	0.901929	-0.1032	genuine	no
D_0002329552	genuine	1.000000	0.0000	genuine	yes
D_0002329657	genuine	0.079874	-2.5273	fake	no
D_0002329762	fake	0.789212	-0.2367	genuine	no
D_0002329804	fake	0.002103	-6.1642	fake	yes
D_0002329825	fake	0.861202	-0.1494	genuine	no
D_0002329909	fake	0.522186	-0.6497	genuine	no
D_0002329951	genuine	0.000130	-8.9481	fake	no
D_0002329993	genuine	0.992554	-0.0075	genuine	yes
D_0002330035	genuine	0.999885	-0.0001	genuine	yes
D_0002330392	fake	0.999511	-0.0005	genuine	no
D_0002330434	fake	0.389674	-0.9424	fake	yes
D_0002330875	fake	0.001425	-6.5535	fake	yes
D_0002330959	fake	0.191684	-1.6519	fake	yes
D_0002331043	fake	0.984396	-0.0157	genuine	no
D_0002331064	fake	0.001817	-6.3106	fake	yes
D_0002331127	fake	0.002314	-6.0690	fake	yes
D_0002331211	fake	0.161044	-1.8261	fake	yes
D_0002331253	genuine	0.743146	-0.2969	genuine	yes
D_0002331316	fake	0.031607	-3.4544	fake	yes
D_0002331547	fake	0.680748	-0.3846	genuine	no
D_0002331568	fake	0.997880	-0.0021	genuine	no
D_0002331610	genuine	0.998369	-0.0016	genuine	yes
D_0002331652	fake	0.052842	-2.9404	fake	yes
D_0002331778	fake	0.003736	-5.5896	fake	yes
D_0002331820	fake	0.001092	-6.8194	fake	yes
D_0002331946	genuine	0.000137	-8.8970	fake	no
D_0002332135	genuine	0.998397	-0.0016	genuine	yes
D_0002332219	genuine	0.999894	-0.0001	genuine	yes
D_0002332240	fake	0.606593	-0.4999	genuine	no
D_0002332597	fake	0.122320	-2.1011	fake	yes
D_0002332849	genuine	1.000000	-0.0000	genuine	yes
D_0002333059	fake	0.996992	-0.0030	genuine	no
D_0002333122	fake	0.030617	-3.4862	fake	yes
D_0002333332	genuine	0.999962	-0.0000	genuine	yes
D_0002333500	fake	0.681899	-0.3829	genuine	no
D_0002333605	genuine	0.997881	-0.0021	genuine	yes
D_0002333710	fake	0.460675	-0.7751	fake	yes
D_0002333731	fake	0.000161	-8.7359	fake	yes
D_0002333773	fake	0.283262	-1.2614	fake	yes
D_0002333857	genuine	1.000000	0.0000	genuine	yes
D_0002333899	fake	0.970810	-0.0296	genuine	no
D_0002334046	fake	0.000448	-7.7099	fake	yes
D_0002334130	genuine	0.917352	-0.0863	genuine	yes
D_0002334172	genuine	0.999958	-0.0000	genuine	yes
D_0002334193	fake	0.777265	-0.2520	genuine	no
D_0002334235	genuine	0.000554	-7.4984	fake	no
D_0002334403	fake	0.753104	-0.2836	genuine	no
D_0002334550	fake	0.121960	-2.1041	fake	yes
D_0002334592	genuine	0.999665	-0.0003	genuine	yes
D_0002335306	fake	0.033159	-3.4064	fake	yes
D_0002335432	genuine	0.977175	-0.0231	genuine	yes
D_0002335516	fake	0.762035	-0.2718	genuine	no
D_0002335537	fake	0.577045	-0.5498	genuine	no
D_0002335579	fake	0.824271	-0.1933	genuine	no
D_0002335621	fake	0.049364	-3.0085	fake	yes
D_0002335642	fake	0.221770	-1.5061	fake	yes
D_0002335705	fake	0.475473	-0.7434	fake	yes
D_0002335747	fake	0.000462	-7.6802	fake	yes
D_0002335768	fake	0.009447	-4.6620	fake	yes
D_0002335810	fake	0.002237	-6.1025	fake	yes
D_0002335894	fake	0.001163	-6.7565	fake	yes
D_0002335957	fake	0.994357	-0.0057	genuine	no
D_0002336167	fake	0.003082	-5.7822	fake	yes
D_0002336188	fake	0.014412	-4.2397	fake	yes
D_0002336335	fake	0.005023	-5.2937	fake	yes
D_0002336377	fake	0.061393	-2.7905	fake	yes
D_0002336545	fake	0.975129	-0.0252	genuine	no
D_0002336629	genuine	0.999838	-0.0002	genuine	yes
D_0002336713	fake	0.906121	-0.0986	genuine	no
D_0002336818	fake	0.976157	-0.0241	genuine	no
D_0002336839	genuine	0.022522	-3.7933	fake	no
D_0002336986	fake	0.420063	-0.8674	fake	yes
D_0002337070	fake	0.168768	-1.7792	fake	yes
D_0002337112	fake	0.140652	-1.9615	fake	yes
D_0002337322	fake	0.358660	-1.0254	fake	yes
D_0002337427	fake	0.000172	-8.6671	fake	yes
D_0002337511	genuine	0.944804	-0.0568	genuine	yes
D_0002337532	fake	0.948996	-0.0524	genuine	no
D_0002337721	fake	0.362113	-1.0158	fake	yes
D_0002337826	genuine	0.999988	-0.0000	genuine	yes
D_0002338057	genuine	0.999982	-0.0000	genuine	yes
D_0002338120	fake	0.002202	-6.1184	fake	yes
D_0002338162	fake	0.000009	-11.6354	fake	yes
D_0002338414	fake	0.066276	-2.7139	fake	yes
D_0002338435	fake	0.995989	-0.0040	genuine	no
D_0002338855	fake	0.000001	-13.8269	fake	yes
D_0002338918	fake	0.989953	-0.0101	genuine	no
D_0002338939	genuine	0.999998	-0.0000	genuine	yes
D_0002339149	fake	0.204539	-1.5870	fake	yes
D_0002339233	fake	0.846776	-0.1663	genuine	no
D_0002339527	fake	0.009643	-4.6415	fake	yes
D_0002339632	fake	0.123405	-2.0923	fake	yes
D_0002339674	fake	0.993103	-0.0069	genuine	no
D_0002339884	fake	0.911362	-0.0928	genuine	no
D_0002339905	fake	0.188383	-1.6693	fake	yes
D_0002339947	genuine	0.999951	-0.0000	genuine	yes
D_0002340010	fake	0.034725	-3.3603	fake	yes
D_0002340178	fake	0.134630	-2.0052	fake	yes
D_0002340220	fake	0.992339	-0.0077	genuine	no
D_0002340325	fake	0.036477	-3.3111	fake	yes
D_0002340472	fake	0.030289	-3.4970	fake	yes
D_0002340493	fake	0.014927	-4.2046	fake	yes
D_0002340514	fake	0.935424	-0.0668	genuine	no
D_0002340703	fake	0.026852	-3.6174	fake	yes
D_0002340787	fake	0.007626	-4.8762	fake	yes
D_0002340913	fake	0.024155	-3.7233	fake	yes
D_0002341060	fake	0.117481	-2.1415	fake	yes
D_0002341123	genuine	0.999982	-0.0000	genuine	yes
D_0002341186	fake	0.881172	-0.1265	genuine	no
D_0002341522	fake	0.110829	-2.1998	fake	yes
D_0002341564	fake	0.091173	-2.3950	fake	yes
D_0002341795	fake	0.995616	-0.0044	genuine	no
D_0002341858	fake	0.016625	-4.0969	fake	yes
D_0002342026	fake	0.041647	-3.1785	fake	yes
D_0002342047	genuine	0.773178	-0.2572	genuine	yes
D_0002342299	fake	0.972729	-0.0276	genuine	no
D_0002342341	genuine	0.998225	-0.0018	genuine	yes
D_0002342530	genuine	0.999989	-0.0000	genuine	yes
D_0002342635	genuine	0.999835	-0.0002	genuine	yes
D_0002342761	fake	0.000082	-9.4073	fake	yes
D_0002342908	genuine	1.000000	-0.0000	genuine	yes
D_0002342992	fake	0.694522	-0.3645	genuine	no
D_0002343139	fake	0.007509	-4.8917	fake	yes
D_0002343265	fake	0.974828	-0.0255	genuine	no
D_0002343328	fake	0.030786	-3.4807	fake	yes
D_0002343412	fake	0.000732	-7.2192	fake	yes
D_0002343517	fake	0.174946	-1.7433	fake	yes
D_0002343643	fake	0.000386	-7.8604	fake	yes
D_0002343790	fake	0.901147	-0.1041	genuine	no
D_0002343853	fake	0.003843	-5.5616	fake	yes
D_0002343937	fake	0.463584	-0.7688	fake	yes
D_0002344063	genuine	0.999997	-0.0000	genuine	yes
D_0002344126	genuine	0.999997	-0.0000	genuine	yes
D_0002344294	genuine	0.002513	-5.9861	fake	no
D_0002344567	fake	0.054008	-2.9186	fake	yes
D_0002344756	fake	0.006686	-5.0077	fake	yes
D_0002344798	fake	0.999350	-0.0007	genuine	no
D_0002344861	genuine	0.999802	-0.0002	genuine	yes
D_0002345008	fake	0.999863	-0.0001	genuine	no
D_0002345239	fake	0.988398	-0.0117	genuine	no
D_0002345449	fake	0.021122	-3.8575	fake	yes
D_0002345491	fake	0.002145	-6.1448	fake	yes
D_0002345806	genuine	0.998932	-0.0011	genuine	yes
D_0002345890	fake	0.097884	-2.3240	fake	yes
D_0002346079	fake	0.100022	-2.3024	fake	yes
D_0002346205	fake	0.027270	-3.6020	fake	yes
D_0002346331	genuine	0.999989	-0.0000	genuine	yes
D_0002346352	fake	0.999887	-0.0001	genuine	no
D_0002346436	fake	0.274538	-1.2927	fake	yes
D_0002346562	fake	0.000006	-11.9757	fake	yes
D_0002346730	fake	0.000199	-8.5224	fake	yes
D_0002346856	fake	0.000055	-9.8035	fake	yes
D_0002346961	fake	0.022678	-3.7863	fake	yes
D_0002347045	fake	0.110584	-2.2020	fake	yes
D_0002347129	fake	0.511322	-0.6708	genuine	no
D_0002347213	fake	0.000008	-11.7998	fake	yes
D_0002347318	fake	0.000063	-9.6704	fake	yes
D_0002347339	genuine	0.999999	-0.0000	genuine	yes
D_0002347423	fake	0.339377	-1.0806	fake	yes
D_0002347612	genuine	1.000000	0.0000	genuine	yes
D_0002347633	fake	0.032312	-3.4323	fake	yes
D_0002347801	fake	0.275196	-1.2903	fake	yes
D_0002347843	fake	0.996992	-0.0030	genuine	no
D_0002347990	fake	0.000084	-9.3882	fake	yes
D_0002348053	genuine	0.070221	-2.6561	fake	no
D_0002348074	fake	0.006323	-5.0635	fake	yes
D_0002348095	fake	0.941847	-0.0599	genuine	no
D_0002348158	fake	0.197293	-1.6231	fake	yes
D_0002348221	genuine	1.000000	0.0000	genuine	yes
D_0002348263	fake	0.250449	-1.3845	fake	yes
D_0002348431	genuine	0.997251	-0.0028	genuine	yes
D_0002348620	fake	0.393484	-0.9327	fake	yes
D_0002348725	genuine	0.999997	-0.0000	genuine	yes
D_0002348809	fake	0.153947	-1.8711	fake	yes
D_0002349040	fake	0.967900	-0.0326	genuine	no
D_0002349103	genuine	0.004405	-5.4249	fake	no
D_0002349145	fake	0.092832	-2.3770	fake	yes
D_0002349271	genuine	0.999999	-0.0000	genuine	yes
D_0002349418	fake	0.078811	-2.5407	fake	yes
D_0002349481	genuine	0.999994	-0.0000	genuine	yes
D_0002349901	fake	0.012905	-4.3501	fake	yes
D_0002350048	fake	0.001846	-6.2946	fake	yes
D_0002350090	genuine	0.875153	-0.1334	genuine	yes
D_0002350132	fake	0.001563	-6.4614	fake	yes
D_0002350174	fake	0.046123	-3.0765	fake	yes
D_0002350195	fake	0.063738	-2.7530	fake	yes
D_0002350237	fake	0.853709	-0.1582	genuine	no
D_0002350447	genuine	0.999987	-0.0000	genuine	yes
D_0002350489	fake	0.066373	-2.7125	fake	yes
D_0002350510	fake	0.001802	-6.3191	fake	yes
D_0002350552	fake	0.044257	-3.1177	fake	yes
D_0002350615	genuine	0.621090	-0.4763	genuine	yes
D_0002350720	genuine	0.997871	-0.0021	genuine	yes
D_0002350741	fake	0.067038	-2.7025	fake	yes
D_0002350909	fake	0.002988	-5.8131	fake	yes
D_0002351056	fake	0.024106	-3.7253	fake	yes
D_0002351287	fake	0.035831	-3.3289	fake	yes
D_0002351308	genuine	0.703503	-0.3517	genuine	yes
D_0002351434	fake	0.218604	-1.5205	fake	yes
D_0002351476	genuine	0.906465	-0.0982	genuine	yes
D_0002351518	genuine	0.994775	-0.0052	genuine	yes
D_0002351581	fake	0.248813	-1.3911	fake	yes
D_0002351791	fake	0.852365	-0.1597	genuine	no
D_0002351833	fake	0.979555	-0.0207	genuine	no
D_0002351854	genuine	0.994967	-0.0050	genuine	yes
D_0002352085	fake	0.095324	-2.3505	fake	yes
D_0002352106	genuine	0.999798	-0.0002	genuine	yes
D_0002352169	fake	0.000000	-15.1451	fake	yes
D_0002352253	fake	0.312622	-1.1628	fake	yes
D_0002352358	fake	0.354293	-1.0376	fake	yes
D_0002352379	genuine	0.999943	-0.0001	genuine	yes
D_0002352442	fake	0.000537	-7.5298	fake	yes
D_0002352484	fake	0.005653	-5.1755	fake	yes
D_0002352547	fake	0.634076	-0.4556	genuine	no
D_0002352610	fake	0.659059	-0.4169	genuine	no
D_0002352652	fake	0.456142	-0.7850	fake	yes
D_0002352841	fake	0.249182	-1.3896	fake	yes
D_0002352946	fake	0.053534	-2.9274	fake	yes
D_0002353009	fake	0.009729	-4.6326	fake	yes
D_0002353072	genuine	0.999999	-0.0000	genuine	yes
D_0002353387	fake	0.251872	-1.3788	fake	yes
D_0002353471	fake	0.993967	-0.0061	genuine	no
D_0002353513	genuine	0.999990	-0.0000	genuine	yes
D_0002353765	fake	0.108620	-2.2199	fake	yes
D_0002353828	fake	0.007593	-4.8806	fake	yes
D_0002353849	fake	0.849940	-0.1626	genuine	no
D_0002353996	genuine	0.990784	-0.0093	genuine	yes
D_0002354374	fake	0.995495	-0.0045	genuine	no
D_0002354416	genuine	0.936798	-0.0653	genuine	yes
D_0002354500	fake	0.008410	-4.7783	fake	yes
D_0002354563	fake	0.263827	-1.3325	fake	yes
D_0002354605	fake	0.824579	-0.1929	genuine	no
D_0002355235	fake	0.021132	-3.8570	fake	yes
D_0002355613	genuine	0.000199	-8.5233	fake	no
D_0002355760	genuine	0.999995	-0.0000	genuine	yes
D_0002355802	fake	0.177716	-1.7276	fake	yes
D_0002355928	fake	0.001344	-6.6124	fake	yes
D_0002356264	fake	0.006180	-5.0865	fake	yes
D_0002356285	fake	0.344816	-1.0647	fake	yes
D_0002356348	fake	0.060558	-2.8042	fake	yes
D_0002356537	fake	0.974226	-0.0261	genuine	no
D_0002356600	fake	0.828771	-0.1878	genuine	no
D_0002356663	fake	0.905449	-0.0993	genuine	no
D_0002357041	fake	0.745372	-0.2939	genuine	no
D_0002357272	fake	0.253029	-1.3743	fake	yes
D_0002357503	fake	0.900869	-0.1044	genuine	no
D_0002357545	fake	0.147507	-1.9139	fake	yes
D_0002357587	fake	0.098767	-2.3150	fake	yes
D_0002357734	fake	0.467369	-0.7606	fake	yes
D_0002357902	fake	0.053730	-2.9238	fake	yes
D_0002357944	fake	0.004437	-5.4177	fake	yes
D_0002357986	fake	0.385587	-0.9530	fake	yes
D_0002358133	fake	0.994847	-0.0052	genuine	no
D_0002358427	fake	0.083816	-2.4791	fake	yes
D_0002358448	genuine	0.259262	-1.3499	fake	no
D_0002358469	fake	0.378516	-0.9715	fake	yes
D_0002358532	fake	0.673252	-0.3956	genuine	no
D_0002358616	fake	0.918792	-0.0847	genuine	no
D_0002358700	fake	0.016434	-4.1084	fake	yes
D_0002358784	fake	0.385191	-0.9540	fake	yes
D_0002358952	fake	0.960492	-0.0403	genuine	no
D_0002359036	fake	0.011280	-4.4847	fake	yes
D_0002359057	fake	0.007142	-4.9418	fake	yes
D_0002359141	genuine	0.999993	-0.0000	genuine	yes
D_0002359183	genuine	0.999979	-0.0000	genuine	yes
D_0002359225	genuine	0.998789	-0.0012	genuine	yes
D_0002359267	fake	0.055320	-2.8946	fake	yes
D_0002359309	genuine	0.999855	-0.0001	genuine	yes
D_0002359540	genuine	0.999263	-0.0007	genuine	yes
D_0002359603	fake	0.070063	-2.6584	fake	yes
D_0002359645	fake	0.002746	-5.8975	fake	yes
D_0002359708	fake	0.665224	-0.4076	genuine	no
D_0002359855	fake	0.021541	-3.8378	fake	yes
D_0002359897	genuine	0.999561	-0.0004	genuine	yes
D_0002360044	fake	0.974271	-0.0261	genuine	no
D_0002360128	fake	0.036010	-3.3240	fake	yes
D_0002360212	fake	0.000208	-8.4801	fake	yes
D_0002360254	fake	0.004587	-5.3845	fake	yes
D_0002360422	fake	0.209525	-1.5629	fake	yes
D_0002360443	fake	0.999160	-0.0008	genuine	no
D_0002360548	fake	0.000590	-7.4353	fake	yes
D_0002360842	fake	0.455179	-0.7871	fake	yes
D_0002360989	fake	0.000002	-13.0840	fake	yes
D_0002361094	genuine	0.326799	-1.1184	fake	no
D_0002361241	genuine	1.000000	-0.0000	genuine	yes
D_0002361388	fake	0.002674	-5.9241	fake	yes
D_0002361430	fake	0.000231	-8.3736	fake	yes
D_0002361493	genuine	0.213269	-1.5452	fake	no
D_0002362081	fake	0.017761	-4.0308	fake	yes
D_0002362123	fake	0.619200	-0.4793	genuine	no
D_0002362186	fake	0.000926	-6.9847	fake	yes
D_0002362207	genuine	0.065556	-2.7249	fake	no
D_0002362669	fake	0.867631	-0.1420	genuine	no
D_0002362816	fake	0.017950	-4.0202	fake	yes
D_0002363005	fake	0.999964	-0.0000	genuine	no
D_0002363089	fake	0.878051	-0.1301	genuine	no
D_0002363236	fake	0.001352	-6.6061	fake	yes
D_0002363383	fake	0.151237	-1.8889	fake	yes
D_0002363530	fake	0.097983	-2.3230	fake	yes
D_0002363551	genuine	0.999947	-0.0001	genuine	yes
D_0002363572	genuine	0.999969	-0.0000	genuine	yes
D_0002363656	fake	0.038767	-3.2502	fake	yes
D_0002363677	fake	0.000921	-6.9903	fake	yes
D_0002363719	genuine	0.438893	-0.8235	fake	no
D_0002363740	genuine	0.993113	-0.0069	genuine	yes
D_0002363803	genuine	0.989438	-0.0106	genuine	yes
D_0002364013	fake	0.005193	-5.2605	fake	yes
D_0002364202	fake	0.006133	-5.0940	fake	yes
D_0002364391	fake	0.058318	-2.8418	fake	yes
D_0002364475	fake	0.140966	-1.9592	fake	yes
D_0002364559	fake	0.013125	-4.3332	fake	yes
D_0002364727	fake	0.832914	-0.1828	genuine	no
D_0002365525	fake	0.995647	-0.0044	genuine	no
D_0002365567	fake	0.005931	-5.1275	fake	yes
D_0002365672	fake	0.658224	-0.4182	genuine	no
D_0002365693	genuine	0.834329	-0.1811	genuine	yes
D_0002365819	fake	0.476953	-0.7403	fake	yes
D_0002366050	fake	0.000001	-13.8581	fake	yes
D_0002366239	fake	0.914499	-0.0894	genuine	no
D_0002366344	fake	0.008638	-4.7515	fake	yes
D_0002366407	fake	0.057735	-2.8519	fake	yes
D_0002366428	fake	0.103884	-2.2645	fake	yes
D_0002366470	fake	0.000160	-8.7407	fake	yes
D_0002366722	fake	0.005570	-5.1903	fake	yes
D_0002366806	fake	0.384390	-0.9561	fake	yes
D_0002366911	genuine	0.397664	-0.9221	fake	no
D_0002366974	genuine	0.584992	-0.5362	genuine	yes
D_0002367184	fake	0.058101	-2.8456	fake	yes
D_0002367268	fake	0.150014	-1.8970	fake	yes
D_0002367478	fake	0.166393	-1.7934	fake	yes
D_0002367499	fake	0.382900	-0.9600	fake	yes
D_0002367520	fake	0.125895	-2.0723	fake	yes
D_0002367667	fake	0.978964	-0.0213	genuine	no
D_0002367793	fake	0.974675	-0.0257	genuine	no
D_0002367835	fake	0.007163	-4.9388	fake	yes
D_0002367982	fake	0.056140	-2.8799	fake	yes
D_0002368066	genuine	0.999407	-0.0006	genuine	yes
D_0002368213	fake	0.000038	-10.1811	fake	yes
D_0002368234	genuine	0.999598	-0.0004	genuine	yes
D_0002368318	genuine	0.999998	-0.0000	genuine	yes
D_0002368444	fake	0.016270	-4.1184	fake	yes
D_0002368675	fake	0.210031	-1.5605	fake	yes
D_0002369053	fake	0.001664	-6.3984	fake	yes
D_0002369074	fake	0.982227	-0.0179	genuine	no
D_0002369242	fake	0.407646	-0.8974	fake	yes
D_0002369263	fake	0.028161	-3.5698	fake	yes
D_0002369515	fake	0.005535	-5.1966	fake	yes
D_0002369620	fake	0.101671	-2.2860	fake	yes
D_0002369662	fake	0.541846	-0.6128	genuine	no
D_0002369683	fake	0.233534	-1.4544	fake	yes
D_0002369704	fake	0.995515	-0.0045	genuine	no
D_0002369809	fake	0.918893	-0.0846	genuine	no
D_0002369935	fake	0.011590	-4.4576	fake	yes
D_0002369998	genuine	0.999958	-0.0000	genuine	yes
D_0002370019	fake	0.954323	-0.0468	genuine	no
D_0002370124	genuine	1.000000	-0.0000	genuine	yes
D_0002370187	fake	0.000024	-10.6479	fake	yes
D_0002370229	fake	0.004739	-5.3519	fake	yes
D_0002370460	fake	0.091828	-2.3878	fake	yes
D_0002370586	fake	0.003598	-5.6275	fake	yes
D_0002370607	fake	0.007959	-4.8334	fake	yes
D_0002370775	genuine	0.999857	-0.0001	genuine	yes
D_0002370817	fake	0.994435	-0.0056	genuine	no
D_0002370880	fake	0.132356	-2.0223	fake	yes
D_0002370901	genuine	0.999711	-0.0003	genuine	yes
D_0002370922	fake	0.019818	-3.9212	fake	yes
D_0002371111	fake	0.006969	-4.9662	fake	yes
D_0002371132	fake	0.171538	-1.7629	fake	yes
D_0002371342	fake	0.984099	-0.0160	genuine	no
D_0002371405	fake	0.510365	-0.6726	genuine	no
D_0002371447	fake	0.697621	-0.3601	genuine	no
D_0002371720	fake	0.045555	-3.0888	fake	yes
D_0002371867	fake	0.911370	-0.0928	genuine	no
D_0002371930	fake	0.915672	-0.0881	genuine	no
D_0002372119	genuine	0.995870	-0.0041	genuine	yes
D_0002372497	fake	0.885128	-0.1220	genuine	no
D_0002372518	fake	0.230039	-1.4695	fake	yes
D_0002372665	fake	0.120312	-2.1177	fake	yes
D_0002372833	fake	0.036313	-3.3156	fake	yes
D_0002372896	genuine	0.842844	-0.1710	genuine	yes
D_0002373001	fake	0.923845	-0.0792	genuine	no
D_0002373085	fake	0.274278	-1.2936	fake	yes
D_0002373190	fake	0.087270	-2.4387	fake	yes
D_0002373211	genuine	0.997714	-0.0023	genuine	yes
D_0002373253	fake	0.188533	-1.6685	fake	yes
D_0002373337	fake	0.997771	-0.0022	genuine	no
D_0002373358	fake	0.001597	-6.4395	fake	yes
D_0002373547	fake	0.003745	-5.5873	fake	yes
D_0002373799	fake	0.482946	-0.7279	fake	yes
D_0002373904	fake	0.164183	-1.8068	fake	yes
D_0002373967	fake	0.483421	-0.7269	fake	yes
D_0002374177	fake	0.018329	-3.9993	fake	yes
D_0002374240	fake	0.298924	-1.2076	fake	yes
D_0002374450	fake	0.001883	-6.2748	fake	yes
D_0002374471	fake	0.015594	-4.1609	fake	yes
D_0002374681	fake	0.117356	-2.1425	fake	yes
D_0002374702	fake	0.142700	-1.9470	fake	yes
D_0002374765	fake	0.002839	-5.8645	fake	yes
D_0002374807	fake	0.314235	-1.1576	fake	yes
D_0002374933	fake	0.005172	-5.2645	fake	yes
D_0002374996	fake	0.071788	-2.6340	fake	yes
D_0002375122	fake	0.001905	-6.2631	fake	yes
D_0002375164	genuine	0.998960	-0.0010	genuine	yes
D_0002375353	fake	0.986229	-0.0139	genuine	no
D_0002375395	fake	0.510584	-0.6722	genuine	no
D_0002375542	fake	0.338407	-1.0835	fake	yes
D_0002375563	fake	0.001700	-6.3770	fake	yes
D_0002375668	fake	0.040187	-3.2142	fake	yes
D_0002375815	fake	0.998759	-0.0012	genuine	no
D_0002375836	genuine	1.000000	-0.0000	genuine	yes
D_0002375920	fake	0.068274	-2.6842	fake	yes
D_0002376088	fake	0.066466	-2.7111	fake	yes
D_0002376172	fake	0.144548	-1.9341	fake	yes
D_0002376235	fake	0.096130	-2.3421	fake	yes
D_0002376361	fake	0.109512	-2.2117	fake	yes
D_0002376487	genuine	0.897259	-0.1084	genuine	yes
D_0002376571	fake	0.661262	-0.4136	genuine	no
D_0002376760	fake	0.004373	-5.4322	fake	yes
D_0002376844	fake	0.911282	-0.0929	genuine	no
D_0002377138	fake	0.733815	-0.3095	genuine	no
D_0002377264	fake	0.038954	-3.2454	fake	yes
D_0002377285	fake	0.998644	-0.0014	genuine	no
D_0002377306	genuine	0.000710	-7.2507	fake	no
D_0002377579	fake	0.362013	-1.0161	fake	yes
D_0002377621	fake	0.390788	-0.9396	fake	yes
D_0002377642	genuine	0.424761	-0.8562	fake	no
D_0002377768	fake	0.080320	-2.5217	fake	yes
D_0002377831	fake	0.224819	-1.4925	fake	yes
D_0002377957	genuine	0.999002	-0.0010	genuine	yes
D_0002378230	fake	0.174867	-1.7437	fake	yes
D_0002378419	fake	0.067384	-2.6973	fake	yes
D_0002378440	genuine	0.000147	-8.8239	fake	no
D_0002378629	fake	0.445374	-0.8088	fake	yes
D_0002378692	fake	0.595678	-0.5181	genuine	no
D_0002378923	fake	0.913704	-0.0902	genuine	no
D_0002379091	genuine	0.999998	-0.0000	genuine	yes
D_0002379511	genuine	0.985841	-0.0143	genuine	yes
D_0002379742	genuine	0.805812	-0.2159	genuine	yes
D_0002379784	fake	0.315788	-1.1527	fake	yes
D_0002380057	fake	0.004271	-5.4559	fake	yes
D_0002380162	fake	0.992560	-0.0075	genuine	no
D_0002380225	fake	0.000318	-8.0535	fake	yes
D_0002380267	genuine	0.980460	-0.0197	genuine	yes
D_0002380372	genuine	0.863837	-0.1464	genuine	yes
D_0002380393	fake	0.035910	-3.3267	fake	yes
D_0002380435	fake	0.322767	-1.1308	fake	yes
D_0002380456	fake	0.861330	-0.1493	genuine	no
D_0002380477	fake	0.030016	-3.5060	fake	yes
D_0002380603	fake	0.000209	-8.4727	fake	yes
D_0002380645	fake	0.949278	-0.0521	genuine	no
D_0002380666	genuine	0.999991	-0.0000	genuine	yes
D_0002380981	fake	0.006013	-5.1138	fake	yes
D_0002381002	fake	0.004993	-5.2998	fake	yes
D_0002381065	fake	0.029467	-3.5245	fake	yes
D_0002381086	fake	0.836561	-0.1785	genuine	no
D_0002381128	fake	0.846347	-0.1668	genuine	no
D_0002381191	fake	0.251926	-1.3786	fake	yes
D_0002381212	fake	0.009958	-4.6093	fake	yes
D_0002381317	fake	0.000010	-11.5574	fake	yes
D_0002381338	fake	0.199285	-1.6130	fake	yes
D_0002381548	fake	0.629571	-0.4627	genuine	no
D_0002381653	fake	0.236465	-1.4420	fake	yes
D_0002381695	fake	0.056203	-2.8788	fake	yes
D_0002381863	fake	0.000289	-8.1495	fake	yes
D_0002381926	fake	0.027787	-3.5832	fake	yes
D_0002381947	fake	0.428978	-0.8463	fake	yes
D_0002382052	fake	0.899532	-0.1059	genuine	no
D_0002382073	fake	0.003418	-5.6788	fake	yes
D_0002382220	fake	0.964253	-0.0364	genuine	no
D_0002382325	fake	0.556878	-0.5854	genuine	no
D_0002382451	fake	0.001046	-6.8629	fake	yes
D_0002382724	fake	0.936570	-0.0655	genuine	no
D_0002382913	fake	0.813715	-0.2061	genuine	no
D_0002382997	genuine	0.999980	-0.0000	genuine	yes
D_0002383018	genuine	0.003050	-5.7927	fake	no
D_0002383060	fake	0.745813	-0.2933	genuine	no
D_0002383102	fake	0.976021	-0.0243	genuine	no
D_0002383291	fake	0.000054	-9.8190	fake	yes
D_0002383459	fake	0.000514	-7.5733	fake	yes
D_0002384005	fake	0.019288	-3.9483	fake	yes
D_0002384110	genuine	0.080887	-2.5147	fake	no
D_0002384131	fake	0.656134	-0.4214	genuine	no
D_0002384194	fake	0.999524	-0.0005	genuine	no
D_0002384257	fake	0.005963	-5.1222	fake	yes
D_0002384383	fake	0.751696	-0.2854	genuine	no
D_0002384467	fake	0.485122	-0.7234	fake	yes
D_0002384488	fake	0.707513	-0.3460	genuine	no
D_0002384824	fake	0.997372	-0.0026	genuine	no
D_0002384866	genuine	0.987955	-0.0121	genuine	yes
D_0002384971	fake	0.005488	-5.2051	fake	yes
D_0002385013	fake	0.000001	-14.1454	fake	yes
D_0002385076	fake	0.098739	-2.3153	fake	yes
D_0002385118	genuine	0.732419	-0.3114	genuine	yes
D_0002385139	fake	0.160043	-1.8323	fake	yes
D_0002385223	fake	0.060291	-2.8086	fake	yes
D_0002385265	fake	0.000397	-7.8325	fake	yes
D_0002385307	fake	0.205719	-1.5812	fake	yes
D_0002385517	fake	0.997610	-0.0024	genuine	no
D_0002385685	fake	0.786991	-0.2395	genuine	no
D_0002385769	fake	0.006410	-5.0499	fake	yes
D_0002385811	fake	0.002647	-5.9345	fake	yes
D_0002385895	fake	0.003071	-5.7857	fake	yes
D_0002386084	genuine	0.003838	-5.5627	fake	no
D_0002386105	fake	0.923708	-0.0794	genuine	no
D_0002386126	genuine	0.998982	-0.0010	genuine	yes
D_0002386168	genuine	0.998812	-0.0012	genuine	yes
D_0002386315	fake	0.613625	-0.4884	genuine	no
D_0002386441	fake	0.113266	-2.1780	fake	yes
D_0002386630	fake	0.658456	-0.4179	genuine	no
D_0002386882	fake	0.004679	-5.3646	fake	yes
D_0002386903	fake	0.000609	-7.4043	fake	yes
D_0002386924	fake	0.004391	-5.4282	fake	yes
D_0002387008	genuine	0.999816	-0.0002	genuine	yes
D_0002387092	genuine	0.998880	-0.0011	genuine	yes
D_0002387239	fake	0.000932	-6.9782	fake	yes
D_0002387491	fake	0.078022	-2.5508	fake	yes
D_0002387512	genuine	0.999955	-0.0000	genuine	yes
D_0002387617	fake	0.897386	-0.1083	genuine	no
D_0002387764	fake	0.145047	-1.9307	fake	yes
D_0002387785	fake	0.047438	-3.0483	fake	yes
D_0002387827	fake	0.105591	-2.2482	fake	yes
D_0002388058	genuine	0.009575	-4.6486	fake	no
D_0002388079	fake	0.933072	-0.0693	genuine	no
D_0002388352	fake	0.809419	-0.2114	genuine	no
D_0002388436	fake	0.081716	-2.5045	fake	yes
D_0002388562	fake	0.299047	-1.2072	fake	yes
D_0002388604	fake	0.261342	-1.3419	fake	yes
D_0002388646	genuine	0.999728	-0.0003	genuine	yes
D_0002388751	fake	0.000108	-9.1335	fake	yes
D_0002388982	fake	0.001354	-6.6050	fake	yes
D_0002389066	fake	0.000042	-10.0885	fake	yes
D_0002389213	genuine	0.999890	-0.0001	genuine	yes
D_0002389255	fake	0.407554	-0.8976	fake	yes
D_0002389276	genuine	0.706406	-0.3476	genuine	yes
D_0002389591	genuine	0.999999	-0.0000	genuine	yes
D_0002389738	fake	0.483528	-0.7266	fake	yes
D_0002389885	fake	0.197072	-1.6242	fake	yes
D_0002389906	genuine	0.999818	-0.0002	genuine	yes
D_0002390053	genuine	0.960451	-0.0404	genuine	yes
D_0002390074	fake	0.076308	-2.5730	fake	yes
D_0002390095	fake	0.967944	-0.0326	genuine	no
D_0002390158	genuine	0.999503	-0.0005	genuine	yes
D_0002390179	fake	0.005620	-5.1813	fake	yes
D_0002390242	genuine	0.986791	-0.0133	genuine	yes
D_0002390452	fake	0.975970	-0.0243	genuine	no
D_0002390494	fake	0.999815	-0.0002	genuine	no
D_0002390578	fake	0.042782	-3.1516	fake	yes
D_0002390662	genuine	0.922898	-0.0802	genuine	yes
D_0002390956	fake	0.022271	-3.8045	fake	yes
D_0002391082	genuine	0.994971	-0.0050	genuine	yes
D_0002391229	fake	0.081458	-2.5077	fake	yes
D_0002391355	genuine	0.006645	-5.0138	fake	no
D_0002391397	fake	0.000724	-7.2310	fake	yes
D_0002391439	fake	0.003336	-5.7030	fake	yes
D_0002391481	fake	0.003957	-5.5323	fake	yes
D_0002391607	genuine	0.006683	-5.0083	fake	no
D_0002391733	fake	0.132036	-2.0247	fake	yes
D_0002391859	genuine	0.999997	-0.0000	genuine	yes
D_0002392174	fake	0.006115	-5.0970	fake	yes
D_0002392384	fake	0.581757	-0.5417	genuine	no
D_0002392699	genuine	0.999373	-0.0006	genuine	yes
D_0002392741	fake	0.012084	-4.4159	fake	yes
D_0002392762	fake	0.895894	-0.1099	genuine	no
D_0002392846	fake	0.381844	-0.9627	fake	yes
D_0002393056	fake	0.025793	-3.6576	fake	yes
D_0002393077	fake	0.001098	-6.8145	fake	yes
D_0002393119	fake	0.013699	-4.2904	fake	yes
D_0002393140	fake	0.000858	-7.0607	fake	yes
D_0002393287	fake	0.002471	-6.0032	fake	yes
D_0002393350	fake	0.836131	-0.1790	genuine	no
D_0002393371	fake	0.012723	-4.3643	fake	yes
D_0002393560	genuine	0.933649	-0.0687	genuine	yes
D_0002393602	genuine	0.999982	-0.0000	genuine	yes
D_0002393686	fake	0.126438	-2.0680	fake	yes
D_0002393707	fake	0.994387	-0.0056	genuine	no
D_0002394064	fake	0.010869	-4.5218	fake	yes
D_0002394148	fake	0.695058	-0.3638	genuine	no
D_0002394253	fake	0.980984	-0.0192	genuine	no
D_0002394274	fake	0.334787	-1.0943	fake	yes
D_0002394295	genuine	1.000000	-0.0000	genuine	yes
D_0002394610	fake	0.082359	-2.4967	fake	yes
D_0002394631	fake	0.012149	-4.4105	fake	yes
D_0002394694	fake	0.320899	-1.1366	fake	yes
D_0002394736	fake	0.038641	-3.2534	fake	yes
D_0002394820	fake	0.354815	-1.0362	fake	yes
D_0002394862	fake	0.110006	-2.2072	fake	yes
D_0002394904	genuine	0.999563	-0.0004	genuine	yes
D_0002394925	genuine	0.180812	-1.7103	fake	no
D_0002394946	genuine	0.999999	-0.0000	genuine	yes
D_0002394988	fake	0.542775	-0.6111	genuine	no
D_0002395282	fake	0.015561	-4.1630	fake	yes
D_0002395303	fake	0.090460	-2.4028	fake	yes
D_0002395408	fake	0.000072	-9.5397	fake	yes
D_0002395471	fake	0.976381	-0.0239	genuine	no
D_0002395513	fake	0.181786	-1.7049	fake	yes
D_0002395576	fake	0.005823	-5.1459	fake	yes
D_0002395681	fake	0.420548	-0.8662	fake	yes
D_0002395786	fake	0.998738	-0.0013	genuine	no
D_0002395870	fake	0.063805	-2.7519	fake	yes
D_0002395891	fake	0.858757	-0.1523	genuine	no
D_0002396164	genuine	0.999999	-0.0000	genuine	yes
D_0002396374	fake	0.419315	-0.8691	fake	yes
D_0002396395	fake	0.006416	-5.0490	fake	yes
D_0002396416	fake	0.051118	-2.9736	fake	yes
D_0002396479	fake	0.217257	-1.5267	fake	yes
D_0002396500	fake	0.032737	-3.4192	fake	yes
D_0002396521	fake	0.328916	-1.1120	fake	yes
D_0002396647	genuine	0.955043	-0.0460	genuine	yes
D_0002396689	fake	0.026650	-3.6250	fake	yes
D_0002396710	fake	0.453731	-0.7902	fake	yes
D_0002396773	fake	0.003316	-5.7091	fake	yes
D_0002396815	genuine	0.997183	-0.0028	genuine	yes
D_0002396983	fake	0.155227	-1.8629	fake	yes
D_0002397025	fake	0.887305	-0.1196	genuine	no
D_0002397088	genuine	0.998575	-0.0014	genuine	yes
D_0002397109	fake	0.994436	-0.0056	genuine	no
D_0002397214	fake	0.004079	-5.5018	fake	yes
D_0002397277	genuine	0.999997	-0.0000	genuine	yes
D_0002397298	fake	0.023575	-3.7476	fake	yes
D_0002397424	genuine	0.003319	-5.7080	fake	no
D_0002397739	fake	0.998062	-0.0019	genuine	no
D_0002397844	genuine	0.997302	-0.0027	genuine	yes
D_0002397886	genuine	0.895534	-0.1103	genuine	yes
D_0002398453	fake	0.083714	-2.4803	fake	yes
D_0002398495	fake	0.117748	-2.1392	fake	yes
D_0002398537	genuine	0.999999	-0.0000	genuine	yes
D_0002398600	fake	0.004360	-5.4352	fake	yes
D_0002398621	fake	0.021609	-3.8347	fake	yes
D_0002398642	fake	0.075635	-2.5818	fake	yes
D_0002398663	fake	0.010196	-4.5858	fake	yes
D_0002399062	genuine	0.044249	-3.1179	fake	no
D_0002399251	fake	0.960410	-0.0404	genuine	no
D_0002399377	fake	0.393891	-0.9317	fake	yes
D_0002399524	fake	0.018190	-4.0069	fake	yes
D_0002399608	fake	0.435921	-0.8303	fake	yes
D_0002399734	fake	0.926947	-0.0759	genuine	no
D_0002399818	genuine	0.999927	-0.0001	genuine	yes
D_0002399902	fake	0.757208	-0.2781	genuine	no
D_0002400007	genuine	0.046069	-3.0776	fake	no
D_0002400028	fake	0.039460	-3.2325	fake	yes
D_0002400385	fake	0.071036	-2.6446	fake	yes
D_0002400553	fake	0.026440	-3.6329	fake	yes
D_0002400595	fake	0.606675	-0.4998	genuine	no
D_0002400826	fake	0.992772	-0.0073	genuine	no
D_0002400847	genuine	0.524213	-0.6459	genuine	yes
D_0002401183	fake	0.584846	-0.5364	genuine	no
D_0002401855	fake	0.001219	-6.7096	fake	yes
D_0002401876	fake	0.675706	-0.3920	genuine	no
D_0002402065	fake	0.261086	-1.3429	fake	yes
D_0002402107	fake	0.000088	-9.3414	fake	yes
D_0002402233	fake	0.986140	-0.0140	genuine	no
D_0002402401	genuine	0.010377	-4.5682	fake	no
D_0002402443	fake	0.102252	-2.2803	fake	yes
D_0002402506	fake	0.382889	-0.9600	fake	yes
D_0002402548	fake	0.031154	-3.4688	fake	yes
D_0002402674	fake	0.224638	-1.4933	fake	yes
D_0002402779	fake	0.001309	-6.6387	fake	yes
D_0002402842	fake	0.991353	-0.0087	genuine	no
D_0002402863	genuine	0.999564	-0.0004	genuine	yes
D_0002402884	genuine	0.619715	-0.4785	genuine	yes
D_0002402926	fake	0.920643	-0.0827	genuine	no
D_0002403031	fake	0.005650	-5.1760	fake	yes
D_0002403052	genuine	0.999997	-0.0000	genuine	yes
D_0002403073	fake	0.568188	-0.5653	genuine	no
D_0002403115	genuine	0.678944	-0.3872	genuine	yes
D_0002403157	genuine	0.999998	-0.0000	genuine	yes
D_0002403577	fake	0.149782	-1.8986	fake	yes
D_0002403661	genuine	0.007268	-4.9243	fake	no
D_0002403703	fake	0.010516	-4.5548	fake	yes
D_0002403724	fake	0.000056	-9.7882	fake	yes
D_0002403766	fake	0.348141	-1.0551	fake	yes
D_0002403892	fake	0.979596	-0.0206	genuine	no
D_0002403955	fake	0.162270	-1.8185	fake	yes
D_0002403997	fake	0.019844	-3.9199	fake	yes
D_0002404039	fake	0.013626	-4.2958	fake	yes
D_0002404186	fake	0.964608	-0.0360	genuine	no
D_0002404270	genuine	0.999948	-0.0001	genuine	yes
D_0002404396	fake	0.000158	-8.7559	fake	yes
D_0002404417	fake	0.011761	-4.4430	fake	yes
D_0002404501	fake	0.102532	-2.2776	fake	yes
D_0002404606	fake	0.769377	-0.2622	genuine	no
D_0002404669	fake	0.357953	-1.0274	fake	yes
D_0002404690	fake	0.053328	-2.9313	fake	yes
D_0002404879	fake	0.343954	-1.0672	fake	yes
D_0002404900	fake	0.066207	-2.7150	fake	yes
D_0002404921	fake	0.173827	-1.7497	fake	yes
D_0002404942	genuine	0.966556	-0.0340	genuine	yes
D_0002404963	fake	0.000085	-9.3710	fake	yes
D_0002405110	fake	0.000031	-10.3944	fake	yes
D_0002405131	genuine	0.999998	-0.0000	genuine	yes
D_0002405215	fake	0.033830	-3.3864	fake	yes
D_0002405257	fake	0.353848	-1.0389	fake	yes
D_0002405320	fake	0.482766	-0.7282	fake	yes
D_0002405404	fake	0.909346	-0.0950	genuine	no
D_0002405488	fake	0.056848	-2.8674	fake	yes
D_0002405803	genuine	0.848014	-0.1649	genuine	yes
D_0002405824	fake	0.011665	-4.4512	fake	yes
D_0002405971	fake	0.140886	-1.9598	fake	yes
D_0002406013	fake	0.035948	-3.3257	fake	yes
D_0002406139	fake	0.912077	-0.0920	genuine	no
D_0002406223	fake	0.010128	-4.5925	fake	yes
D_0002406286	genuine	0.000306	-8.0928	fake	no
D_0002406538	fake	0.068179	-2.6856	fake	yes
D_0002406643	fake	0.042859	-3.1498	fake	yes
D_0002406706	fake	0.797913	-0.2258	genuine	no
D_0002407042	fake	0.050627	-2.9833	fake	yes
D_0002407063	fake	0.318326	-1.1447	fake	yes
D_0002407357	fake	0.346011	-1.0613	fake	yes
D_0002407588	fake	0.127895	-2.0565	fake	yes
D_0002407651	genuine	0.999952	-0.0000	genuine	yes
D_0002407735	fake	0.996229	-0.0038	genuine	no
D_0002407840	fake	0.122920	-2.0962	fake	yes
D_0002407882	fake	0.008850	-4.7273	fake	yes
D_0002407966	genuine	0.999997	-0.0000	genuine	yes
D_0002407987	fake	0.026025	-3.6487	fake	yes
D_0002408050	fake	0.999255	-0.0007	genuine	no
D_0002408302	fake	0.037717	-3.2776	fake	yes
D_0002408344	fake	0.243010	-1.4147	fake	yes
D_0002408512	fake	0.116945	-2.1461	fake	yes
D_0002408659	genuine	0.999995	-0.0000	genuine	yes
D_0002408680	fake	0.039299	-3.2366	fake	yes
D_0002408701	fake	0.370882	-0.9919	fake	yes
D_0002408974	fake	0.998218	-0.0018	genuine	no
D_0002409310	genuine	0.995187	-0.0048	genuine	yes
D_0002409373	fake	0.004057	-5.5072	fake	yes
D_0002409583	genuine	0.033384	-3.3997	fake	no
D_0002409625	fake	0.004052	-5.5085	fake	yes
D_0002409667	fake	0.307981	-1.1777	fake	yes
D_0002409898	fake	0.040929	-3.1959	fake	yes
D_0002409961	fake	0.022163	-3.8093	fake	yes
D_0002410045	fake	0.044713	-3.1075	fake	yes
D_0002410066	genuine	0.023089	-3.7684	fake	no
D_0002410129	fake	0.134261	-2.0080	fake	yes
D_0002410171	fake	0.003047	-5.7936	fake	yes
D_0002410276	fake	0.052205	-2.9526	fake	yes
D_0002410486	fake	0.087974	-2.4307	fake	yes
D_0002410507	fake	0.997802	-0.0022	genuine	no
D_0002410591	fake	0.269537	-1.3111	fake	yes
D_0002410696	genuine	0.999490	-0.0005	genuine	yes
D_0002410843	fake	0.459339	-0.7780	fake	yes
D_0002410906	fake	0.032664	-3.4215	fake	yes
D_0002411158	fake	0.043913	-3.1256	fake	yes
D_0002411221	fake	0.779623	-0.2489	genuine	no
D_0002411368	genuine	1.000000	0.0000	genuine	yes
D_0002411452	genuine	0.311089	-1.1677	fake	no
D_0002411830	fake	0.206662	-1.5767	fake	yes
D_0002412145	fake	0.162042	-1.8199	fake	yes
D_0002412229	fake	0.022218	-3.8069	fake	yes
D_0002412250	fake	0.025663	-3.6627	fake	yes
D_0002412271	fake	0.919105	-0.0844	genuine	no
D_0002412418	genuine	0.999105	-0.0009	genuine	yes
D_0002412502	fake	0.004101	-5.4964	fake	yes
D_0002412670	fake	0.045236	-3.0959	fake	yes
D_0002412859	fake	0.023433	-3.7536	fake	yes
D_0002412943	fake	0.638854	-0.4481	genuine	no
D_0002412985	fake	0.000627	-7.3747	fake	yes
D_0002413090	fake	0.596716	-0.5163	genuine	no
D_0002413111	genuine	0.999797	-0.0002	genuine	yes
D_0002413132	genuine	0.998440	-0.0016	genuine	yes
D_0002413174	fake	0.924239	-0.0788	genuine	no
D_0002413195	fake	0.066783	-2.7063	fake	yes
D_0002413237	fake	0.001816	-6.3110	fake	yes
D_0002413300	fake	0.000041	-10.1039	fake	yes
D_0002413489	fake	0.007736	-4.8619	fake	yes
D_0002413636	genuine	0.755778	-0.2800	genuine	yes
D_0002413678	fake	0.022961	-3.7739	fake	yes
D_0002413720	fake	0.373851	-0.9839	fake	yes
D_0002413909	genuine	0.999351	-0.0006	genuine	yes
D_0002413972	fake	0.010661	-4.5412	fake	yes
D_0002414035	fake	0.618669	-0.4802	genuine	no
D_0002414140	fake	0.928226	-0.0745	genuine	no
D_0002414224	genuine	0.908459	-0.0960	genuine	yes
D_0002414287	fake	0.163593	-1.8104	fake	yes
D_0002414707	fake	0.930250	-0.0723	genuine	no
D_0002414770	fake	0.983719	-0.0164	genuine	no
D_0002414833	fake	0.001754	-6.3456	fake	yes
D_0002414959	fake	0.017427	-4.0498	fake	yes
D_0002415106	fake	0.427778	-0.8492	fake	yes
D_0002415127	fake	0.491158	-0.7110	fake	yes
D_0002415169	fake	0.999626	-0.0004	genuine	no
D_0002415211	fake	0.434275	-0.8341	fake	yes
D_0002415358	fake	0.161995	-1.8202	fake	yes
D_0002415652	fake	0.143149	-1.9439	fake	yes
D_0002415673	genuine	1.000000	-0.0000	genuine	yes
D_0002415715	fake	0.334246	-1.0959	fake	yes
D_0002415736	fake	0.017523	-4.0442	fake	yes
D_0002415799	fake	0.467359	-0.7607	fake	yes
D_0002416030	genuine	0.999997	-0.0000	genuine	yes
D_0002416093	genuine	0.999934	-0.0001	genuine	yes
D_0002416114	fake	0.002681	-5.9215	fake	yes
D_0002416324	genuine	0.995638	-0.0044	genuine	yes
D_0002416429	fake	0.070966	-2.6456	fake	yes
D_0002416513	genuine	0.296083	-1.2171	fake	no
D_0002416639	genuine	0.999183	-0.0008	genuine	yes
D_0002416681	genuine	0.999990	-0.0000	genuine	yes
D_0002416744	fake	0.000030	-10.3988	fake	yes
D_0002417059	genuine	0.000699	-7.2654	fake	no
D_0002417164	fake	0.213080	-1.5461	fake	yes
D_0002417416	genuine	0.999999	-0.0000	genuine	yes
D_0002417521	fake	0.993701	-0.0063	genuine	no
D_0002417584	fake	0.558656	-0.5822	genuine	no
D_0002417668	fake	0.325522	-1.1223	fake	yes
D_0002417815	fake	0.998632	-0.0014	genuine	no
D_0002417836	fake	0.594824	-0.5195	genuine	no
D_0002417857	fake	0.098849	-2.3142	fake	yes
D_0002417920	fake	0.126927	-2.0641	fake	yes
D_0002417941	genuine	0.997341	-0.0027	genuine	yes
D_0002418004	fake	0.155060	-1.8639	fake	yes
D_0002418067	fake	0.650779	-0.4296	genuine	no
D_0002418361	fake	0.294923	-1.2210	fake	yes
D_0002418382	fake	0.043297	-3.1397	fake	yes
D_0002418445	fake	0.006635	-5.0155	fake	yes
D_0002418466	fake	0.032869	-3.4152	fake	yes
D_0002418508	fake	0.045175	-3.0972	fake	yes
D_0002418550	fake	0.002510	-5.9873	fake	yes
D_0002418613	fake	0.000000	-15.0005	fake	yes
D_0002418718	fake	0.043413	-3.1370	fake	yes
D_0002418760	fake	0.687450	-0.3748	genuine	no
D_0002418886	fake	0.455961	-0.7853	fake	yes
D_0002418949	fake	0.822623	-0.1953	genuine	no
D_0002419369	fake	0.050118	-2.9934	fake	yes
D_0002419474	fake	0.043791	-3.1283	fake	yes
D_0002419726	fake	0.258759	-1.3519	fake	yes
D_0002419999	fake	0.000030	-10.4051	fake	yes
D_0002420020	fake	0.832286	-0.1836	genuine	no
D_0002420041	genuine	0.177899	-1.7265	fake	no
D_0002420104	fake	0.017174	-4.0643	fake	yes
D_0002420293	genuine	0.999882	-0.0001	genuine	yes
D_0002420314	fake	0.002112	-6.1602	fake	yes
D_0002420818	genuine	0.978615	-0.0216	genuine	yes
D_0002420839	genuine	0.979100	-0.0211	genuine	yes
D_0002421028	fake	0.039906	-3.2212	fake	yes
D_0002421112	fake	0.973873	-0.0265	genuine	no
D_0002421133	fake	0.910128	-0.0942	genuine	no
D_0002421175	fake	0.009652	-4.6405	fake	yes
D_0002421322	genuine	0.999811	-0.0002	genuine	yes
D_0002421469	fake	0.020007	-3.9117	fake	yes
D_0002421490	fake	0.037197	-3.2915	fake	yes
D_0002421679	genuine	0.999131	-0.0009	genuine	yes
D_0002421784	fake	0.213437	-1.5444	fake	yes
D_0002421826	fake	0.360734	-1.0196	fake	yes
D_0002421868	fake	0.968539	-0.0320	genuine	no
D_0002422036	fake	0.028566	-3.5555	fake	yes
D_0002422099	fake	0.652008	-0.4277	genuine	no
D_0002422183	fake	0.700618	-0.3558	genuine	no
D_0002422267	fake	0.958390	-0.0425	genuine	no
D_0002422477	genuine	0.985677	-0.0144	genuine	yes
D_0002422519	fake	0.041479	-3.1826	fake	yes
D_0002422918	fake	0.840032	-0.1743	genuine	no
D_0002423086	fake	0.536297	-0.6231	genuine	no
D_0002423233	fake	0.428096	-0.8484	fake	yes
D_0002423296	fake	0.395221	-0.9283	fake	yes
D_0002423590	genuine	0.995227	-0.0048	genuine	yes
D_0002423674	fake	0.059659	-2.8191	fake	yes
D_0002423737	genuine	0.999998	-0.0000	genuine	yes
D_0002423884	genuine	0.999976	-0.0000	genuine	yes
D_0002423947	genuine	0.102096	-2.2818	fake	no
D_0002423968	genuine	0.999421	-0.0006	genuine	yes
D_0002424010	genuine	1.000000	0.0000	genuine	yes
D_0002424094	fake	0.839064	-0.1755	genuine	no
D_0002424283	fake	0.937105	-0.0650	genuine	no
D_0002424346	fake	0.068817	-2.6763	fake	yes
D_0002424409	fake	0.093911	-2.3654	fake	yes
D_0002424451	fake	0.000014	-11.1572	fake	yes
D_0002424640	fake	0.000311	-8.0752	fake	yes
D_0002424661	fake	0.037066	-3.2950	fake	yes
D_0002424682	fake	0.008695	-4.7450	fake	yes
D_0002424871	fake	0.000109	-9.1286	fake	yes
D_0002424955	fake	0.987755	-0.0123	genuine	no
D_0002424997	fake	0.000226	-8.3947	fake	yes
D_0002425060	fake	0.945686	-0.0558	genuine	no
D_0002425144	fake	0.000517	-7.5672	fake	yes
D_0002425186	genuine	0.817289	-0.2018	genuine	yes
D_0002425753	fake	0.696422	-0.3618	genuine	no
D_0002425858	fake	0.905214	-0.0996	genuine	no
D_0002425879	fake	0.030090	-3.5036	fake	yes
D_0002425942	fake	0.020648	-3.8801	fake	yes
D_0002426068	genuine	0.939439	-0.0625	genuine	yes
D_0002426110	fake	0.542474	-0.6116	genuine	no
D_0002426740	genuine	1.000000	-0.0000	genuine	yes
D_0002426761	fake	0.019282	-3.9486	fake	yes
D_0002426782	genuine	0.996962	-0.0030	genuine	yes
D_0002426845	genuine	0.000009	-11.6339	fake	no
D_0002426929	fake	0.038873	-3.2475	fake	yes
D_0002426950	fake	0.712013	-0.3397	genuine	no
D_0002427160	fake	0.000223	-8.4064	fake	yes
D_0002427664	genuine	0.946572	-0.0549	genuine	yes
D_0002427685	fake	0.000177	-8.6393	fake	yes
D_0002427706	fake	0.986698	-0.0134	genuine	no
D_0002427769	fake	0.038645	-3.2533	fake	yes
D_0002427811	genuine	0.999985	-0.0000	genuine	yes
D_0002427853	fake	0.981851	-0.0183	genuine	no
D_0002428063	genuine	0.999757	-0.0002	genuine	yes
D_0002428126	fake	0.682439	-0.3821	genuine	no
D_0002428315	fake	0.000237	-8.3468	fake	yes
D_0002428483	fake	0.037771	-3.2762	fake	yes
D_0002428567	fake	0.001140	-6.7765	fake	yes
D_0002428735	genuine	0.675661	-0.3921	genuine	yes
D_0002428777	genuine	1.000000	-0.0000	genuine	yes
D_0002428798	fake	0.013642	-4.2946	fake	yes
D_0002428861	genuine	0.000048	-9.9485	fake	no
D_0002429029	fake	0.703730	-0.3514	genuine	no
D_0002429197	genuine	0.999952	-0.0000	genuine	yes
D_0002429428	genuine	0.619255	-0.4792	genuine	yes
D_0002429575	genuine	0.999962	-0.0000	genuine	yes
D_0002429659	fake	0.586839	-0.5330	genuine	no
D_0002430016	genuine	0.003854	-5.5587	fake	no
D_0002430100	fake	0.004151	-5.4843	fake	yes
D_0002430163	fake	0.086230	-2.4507	fake	yes
D_0002430415	genuine	1.000000	0.0000	genuine	yes
D_0002430478	fake	0.136188	-1.9937	fake	yes
D_0002430604	fake	0.742116	-0.2982	genuine	no
D_0002430646	fake	0.142338	-1.9495	fake	yes
D_0002430667	fake	0.943909	-0.0577	genuine	no
D_0002430856	fake	0.358560	-1.0257	fake	yes
D_0002430961	fake	0.408142	-0.8961	fake	yes
D_0002430982	genuine	0.999960	-0.0000	genuine	yes
D_0002431024	fake	0.054243	-2.9143	fake	yes
D_0002431066	fake	0.000373	-7.8947	fake	yes
D_0002431129	fake	0.113574	-2.1753	fake	yes
D_0002431150	fake	0.008479	-4.7702	fake	yes
D_0002431192	genuine	0.391709	-0.9372	fake	no
D_0002431465	genuine	0.997922	-0.0021	genuine	yes
D_0002431486	fake	0.144311	-1.9358	fake	yes
D_0002431675	fake	0.092966	-2.3755	fake	yes
D_0002431969	genuine	0.999040	-0.0010	genuine	yes
D_0002431990	fake	0.149321	-1.9017	fake	yes
D_0002432221	fake	0.994285	-0.0057	genuine	no
D_0002432284	fake	0.323373	-1.1289	fake	yes
D_0002432431	fake	0.007010	-4.9604	fake	yes
D_0002432536	fake	0.004445	-5.4160	fake	yes
D_0002432557	fake	0.454705	-0.7881	fake	yes
D_0002432599	fake	0.021443	-3.8424	fake	yes
D_0002432683	genuine	0.999993	-0.0000	genuine	yes
D_0002432704	genuine	0.996094	-0.0039	genuine	yes
D_0002432746	fake	0.036698	-3.3050	fake	yes
D_0002432788	fake	0.057453	-2.8568	fake	yes
D_0002432851	fake	0.975413	-0.0249	genuine	no
D_0002432956	fake	0.081824	-2.5032	fake	yes
D_0002432998	fake	0.043406	-3.1372	fake	yes
D_0002433040	genuine	0.999569	-0.0004	genuine	yes
D_0002433334	fake	0.901679	-0.1035	genuine	no
D_0002433418	fake	0.038969	-3.2450	fake	yes
D_0002433523	fake	0.993847	-0.0062	genuine	no
D_0002433544	fake	0.805995	-0.2157	genuine	no
D_0002433985	fake	0.242439	-1.4170	fake	yes
D_0002434006	fake	0.016877	-4.0818	fake	yes
D_0002434069	fake	0.236834	-1.4404	fake	yes
D_0002434132	genuine	1.000000	0.0000	genuine	yes
D_0002434216	fake	0.000162	-8.7272	fake	yes
D_0002434363	fake	0.971910	-0.0285	genuine	no
D_0002434615	fake	0.052087	-2.9548	fake	yes
D_0002434804	fake	0.483266	-0.7272	fake	yes
D_0002434930	fake	0.015832	-4.1457	fake	yes
D_0002435707	fake	0.000003	-12.8085	fake	yes
D_0002435749	genuine	0.998468	-0.0015	genuine	yes
D_0002436064	genuine	0.999976	-0.0000	genuine	yes
D_0002436148	fake	0.045930	-3.0806	fake	yes
D_0002436337	fake	0.014065	-4.2641	fake	yes
D_0002436442	fake	0.912979	-0.0910	genuine	no
D_0002436463	fake	0.999588	-0.0004	genuine	no
D_0002436505	genuine	0.003736	-5.5897	fake	no
D_0002436799	fake	0.000060	-9.7228	fake	yes
D_0002436820	fake	0.000009	-11.6157	fake	yes
D_0002437051	fake	0.005463	-5.2098	fake	yes
D_0002437114	fake	0.336660	-1.0887	fake	yes
D_0002437177	fake	0.000881	-7.0348	fake	yes
D_0002437366	fake	0.002966	-5.8205	fake	yes
D_0002437555	genuine	0.999869	-0.0001	genuine	yes
D_0002437576	fake	0.998950	-0.0011	genuine	no
D_0002437660	fake	0.109004	-2.2164	fake	yes
D_0002437702	genuine	0.991050	-0.0090	genuine	yes
D_0002437765	fake	0.001690	-6.3833	fake	yes
D_0002437807	fake	0.399599	-0.9173	fake	yes
D_0002437912	fake	0.131640	-2.0277	fake	yes
D_0002437933	fake	0.012620	-4.3725	fake	yes
D_0002438038	fake	0.014940	-4.2037	fake	yes
D_0002438122	fake	0.479865	-0.7343	fake	yes
D_0002438143	fake	0.020407	-3.8919	fake	yes
D_0002438164	fake	0.315745	-1.1528	fake	yes
D_0002438185	fake	0.002932	-5.8322	fake	yes
D_0002438416	genuine	0.869516	-0.1398	genuine	yes
D_0002438458	fake	0.572625	-0.5575	genuine	no
D_0002438479	fake	0.763035	-0.2705	genuine	no
D_0002438668	fake	0.062600	-2.7710	fake	yes
D_0002438689	genuine	0.933882	-0.0684	genuine	yes
D_0002438857	fake	0.007012	-4.9602	fake	yes
D_0002439004	fake	0.001201	-6.7250	fake	yes
D_0002439067	fake	0.130117	-2.0393	fake	yes
D_0002439298	genuine	0.999934	-0.0001	genuine	yes
D_0002439802	fake	0.000056	-9.7880	fake	yes
D_0002439844	genuine	0.999944	-0.0001	genuine	yes
D_0002439928	genuine	0.292575	-1.2290	fake	no
D_0002439949	fake	0.099013	-2.3125	fake	yes
D_0002440201	fake	0.140933	-1.9595	fake	yes
D_0002440327	fake	0.816222	-0.2031	genuine	no
D_0002440516	genuine	0.555980	-0.5870	genuine	yes
D_0002440621	fake	0.999653	-0.0003	genuine	no
D_0002440789	fake	0.007201	-4.9335	fake	yes
D_0002440831	fake	0.119335	-2.1258	fake	yes
D_0002440873	fake	0.502684	-0.6878	genuine	no
D_0002441041	fake	0.007237	-4.9285	fake	yes
D_0002441062	fake	0.010125	-4.5928	fake	yes
D_0002441209	fake	0.000800	-7.1305	fake	yes
D_0002441230	genuine	0.999997	-0.0000	genuine	yes
D_0002441377	fake	0.097218	-2.3308	fake	yes
D_0002441419	fake	0.370455	-0.9930	fake	yes
D_0002441524	fake	0.772561	-0.2580	genuine	no
D_0002441545	fake	0.086797	-2.4442	fake	yes
D_0002441776	fake	0.621484	-0.4756	genuine	no
D_0002441881	fake	0.006693	-5.0067	fake	yes
D_0002441902	fake	0.183653	-1.6947	fake	yes
D_0002441944	genuine	0.487353	-0.7188	fake	no
D_0002442070	fake	0.947692	-0.0537	genuine	no
D_0002442406	fake	0.854916	-0.1568	genuine	no
D_0002442427	genuine	0.978805	-0.0214	genuine	yes
D_0002442574	genuine	0.983080	-0.0171	genuine	yes
D_0002442763	fake	0.000057	-9.7742	fake	yes
D_0002442952	fake	0.735090	-0.3078	genuine	no
D_0002443057	fake	0.880686	-0.1271	genuine	no
D_0002443120	fake	0.061449	-2.7896	fake	yes
D_0002443204	fake	0.326391	-1.1197	fake	yes
D_0002443582	genuine	0.999597	-0.0004	genuine	yes
D_0002443687	fake	0.201843	-1.6003	fake	yes
D_0002443771	fake	0.999928	-0.0001	genuine	no
D_0002443792	fake	0.012884	-4.3518	fake	yes
D_0002443960	fake	0.021894	-3.8216	fake	yes
D_0002444044	fake	0.017359	-4.0536	fake	yes
D_0002444086	fake	0.006395	-5.0523	fake	yes
D_0002444107	genuine	0.999695	-0.0003	genuine	yes
D_0002444191	fake	0.366833	-1.0028	fake	yes
D_0002444254	fake	0.878125	-0.1300	genuine	no
D_0002444338	fake	0.038742	-3.2508	fake	yes
D_0002444359	fake	0.853001	-0.1590	genuine	no
D_0002444443	fake	0.058207	-2.8437	fake	yes
D_0002444569	fake	0.150628	-1.8929	fake	yes
D_0002444632	fake	0.002297	-6.0763	fake	yes
D_0002444674	fake	0.003697	-5.6003	fake	yes
D_0002444737	fake	0.530176	-0.6345	genuine	no
D_0002444968	genuine	0.992332	-0.0077	genuine	yes
D_0002445073	genuine	0.999873	-0.0001	genuine	yes
D_0002445115	genuine	0.999316	-0.0007	genuine	yes
D_0002445178	fake	0.559442	-0.5808	genuine	no
D_0002445220	fake	0.920397	-0.0829	genuine	no
D_0002445283	genuine	0.999840	-0.0002	genuine	yes
D_0002445304	fake	0.314343	-1.1573	fake	yes
D_0002445472	fake	0.333720	-1.0975	fake	yes
D_0002445577	fake	0.991142	-0.0089	genuine	no
D_0002445598	fake	0.000017	-11.0047	fake	yes
D_0002445850	fake	0.262315	-1.3382	fake	yes
D_0002445913	fake	0.806796	-0.2147	genuine	no
D_0002445955	fake	0.116006	-2.1541	fake	yes
D_0002445976	fake	0.019551	-3.9347	fake	yes
D_0002445997	fake	0.572818	-0.5572	genuine	no
D_0002446081	fake	0.004212	-5.4698	fake	yes
D_0002446396	fake	0.518848	-0.6561	genuine	no
D_0002446459	fake	0.042396	-3.1607	fake	yes
D_0002446669	fake	0.033662	-3.3914	fake	yes
D_0002446921	fake	0.927141	-0.0756	genuine	no
D_0002447152	fake	0.987527	-0.0126	genuine	no
D_0002447278	fake	0.003475	-5.6621	fake	yes
D_0002447551	fake	0.000794	-7.1379	fake	yes
D_0002447593	genuine	0.999704	-0.0003	genuine	yes
D_0002447719	fake	0.242251	-1.4178	fake	yes
D_0002447824	fake	0.119378	-2.1255	fake	yes
D_0002447992	fake	0.003077	-5.7839	fake	yes
D_0002448328	fake	0.999962	-0.0000	genuine	no
D_0002448349	fake	0.975044	-0.0253	genuine	no
D_0002448538	fake	0.998522	-0.0015	genuine	no
D_0002448559	fake	0.941983	-0.0598	genuine	no
D_0002448580	genuine	0.999156	-0.0008	genuine	yes
D_0002448664	fake	0.000655	-7.3315	fake	yes
D_0002448832	fake	0.224998	-1.4917	fake	yes
D_0002448979	genuine	0.999478	-0.0005	genuine	yes
D_0002449000	fake	0.050442	-2.9869	fake	yes
D_0002449021	genuine	0.999071	-0.0009	genuine	yes
D_0002449042	fake	0.000021	-10.7513	fake	yes
D_0002449105	genuine	0.999278	-0.0007	genuine	yes
D_0002449210	fake	0.191951	-1.6505	fake	yes
D_0002449231	fake	0.946642	-0.0548	genuine	no
D_0002449420	fake	0.038015	-3.2698	fake	yes
D_0002449609	genuine	0.999791	-0.0002	genuine	yes
D_0002449714	fake	0.010263	-4.5792	fake	yes
D_0002449777	fake	0.001026	-6.8823	fake	yes
D_0002449861	fake	0.997959	-0.0020	genuine	no
D_0002449903	fake	0.968887	-0.0316	genuine	no
D_0002449924	fake	0.042305	-3.1628	fake	yes
D_0002449966	genuine	1.000000	0.0000	genuine	yes
D_0002450050	genuine	0.007192	-4.9348	fake	no
D_0002450302	fake	0.001109	-6.8047	fake	yes
D_0002450323	fake	0.009440	-4.6628	fake	yes
D_0002450428	fake	0.177714	-1.7276	fake	yes
D_0002450449	fake	0.000573	-7.4647	fake	yes
D_0002450470	fake	0.916533	-0.0872	genuine	no
D_0002450596	fake	0.623144	-0.4730	genuine	no
D_0002450617	fake	0.861361	-0.1492	genuine	no
D_0002450722	fake	0.002965	-5.8208	fake	yes
D_0002450743	fake	0.000000	-15.1129	fake	yes
D_0002450764	fake	0.936793	-0.0653	genuine	no
D_0002450848	fake	0.890613	-0.1158	genuine	no
D_0002451058	genuine	0.479381	-0.7353	fake	no
D_0002451163	genuine	0.999998	-0.0000	genuine	yes
D_0002451184	fake	0.638546	-0.4486	genuine	no
D_0002451310	fake	0.040243	-3.2128	fake	yes
D_0002451331	fake	0.107196	-2.2331	fake	yes
D_0002451394	genuine	0.998712	-0.0013	genuine	yes
D_0002451415	fake	0.065482	-2.7260	fake	yes
D_0002451625	genuine	0.999989	-0.0000	genuine	yes
D_0002451646	genuine	0.948186	-0.0532	genuine	yes
D_0002451688	fake	0.020686	-3.8783	fake	yes
D_0002451751	genuine	0.256048	-1.3624	fake	no
D_0002451793	fake	0.184592	-1.6896	fake	yes
D_0002451814	fake	0.986858	-0.0132	genuine	no
D_0002451877	genuine	0.969973	-0.0305	genuine	yes
D_0002452150	fake	0.132460	-2.0215	fake	yes
D_0002452234	fake	0.991617	-0.0084	genuine	no
D_0002452276	fake	0.043022	-3.1460	fake	yes
D_0002452318	genuine	0.999894	-0.0001	genuine	yes
D_0002452339	fake	0.002684	-5.9205	fake	yes
D_0002452360	fake	0.238174	-1.4348	fake	yes
D_0002452486	fake	0.005795	-5.1508	fake	yes
D_0002452528	fake	0.001138	-6.7782	fake	yes
D_0002452927	fake	0.312428	-1.1634	fake	yes
D_0002452948	fake	0.095712	-2.3464	fake	yes
D_0002453053	fake	0.056186	-2.8791	fake	yes
D_0002453074	fake	0.000222	-8.4125	fake	yes
D_0002453221	genuine	0.920632	-0.0827	genuine	yes
D_0002453368	fake	0.826252	-0.1909	genuine	no
D_0002453494	genuine	0.997990	-0.0020	genuine	yes
D_0002453599	fake	0.474378	-0.7458	fake	yes
D_0002453620	fake	0.679961	-0.3857	genuine	no
D_0002453767	fake	0.156094	-1.8573	fake	yes
D_0002454103	fake	0.319375	-1.1414	fake	yes
D_0002454208	fake	0.621252	-0.4760	genuine	no
D_0002454334	fake	0.943386	-0.0583	genuine	no
D_0002454460	fake	0.528498	-0.6377	genuine	no
D_0002454481	fake	0.201190	-1.6035	fake	yes
D_0002454649	fake	0.368089	-0.9994	fake	yes
D_0002454838	genuine	0.006432	-5.0465	fake	no
D_0002454943	fake	0.435428	-0.8314	fake	yes
D_0002454985	fake	0.992903	-0.0071	genuine	no
D_0002455027	fake	0.207719	-1.5716	fake	yes
D_0002455153	fake	0.138643	-1.9759	fake	yes
D_0002455195	genuine	1.000000	0.0000	genuine	yes
D_0002455258	genuine	0.999996	-0.0000	genuine	yes
D_0002455426	genuine	0.014828	-4.2112	fake	no
D_0002455699	genuine	0.999938	-0.0001	genuine	yes
D_0002455846	fake	0.000102	-9.1860	fake	yes
D_0002456182	genuine	0.164850	-1.8027	fake	no
D_0002456224	fake	0.986388	-0.0137	genuine	no
D_0002456287	fake	0.056409	-2.8751	fake	yes
D_0002456539	fake	0.004864	-5.3259	fake	yes
D_0002456623	fake	0.911902	-0.0922	genuine	no
D_0002456728	fake	0.296529	-1.2156	fake	yes
D_0002456770	fake	0.175272	-1.7414	fake	yes
D_0002456812	fake	0.031810	-3.4480	fake	yes
D_0002456854	fake	0.007186	-4.9356	fake	yes
D_0002456938	fake	0.017394	-4.0516	fake	yes
D_0002457001	fake	0.064979	-2.7337	fake	yes
D_0002457043	genuine	0.999826	-0.0002	genuine	yes
D_0002457085	genuine	0.999974	-0.0000	genuine	yes
D_0002457148	genuine	0.999997	-0.0000	genuine	yes
D_0002457316	genuine	0.965426	-0.0352	genuine	yes
D_0002457379	fake	0.201710	-1.6009	fake	yes
D_0002457400	fake	0.314833	-1.1557	fake	yes
D_0002457463	fake	0.001885	-6.2737	fake	yes
D_0002457484	fake	0.000075	-9.4980	fake	yes
D_0002457610	fake	0.998622	-0.0014	genuine	no
D_0002457820	fake	0.486459	-0.7206	fake	yes
D_0002457883	fake	0.985714	-0.0144	genuine	no
D_0002457946	fake	0.000420	-7.7760	fake	yes
D_0002457967	fake	0.434632	-0.8333	fake	yes
D_0002458030	fake	0.342313	-1.0720	fake	yes
D_0002458198	genuine	0.999997	-0.0000	genuine	yes
D_0002458324	fake	0.028018	-3.5749	fake	yes
D_0002458450	fake	0.000052	-9.8697	fake	yes
D_0002458660	fake	0.775336	-0.2545	genuine	no
D_0002458681	fake	0.000222	-8.4126	fake	yes
D_0002458786	genuine	0.903211	-0.1018	genuine	yes
D_0002458807	fake	0.403414	-0.9078	fake	yes
D_0002458891	fake	0.000547	-7.5114	fake	yes
D_0002459185	fake	0.975311	-0.0250	genuine	no
D_0002459248	genuine	0.975055	-0.0253	genuine	yes
D_0002459290	fake	0.798214	-0.2254	genuine	no
D_0002459374	fake	0.691196	-0.3693	genuine	no
D_0002459542	genuine	0.037634	-3.2798	fake	no
D_0002459857	genuine	0.999246	-0.0008	genuine	yes
D_0002459983	fake	0.605619	-0.5015	genuine	no
D_0002460067	fake	0.935259	-0.0669	genuine	no
D_0002460130	fake	0.997827	-0.0022	genuine	no
D_0002460214	fake	0.228168	-1.4777	fake	yes
D_0002460277	fake	0.045759	-3.0844	fake	yes
D_0002460424	fake	0.951753	-0.0494	genuine	no
D_0002460445	fake	0.444044	-0.8118	fake	yes
D_0002460487	fake	0.089523	-2.4133	fake	yes
D_0002460529	fake	0.034120	-3.3779	fake	yes
D_0002460613	fake	0.115872	-2.1553	fake	yes
D_0002460760	fake	0.137473	-1.9843	fake	yes
D_0002460844	genuine	0.996707	-0.0033	genuine	yes
D_0002460928	fake	0.414634	-0.8804	fake	yes
D_0002460949	fake	0.190555	-1.6578	fake	yes
D_0002461117	fake	0.019332	-3.9460	fake	yes
D_0002461138	fake	0.716217	-0.3338	genuine	no
D_0002461159	fake	0.985649	-0.0145	genuine	no
D_0002461180	fake	0.003369	-5.6932	fake	yes
D_0002461243	fake	0.924061	-0.0790	genuine	no
D_0002461369	genuine	0.999817	-0.0002	genuine	yes
D_0002461411	fake	0.000010	-11.5035	fake	yes
D_0002461495	fake	0.001433	-6.5480	fake	yes
D_0002461516	fake	0.163721	-1.8096	fake	yes
D_0002461579	genuine	0.941105	-0.0607	genuine	yes
D_0002461831	fake	0.011674	-4.4504	fake	yes
D_0002461894	fake	0.000049	-9.9168	fake	yes
D_0002461978	fake	0.003590	-5.6296	fake	yes
D_0002462041	genuine	0.905756	-0.0990	genuine	yes
D_0002462062	fake	0.004274	-5.4553	fake	yes
D_0002462146	genuine	0.999960	-0.0000	genuine	yes
D_0002462230	fake	0.002600	-5.9521	fake	yes
D_0002462545	fake	0.017859	-4.0252	fake	yes
D_0002462566	fake	0.130146	-2.0391	fake	yes
D_0002462587	fake	0.023704	-3.7421	fake	yes
D_0002462692	fake	0.051175	-2.9725	fake	yes
D_0002462755	genuine	0.982876	-0.0173	genuine	yes
D_0002462818	fake	0.022639	-3.7881	fake	yes
D_0002462881	fake	0.000495	-7.6104	fake	yes
D_0002463070	fake	0.000000	-14.6252	fake	yes
D_0002463154	fake	0.710753	-0.3414	genuine	no
D_0002463217	fake	0.888978	-0.1177	genuine	no
D_0002463301	genuine	0.994979	-0.0050	genuine	yes
D_0002463343	genuine	0.155763	-1.8594	fake	no
D_0002463364	fake	0.000180	-8.6236	fake	yes
D_0002463406	fake	0.671265	-0.3986	genuine	no
D_0002463448	fake	0.377617	-0.9739	fake	yes
D_0002463595	fake	0.971165	-0.0293	genuine	no
D_0002463637	genuine	1.000000	-0.0000	genuine	yes
D_0002463826	fake	0.005255	-5.2486	fake	yes
D_0002463910	fake	0.000614	-7.3958	fake	yes
D_0002463931	fake	0.766434	-0.2660	genuine	no
D_0002463973	genuine	0.999252	-0.0007	genuine	yes
D_0002464351	fake	0.000058	-9.7504	fake	yes
D_0002464372	fake	0.598640	-0.5131	genuine	no
D_0002464477	fake	0.004596	-5.3825	fake	yes
D_0002464624	fake	0.171420	-1.7636	fake	yes
D_0002464666	genuine	0.221699	-1.5064	fake	no
D_0002464771	fake	0.970914	-0.0295	genuine	no
D_0002464834	fake	0.967573	-0.0330	genuine	no
D_0002464897	fake	0.990150	-0.0099	genuine	no
D_0002465044	fake	0.763032	-0.2705	genuine	no
D_0002465065	fake	0.232609	-1.4584	fake	yes
D_0002465191	fake	0.000000	-14.5259	fake	yes
D_0002465233	fake	0.392723	-0.9347	fake	yes
D_0002465296	genuine	0.999971	-0.0000	genuine	yes
D_0002465695	fake	0.994021	-0.0060	genuine	no
D_0002465905	genuine	0.991612	-0.0084	genuine	yes
D_0002465947	fake	0.003412	-5.6805	fake	yes
D_0002466094	genuine	0.998734	-0.0013	genuine	yes
D_0002466262	fake	0.000044	-10.0376	fake	yes
D_0002466346	fake	0.513990	-0.6656	genuine	no
D_0002466556	fake	0.083471	-2.4833	fake	yes
D_0002466661	fake	0.003857	-5.5578	fake	yes
D_0002466682	fake	0.058564	-2.8376	fake	yes
D_0002466850	genuine	0.999992	-0.0000	genuine	yes
D_0002466913	fake	0.266589	-1.3220	fake	yes
D_0002466997	fake	0.281478	-1.2677	fake	yes
D_0002467102	fake	0.007357	-4.9121	fake	yes
D_0002467165	fake	0.943810	-0.0578	genuine	no
D_0002467501	fake	0.000310	-8.0794	fake	yes
D_0002467543	fake	0.350859	-1.0474	fake	yes
D_0002467564	fake	0.499826	-0.6935	fake	yes
D_0002467732	genuine	0.999840	-0.0002	genuine	yes
D_0002467984	fake	0.502584	-0.6880	genuine	no
D_0002468110	genuine	0.641444	-0.4440	genuine	yes
D_0002468215	fake	0.158235	-1.8437	fake	yes
D_0002468278	genuine	0.990370	-0.0097	genuine	yes
D_0002468383	fake	0.191751	-1.6516	fake	yes
D_0002468509	genuine	0.999978	-0.0000	genuine	yes
D_0002468551	fake	0.002474	-6.0020	fake	yes
D_0002468572	fake	0.643660	-0.4406	genuine	no
D_0002468677	fake	0.569160	-0.5636	genuine	no
D_0002468803	genuine	0.126934	-2.0641	fake	no
D_0002468845	fake	0.987602	-0.0125	genuine	no
D_0002468866	genuine	0.964023	-0.0366	genuine	yes
D_0002468887	genuine	0.999943	-0.0001	genuine	yes
D_0002468992	fake	0.001955	-6.2375	fake	yes
D_0002469013	fake	0.914577	-0.0893	genuine	no
D_0002469097	fake	0.650990	-0.4293	genuine	no
D_0002469118	fake	0.000174	-8.6537	fake	yes
D_0002469160	fake	0.063207	-2.7613	fake	yes
D_0002469349	fake	0.008841	-4.7284	fake	yes
D_0002469370	fake	0.001172	-6.7488	fake	yes
D_0002469412	fake	0.006609	-5.0193	fake	yes
D_0002469433	fake	0.000006	-11.9698	fake	yes
D_0002469496	genuine	1.000000	-0.0000	genuine	yes
D_0002469559	fake	0.051736	-2.9616	fake	yes
D_0002469622	fake	0.080182	-2.5235	fake	yes
D_0002469748	fake	0.101113	-2.2915	fake	yes
D_0002469769	fake	0.437242	-0.8273	fake	yes
D_0002469916	fake	0.232217	-1.4601	fake	yes
D_0002469937	fake	0.161397	-1.8239	fake	yes
D_0002469979	fake	0.057214	-2.8610	fake	yes
D_0002470063	fake	0.998203	-0.0018	genuine	no
D_0002470357	genuine	0.999998	-0.0000	genuine	yes
D_0002470378	genuine	0.999818	-0.0002	genuine	yes
D_0002470462	fake	0.003033	-5.7983	fake	yes
D_0002470483	fake	0.001004	-6.9042	fake	yes
D_0002470525	fake	0.574168	-0.5548	genuine	no
D_0002470714	fake	0.101571	-2.2870	fake	yes
D_0002470840	fake	0.303801	-1.1914	fake	yes
D_0002470882	fake	0.969576	-0.0309	genuine	no
D_0002470903	genuine	0.999960	-0.0000	genuine	yes
D_0002471008	fake	0.042529	-3.1576	fake	yes
D_0002471071	fake	0.344050	-1.0670	fake	yes
D_0002471134	fake	0.002996	-5.8106	fake	yes
D_0002471302	genuine	0.999992	-0.0000	genuine	yes
D_0002471407	fake	0.006379	-5.0547	fake	yes
D_0002471428	genuine	0.999842	-0.0002	genuine	yes
D_0002471470	fake	0.154074	-1.8703	fake	yes
D_0002471554	genuine	0.999928	-0.0001	genuine	yes
D_0002471848	fake	0.971488	-0.0289	genuine	no
D_0002471869	genuine	0.999451	-0.0005	genuine	yes
D_0002471890	fake	0.000107	-9.1465	fake	yes
D_0002471932	fake	0.016020	-4.1339	fake	yes
D_0002471995	genuine	0.867882	-0.1417	genuine	yes
D_0002472121	genuine	0.936114	-0.0660	genuine	yes
D_0002472268	fake	0.973390	-0.0270	genuine	no
D_0002472457	fake	0.958545	-0.0423	genuine	no
D_0002472541	genuine	0.049734	-3.0011	fake	no
D_0002472667	fake	0.984266	-0.0159	genuine	no
D_0002472688	fake	0.021597	-3.8352	fake	yes
D_0002472982	genuine	1.000000	-0.0000	genuine	yes
D_0002473192	fake	0.023576	-3.7475	fake	yes
D_0002473234	fake	0.103024	-2.2728	fake	yes
D_0002473318	genuine	0.000108	-9.1317	fake	no
D_0002473339	fake	0.209049	-1.5652	fake	yes
D_0002473444	fake	0.053810	-2.9223	fake	yes
D_0002473591	fake	0.536890	-0.6220	genuine	no
D_0002473864	fake	0.001329	-6.6232	fake	yes
D_0002473906	fake	0.008034	-4.8241	fake	yes
D_0002474032	genuine	0.999999	-0.0000	genuine	yes
D_0002474116	fake	0.478444	-0.7372	fake	yes
D_0002474137	fake	0.406312	-0.9006	fake	yes
D_0002474179	fake	0.011903	-4.4309	fake	yes
D_0002474284	fake	0.000205	-8.4945	fake	yes
D_0002474410	fake	0.012636	-4.3712	fake	yes
D_0002474536	genuine	0.017897	-4.0231	fake	no
D_0002474809	fake	0.895547	-0.1103	genuine	no
D_0002474977	fake	0.013932	-4.2736	fake	yes
D_0002475082	fake	0.000481	-7.6398	fake	yes
D_0002475103	fake	0.648208	-0.4335	genuine	no
D_0002475124	fake	0.739172	-0.3022	genuine	no
D_0002475334	fake	0.009136	-4.6955	fake	yes
D_0002475397	genuine	0.999990	-0.0000	genuine	yes
D_0002475460	genuine	0.986889	-0.0132	genuine	yes
D_0002475523	fake	0.438234	-0.8250	fake	yes
D_0002475670	genuine	0.992271	-0.0078	genuine	yes
D_0002475880	fake	0.000503	-7.5957	fake	yes
D_0002475901	fake	0.994326	-0.0057	genuine	no
D_0002475922	fake	0.000071	-9.5479	fake	yes
D_0002475964	fake	0.164256	-1.8063	fake	yes
D_0002476132	genuine	0.991745	-0.0083	genuine	yes
D_0002476195	fake	0.905249	-0.0995	genuine	no
D_0002476258	fake	0.076844	-2.5660	fake	yes
D_0002476321	fake	0.876793	-0.1315	genuine	no
D_0002476342	fake	0.012625	-4.3721	fake	yes
D_0002476468	fake	0.665511	-0.4072	genuine	no
D_0002476573	fake	0.771829	-0.2590	genuine	no
D_0002476594	fake	0.193730	-1.6413	fake	yes
D_0002476909	fake	0.002415	-6.0260	fake	yes
D_0002476930	fake	0.109682	-2.2102	fake	yes
D_0002477077	fake	0.475877	-0.7426	fake	yes
D_0002477098	fake	0.968559	-0.0319	genuine	no
D_0002477203	fake	0.000404	-7.8139	fake	yes
D_0002477329	fake	0.276860	-1.2842	fake	yes
D_0002477392	genuine	0.971761	-0.0286	genuine	yes
D_0002477770	fake	0.001503	-6.5000	fake	yes
D_0002477812	fake	0.595094	-0.5190	genuine	no
D_0002477833	fake	0.005713	-5.1650	fake	yes
D_0002477854	fake	0.394401	-0.9304	fake	yes
D_0002477938	fake	0.997022	-0.0030	genuine	no
D_0002478064	genuine	0.999968	-0.0000	genuine	yes
D_0002478106	fake	0.949897	-0.0514	genuine	no
D_0002478190	fake	0.096569	-2.3375	fake	yes
D_0002478316	fake	0.800459	-0.2226	genuine	no
D_0002478547	fake	0.038253	-3.2635	fake	yes
D_0002478568	fake	0.004559	-5.3907	fake	yes
D_0002478610	fake	0.526010	-0.6424	genuine	no
D_0002478841	genuine	1.000000	0.0000	genuine	yes
D_0002478862	fake	0.000071	-9.5555	fake	yes
D_0002478925	fake	0.050984	-2.9762	fake	yes
D_0002478946	fake	0.022060	-3.8140	fake	yes
D_0002479156	fake	0.001598	-6.4391	fake	yes
D_0002479198	genuine	0.999213	-0.0008	genuine	yes
D_0002479240	genuine	0.999972	-0.0000	genuine	yes
D_0002479303	genuine	0.999828	-0.0002	genuine	yes
D_0002479450	fake	0.001390	-6.5782	fake	yes
D_0002479513	fake	0.042784	-3.1516	fake	yes
D_0002479534	fake	0.000001	-13.9447	fake	yes
D_0002479618	genuine	0.999999	-0.0000	genuine	yes
D_0002479828	fake	0.054370	-2.9119	fake	yes
D_0002479912	fake	0.977019	-0.0232	genuine	no
D_0002480080	fake	0.889838	-0.1167	genuine	no
D_0002480479	genuine	0.999999	-0.0000	genuine	yes
D_0002480521	genuine	0.999997	-0.0000	genuine	yes
D_0002480584	fake	0.168341	-1.7818	fake	yes
D_0002480731	genuine	0.999900	-0.0001	genuine	yes
D_0002480794	fake	0.000864	-7.0541	fake	yes
D_0002480941	fake	0.322109	-1.1329	fake	yes
D_0002481046	fake	0.868600	-0.1409	genuine	no
D_0002481193	fake	0.006217	-5.0804	fake	yes
D_0002481382	genuine	0.999986	-0.0000	genuine	yes
D_0002481403	fake	0.584112	-0.5377	genuine	no
D_0002481445	fake	0.017767	-4.0304	fake	yes
D_0002481571	fake	0.004105	-5.4956	fake	yes
D_0002482096	fake	0.971182	-0.0292	genuine	no
D_0002482180	fake	0.908244	-0.0962	genuine	no
D_0002482264	fake	0.618795	-0.4800	genuine	no
D_0002482348	fake	0.233345	-1.4552	fake	yes
D_0002482642	fake	0.003742	-5.5882	fake	yes
D_0002482684	fake	0.000036	-10.2404	fake	yes
D_0002482810	fake	0.348057	-1.0554	fake	yes
D_0002482852	genuine	0.979089	-0.0211	genuine	yes
D_0002483041	fake	0.694659	-0.3643	genuine	no
D_0002483230	fake	0.760508	-0.2738	genuine	no
D_0002483251	fake	0.180344	-1.7129	fake	yes
D_0002483398	fake	0.211477	-1.5536	fake	yes
D_0002483503	fake	0.022495	-3.7944	fake	yes
D_0002483755	fake	0.003790	-5.5753	fake	yes
D_0002483797	genuine	0.776758	-0.2526	genuine	yes
D_0002483881	fake	0.495677	-0.7018	fake	yes
D_0002483986	fake	0.924927	-0.0780	genuine	no
D_0002484028	fake	0.020210	-3.9016	fake	yes
D_0002484154	fake	0.963310	-0.0374	genuine	no
D_0002484469	fake	0.990151	-0.0099	genuine	no
D_0002484574	fake	0.882772	-0.1247	genuine	no
D_0002484784	fake	0.814480	-0.2052	genuine	no
D_0002484805	fake	0.000319	-8.0489	fake	yes
D_0002484826	fake	0.078318	-2.5470	fake	yes
D_0002484847	fake	0.608819	-0.4962	genuine	no
D_0002484868	fake	0.032533	-3.4255	fake	yes
D_0002485057	genuine	0.999931	-0.0001	genuine	yes
D_0002485183	fake	0.992335	-0.0077	genuine	no
D_0002485225	fake	0.022455	-3.7963	fake	yes
D_0002485288	fake	0.970747	-0.0297	genuine	no
D_0002485330	genuine	0.000079	-9.4406	fake	no
D_0002485351	genuine	0.166683	-1.7917	fake	no
D_0002485414	fake	0.032813	-3.4169	fake	yes
D_0002485435	genuine	0.999041	-0.0010	genuine	yes
D_0002485519	genuine	0.999990	-0.0000	genuine	yes
D_0002485561	fake	0.974821	-0.0255	genuine	no
D_0002485771	fake	0.026642	-3.6253	fake	yes
D_0002485834	fake	0.018927	-3.9672	fake	yes
D_0002486086	fake	0.112781	-2.1823	fake	yes
D_0002486107	fake	0.001175	-6.7464	fake	yes
D_0002486128	fake	0.000713	-7.2462	fake	yes
D_0002486149	genuine	0.991350	-0.0087	genuine	yes
D_0002486233	fake	0.181922	-1.7042	fake	yes
D_0002486296	genuine	0.421867	-0.8631	fake	no
D_0002486380	fake	0.163434	-1.8113	fake	yes
D_0002486737	fake	0.081283	-2.5098	fake	yes
D_0002486779	fake	0.673840	-0.3948	genuine	no
D_0002486821	fake	0.007410	-4.9049	fake	yes
D_0002486926	fake	0.085025	-2.4648	fake	yes
D_0002487052	genuine	0.999997	-0.0000	genuine	yes
D_0002487073	fake	0.176421	-1.7349	fake	yes
D_0002487094	fake	0.105704	-2.2471	fake	yes
D_0002487136	fake	0.712480	-0.3390	genuine	no
D_0002487430	genuine	0.090576	-2.4016	fake	no
D_0002487619	fake	0.081817	-2.5033	fake	yes
D_0002487640	fake	0.258879	-1.3514	fake	yes
D_0002487724	fake	0.576266	-0.5512	genuine	no
D_0002487850	fake	0.002690	-5.9181	fake	yes
D_0002487976	fake	0.990867	-0.0092	genuine	no
D_0002488186	fake	0.573516	-0.5560	genuine	no
D_0002488375	fake	0.004805	-5.3382	fake	yes
D_0002488417	genuine	0.999997	-0.0000	genuine	yes
D_0002488501	fake	0.645654	-0.4375	genuine	no
D_0002488774	genuine	0.979776	-0.0204	genuine	yes
D_0002488795	genuine	1.000000	-0.0000	genuine	yes
D_0002488879	fake	0.017158	-4.0653	fake	yes
D_0002488963	genuine	1.000000	-0.0000	genuine	yes
D_0002489005	fake	0.001336	-6.6182	fake	yes
D_0002489026	fake	0.578117	-0.5480	genuine	no
D_0002489110	fake	0.084547	-2.4704	fake	yes
D_0002489194	fake	0.022921	-3.7757	fake	yes
D_0002489236	fake	0.220884	-1.5101	fake	yes
D_0002489299	fake	0.271266	-1.3047	fake	yes
D_0002489383	fake	0.822373	-0.1956	genuine	no
D_0002489467	fake	0.123294	-2.0932	fake	yes
D_0002489593	fake	0.069198	-2.6708	fake	yes
D_0002489635	fake	0.000001	-13.7690	fake	yes
D_0002489656	genuine	0.999987	-0.0000	genuine	yes
D_0002489740	fake	0.644111	-0.4399	genuine	no
D_0002489845	genuine	0.999903	-0.0001	genuine	yes
D_0002489887	genuine	0.999654	-0.0003	genuine	yes
D_0002489908	genuine	0.630192	-0.4617	genuine	yes
D_0002489929	fake	0.016035	-4.1330	fake	yes
D_0002490433	fake	0.247956	-1.3945	fake	yes
D_0002490517	fake	0.036498	-3.3105	fake	yes
D_0002490559	fake	0.410044	-0.8915	fake	yes
D_0002490580	fake	0.325987	-1.1209	fake	yes
D_0002490706	fake	0.941680	-0.0601	genuine	no
D_0002490853	fake	0.016637	-4.0961	fake	yes
D_0002490895	fake	0.000906	-7.0065	fake	yes
D_0002491168	fake	0.985103	-0.0150	genuine	no
D_0002491189	fake	0.000203	-8.5010	fake	yes
D_0002491231	fake	0.126766	-2.0654	fake	yes
D_0002491252	fake	0.996362	-0.0036	genuine	no
D_0002491273	fake	0.680344	-0.3852	genuine	no
D_0002491336	fake	0.004250	-5.4607	fake	yes
D_0002491399	genuine	1.000000	0.0000	genuine	yes
D_0002491441	fake	0.227320	-1.4814	fake	yes
D_0002491462	fake	0.024941	-3.6912	fake	yes
D_0002491525	genuine	0.999897	-0.0001	genuine	yes
D_0002491672	genuine	0.939901	-0.0620	genuine	yes
D_0002491735	genuine	0.851232	-0.1611	genuine	yes
D_0002491756	fake	0.491725	-0.7098	fake	yes
D_0002491924	fake	0.001851	-6.2919	fake	yes
D_0002492323	genuine	0.999986	-0.0000	genuine	yes
D_0002492365	fake	0.021462	-3.8415	fake	yes
D_0002492428	fake	0.954610	-0.0465	genuine	no
D_0002492533	fake	0.088883	-2.4204	fake	yes
D_0002492659	fake	0.044773	-3.1061	fake	yes
D_0002492785	fake	0.000082	-9.4149	fake	yes
D_0002492953	fake	0.982311	-0.0178	genuine	no
D_0002492995	fake	0.851438	-0.1608	genuine	no
D_0002493037	fake	0.271049	-1.3055	fake	yes
D_0002493058	fake	0.552575	-0.5932	genuine	no
D_0002493436	fake	0.039382	-3.2345	fake	yes
D_0002493499	fake	0.197661	-1.6212	fake	yes
D_0002493520	fake	0.041092	-3.1919	fake	yes
D_0002493814	fake	0.009251	-4.6830	fake	yes
D_0002493835	fake	0.287434	-1.2468	fake	yes
D_0002493856	fake	0.021609	-3.8347	fake	yes
D_0002493961	fake	0.034534	-3.3658	fake	yes
D_0002494045	fake	0.015895	-4.1417	fake	yes
D_0002494108	fake	0.078066	-2.5502	fake	yes
D_0002494171	fake	0.957578	-0.0433	genuine	no
D_0002494213	fake	0.437814	-0.8260	fake	yes
D_0002494234	fake	0.947659	-0.0538	genuine	no
D_0002494255	fake	0.007528	-4.8891	fake	yes
D_0002494444	fake	0.002675	-5.9239	fake	yes
D_0002494465	fake	0.000019	-10.8686	fake	yes
D_0002494843	fake	0.088143	-2.4288	fake	yes
D_0002495053	fake	0.305789	-1.1849	fake	yes
D_0002495074	genuine	0.999382	-0.0006	genuine	yes
D_0002495116	fake	0.982460	-0.0177	genuine	no
D_0002495179	fake	0.042042	-3.1691	fake	yes
D_0002495221	fake	0.999613	-0.0004	genuine	no
D_0002495620	genuine	0.968610	-0.0319	genuine	yes
D_0002495725	fake	0.830612	-0.1856	genuine	no
D_0002495788	fake	0.040178	-3.2144	fake	yes
D_0002495830	fake	0.669159	-0.4017	genuine	no
D_0002496166	genuine	0.932648	-0.0697	genuine	yes
D_0002496880	fake	0.988015	-0.0121	genuine	no
D_0002497216	genuine	0.012981	-4.3443	fake	no
D_0002497363	fake	0.008818	-4.7309	fake	yes
D_0002497426	fake	0.791232	-0.2342	genuine	no
D_0002497447	fake	0.301094	-1.2003	fake	yes
D_0002497531	fake	0.119640	-2.1233	fake	yes
D_0002497594	fake	0.037018	-3.2964	fake	yes
D_0002497783	fake	0.964237	-0.0364	genuine	no
D_0002497846	fake	0.999462	-0.0005	genuine	no
D_0002498014	fake	0.059598	-2.8201	fake	yes
D_0002498098	genuine	0.997803	-0.0022	genuine	yes
D_0002498182	genuine	0.910837	-0.0934	genuine	yes
D_0002498266	fake	0.185051	-1.6871	fake	yes
D_0002498329	fake	0.108469	-2.2213	fake	yes
D_0002498455	fake	0.000001	-14.1020	fake	yes
D_0002498518	fake	0.003794	-5.5744	fake	yes
D_0002498539	fake	0.172217	-1.7590	fake	yes
D_0002498623	fake	0.965682	-0.0349	genuine	no
D_0002498707	fake	0.377903	-0.9731	fake	yes
D_0002498812	fake	0.000876	-7.0406	fake	yes
D_0002498833	fake	0.153665	-1.8730	fake	yes
D_0002498896	fake	0.109077	-2.2157	fake	yes
D_0002499127	fake	0.985121	-0.0150	genuine	no
D_0002499211	fake	0.661218	-0.4137	genuine	no
D_0002499232	fake	0.000153	-8.7877	fake	yes
D_0002499295	fake	0.998399	-0.0016	genuine	no
D_0002499316	fake	0.400850	-0.9142	fake	yes
D_0002499547	fake	0.000605	-7.4099	fake	yes
D_0002499568	fake	0.291866	-1.2315	fake	yes
D_0002499799	genuine	0.999968	-0.0000	genuine	yes
D_0002499988	fake	0.645452	-0.4378	genuine	no
D_0002500072	genuine	0.530139	-0.6346	genuine	yes
D_0002500114	fake	0.149148	-1.9028	fake	yes
D_0002500156	fake	0.983146	-0.0170	genuine	no
D_0002500177	fake	0.934838	-0.0674	genuine	no
D_0002500282	fake	0.033402	-3.3991	fake	yes
D_0002500324	fake	0.001306	-6.6409	fake	yes
D_0002500408	fake	0.038650	-3.2532	fake	yes
D_0002500555	fake	0.983107	-0.0170	genuine	no
D_0002500576	fake	0.559243	-0.5812	genuine	no
D_0002500681	fake	0.013275	-4.3219	fake	yes
D_0002500723	fake	0.000104	-9.1714	fake	yes
D_0002500765	fake	0.317505	-1.1473	fake	yes
D_0002500786	fake	0.414816	-0.8799	fake	yes
D_0002500891	fake	0.026456	-3.6323	fake	yes
D_0002501332	genuine	0.998424	-0.0016	genuine	yes
D_0002501353	fake	0.950683	-0.0506	genuine	no
D_0002501437	fake	0.520288	-0.6534	genuine	no
D_0002501563	fake	0.116291	-2.1517	fake	yes
D_0002501584	fake	0.222920	-1.5009	fake	yes
D_0002501878	fake	0.506521	-0.6802	genuine	no
D_0002501920	fake	0.454275	-0.7891	fake	yes
D_0002501962	fake	0.013772	-4.2851	fake	yes
D_0002502046	fake	0.929348	-0.0733	genuine	no
D_0002502151	fake	0.044603	-3.1100	fake	yes
D_0002502193	fake	0.087842	-2.4322	fake	yes
D_0002502382	fake	0.954041	-0.0470	genuine	no
D_0002502424	fake	0.758886	-0.2759	genuine	no
D_0002502739	fake	0.015580	-4.1618	fake	yes
D_0002502844	fake	0.138683	-1.9756	fake	yes
D_0002502865	fake	0.992192	-0.0078	genuine	no
D_0002503600	fake	0.204286	-1.5882	fake	yes
D_0002503663	fake	0.001329	-6.6231	fake	yes
D_0002503684	fake	0.162897	-1.8146	fake	yes
D_0002503747	genuine	0.999998	-0.0000	genuine	yes
D_0002503831	fake	0.456733	-0.7837	fake	yes
D_0002503894	fake	0.129340	-2.0453	fake	yes
D_0002504041	genuine	0.999995	-0.0000	genuine	yes
D_0002504083	fake	0.035820	-3.3292	fake	yes
D_0002504146	fake	0.000037	-10.2079	fake	yes
D_0002504209	genuine	0.369287	-0.9962	fake	no
D_0002504293	fake	0.911874	-0.0923	genuine	no
D_0002504314	genuine	0.094879	-2.3552	fake	no
D_0002504503	fake	0.121639	-2.1067	fake	yes
D_0002504545	fake	0.004354	-5.4366	fake	yes
D_0002504566	fake	0.725773	-0.3205	genuine	no
D_0002504608	fake	0.775666	-0.2540	genuine	no
D_0002504797	fake	0.032534	-3.4255	fake	yes
D_0002504818	fake	0.080669	-2.5174	fake	yes
D_0002504839	fake	0.023254	-3.7613	fake	yes
D_0002504923	fake	0.000249	-8.2964	fake	yes
D_0002504986	fake	0.249896	-1.3867	fake	yes
D_0002505196	genuine	0.999583	-0.0004	genuine	yes
D_0002505238	fake	0.000019	-10.8835	fake	yes
D_0002505343	fake	0.584834	-0.5364	genuine	no
D_0002505448	fake	0.162964	-1.8142	fake	yes
D_0002505532	fake	0.061476	-2.7891	fake	yes
D_0002505595	fake	0.200923	-1.6048	fake	yes
D_0002505742	fake	0.066589	-2.7092	fake	yes
D_0002505763	fake	0.167754	-1.7853	fake	yes
D_0002505784	fake	0.127934	-2.0562	fake	yes
D_0002505847	fake	0.940759	-0.0611	genuine	no
D_0002505910	fake	0.011264	-4.4861	fake	yes
D_0002505952	genuine	0.976284	-0.0240	genuine	yes
D_0002505973	fake	0.150744	-1.8922	fake	yes
D_0002506204	fake	0.799535	-0.2237	genuine	no
D_0002506330	fake	0.470924	-0.7531	fake	yes
D_0002506456	fake	0.000253	-8.2805	fake	yes
D_0002506645	fake	0.005464	-5.2097	fake	yes
D_0002506792	fake	0.004532	-5.3966	fake	yes
D_0002506918	fake	0.551461	-0.5952	genuine	no
D_0002507002	fake	0.000537	-7.5299	fake	yes
D_0002507464	fake	0.006124	-5.0955	fake	yes
D_0002507506	genuine	0.999998	-0.0000	genuine	yes
D_0002507653	genuine	1.000000	-0.0000	genuine	yes
D_0002507674	genuine	0.939332	-0.0626	genuine	yes
D_0002507695	fake	0.237917	-1.4358	fake	yes
D_0002508031	fake	0.005156	-5.2675	fake	yes
D_0002508052	genuine	0.999949	-0.0001	genuine	yes
D_0002508178	fake	0.001597	-6.4398	fake	yes
D_0002508199	fake	0.583288	-0.5391	genuine	no
D_0002508262	genuine	0.999991	-0.0000	genuine	yes
D_0002508304	genuine	0.073690	-2.6079	fake	no
D_0002508325	fake	0.941574	-0.0602	genuine	no
D_0002508367	fake	0.785030	-0.2420	genuine	no
D_0002508472	fake	0.031846	-3.4468	fake	yes
D_0002508682	fake	0.908656	-0.0958	genuine	no
D_0002508703	genuine	0.999866	-0.0001	genuine	yes
D_0002508724	genuine	0.987668	-0.0124	genuine	yes
D_0002508829	genuine	0.999964	-0.0000	genuine	yes
D_0002508850	fake	0.468184	-0.7589	fake	yes
D_0002508955	genuine	0.999994	-0.0000	genuine	yes
D_0002509018	fake	0.013430	-4.3103	fake	yes
D_0002509144	fake	0.021281	-3.8499	fake	yes
D_0002509249	genuine	1.000000	-0.0000	genuine	yes
D_0002509396	fake	0.016315	-4.1157	fake	yes
D_0002509522	fake	0.066386	-2.7123	fake	yes
D_0002509543	genuine	0.003008	-5.8065	fake	no
D_0002509669	fake	0.000859	-7.0600	fake	yes
D_0002509690	fake	0.954865	-0.0462	genuine	no
D_0002509732	fake	0.799425	-0.2239	genuine	no
D_0002509795	genuine	0.999997	-0.0000	genuine	yes
D_0002509837	fake	0.996793	-0.0032	genuine	no
D_0002509879	genuine	0.999982	-0.0000	genuine	yes
D_0002509900	fake	0.988606	-0.0115	genuine	no
D_0002509963	fake	0.659609	-0.4161	genuine	no
D_0002510131	genuine	0.999998	-0.0000	genuine	yes
D_0002510194	fake	0.014136	-4.2590	fake	yes
D_0002510551	fake	0.051416	-2.9678	fake	yes
D_0002510908	fake	0.007563	-4.8845	fake	yes
D_0002511034	fake	0.141959	-1.9522	fake	yes
D_0002511118	genuine	0.918806	-0.0847	genuine	yes
D_0002511202	fake	0.044823	-3.1050	fake	yes
D_0002511265	fake	0.112983	-2.1805	fake	yes
D_0002511622	fake	0.155184	-1.8631	fake	yes
D_0002511706	fake	0.150020	-1.8970	fake	yes
D_0002511748	fake	0.000056	-9.7824	fake	yes
D_0002511769	fake	0.995717	-0.0043	genuine	no
D_0002511790	fake	0.591166	-0.5257	genuine	no
D_0002511853	fake	0.000167	-8.6979	fake	yes
D_0002511937	fake	0.891569	-0.1148	genuine	no
D_0002512084	fake	0.997851	-0.0022	genuine	no
D_0002512147	fake	0.978421	-0.0218	genuine	no
D_0002512273	fake	0.029073	-3.5380	fake	yes
D_0002512357	fake	0.000397	-7.8310	fake	yes
D_0002512378	genuine	0.999942	-0.0001	genuine	yes
D_0002512420	genuine	0.827477	-0.1894	genuine	yes
D_0002512588	genuine	0.544078	-0.6087	genuine	yes
D_0002512609	fake	0.997939	-0.0021	genuine	no
D_0002512693	fake	0.018023	-4.0161	fake	yes
D_0002512714	fake	0.000300	-8.1119	fake	yes
D_0002512756	fake	0.113569	-2.1753	fake	yes
D_0002512945	fake	0.008863	-4.7259	fake	yes
D_0002513071	fake	0.250015	-1.3862	fake	yes
D_0002513134	fake	0.060627	-2.8030	fake	yes
D_0002513176	fake	0.047820	-3.0403	fake	yes
D_0002513197	genuine	0.999998	-0.0000	genuine	yes
D_0002513218	genuine	0.699442	-0.3575	genuine	yes
D_0002513323	fake	0.938995	-0.0629	genuine	no
D_0002513386	fake	0.042656	-3.1546	fake	yes
D_0002513407	fake	0.000033	-10.3221	fake	yes
D_0002513428	fake	0.000054	-9.8197	fake	yes
D_0002513575	fake	0.001858	-6.2883	fake	yes
D_0002513617	fake	0.086506	-2.4475	fake	yes
D_0002513659	genuine	0.999994	-0.0000	genuine	yes
D_0002513785	fake	0.436778	-0.8283	fake	yes
D_0002513806	genuine	0.999990	-0.0000	genuine	yes
D_0002513827	fake	0.045062	-3.0997	fake	yes
D_0002513911	fake	0.000037	-10.2065	fake	yes
D_0002514100	fake	0.796218	-0.2279	genuine	no
D_0002514121	genuine	0.883698	-0.1236	genuine	yes
D_0002514352	fake	0.000200	-8.5177	fake	yes
D_0002514436	fake	0.396470	-0.9252	fake	yes
D_0002514457	genuine	0.871887	-0.1371	genuine	yes
D_0002514499	fake	0.014444	-4.2375	fake	yes
D_0002514583	fake	0.899530	-0.1059	genuine	no
D_0002514625	fake	0.007180	-4.9364	fake	yes
D_0002514688	genuine	0.980878	-0.0193	genuine	yes
D_0002514751	fake	0.020495	-3.8876	fake	yes
D_0002514835	fake	0.016489	-4.1051	fake	yes
D_0002514877	fake	0.837211	-0.1777	genuine	no
D_0002514898	fake	0.000725	-7.2292	fake	yes
D_0002514940	genuine	1.000000	-0.0000	genuine	yes
D_0002515045	genuine	0.011184	-4.4933	fake	no
D_0002515066	fake	0.001172	-6.7492	fake	yes
D_0002515087	fake	0.000179	-8.6258	fake	yes
D_0002515108	fake	0.994858	-0.0052	genuine	no
D_0002515234	fake	0.027262	-3.6023	fake	yes
D_0002515255	fake	0.141567	-1.9550	fake	yes
D_0002515276	fake	0.981945	-0.0182	genuine	no
D_0002515339	fake	0.000020	-10.7985	fake	yes
D_0002515402	fake	0.018556	-3.9870	fake	yes
D_0002515465	genuine	0.000003	-12.7634	fake	no
D_0002515486	fake	0.286103	-1.2514	fake	yes
D_0002515549	fake	0.402234	-0.9107	fake	yes
D_0002515801	fake	0.070535	-2.6516	fake	yes
D_0002515822	fake	0.000360	-7.9280	fake	yes
D_0002515969	fake	0.050974	-2.9764	fake	yes
D_0002516011	fake	0.179619	-1.7169	fake	yes
D_0002516032	fake	0.001460	-6.5293	fake	yes
D_0002516137	fake	0.896221	-0.1096	genuine	no
D_0002516179	fake	0.046218	-3.0744	fake	yes
D_0002516326	genuine	0.999999	-0.0000	genuine	yes
D_0002516410	fake	0.400426	-0.9152	fake	yes
D_0002516767	fake	0.108201	-2.2238	fake	yes
D_0002516851	genuine	0.999873	-0.0001	genuine	yes
D_0002516935	fake	0.428877	-0.8466	fake	yes
D_0002516998	fake	0.416487	-0.8759	fake	yes
D_0002517061	genuine	0.999731	-0.0003	genuine	yes
D_0002517187	fake	0.063915	-2.7502	fake	yes
D_0002517229	fake	0.000047	-9.9759	fake	yes
D_0002517355	fake	0.000847	-7.0739	fake	yes
D_0002517418	genuine	0.999769	-0.0002	genuine	yes
D_0002517460	fake	0.985629	-0.0145	genuine	no
D_0002517649	genuine	0.999983	-0.0000	genuine	yes
D_0002517670	genuine	0.003464	-5.6654	fake	no
D_0002517754	fake	0.000657	-7.3272	fake	yes
D_0002517775	genuine	0.999616	-0.0004	genuine	yes
D_0002517859	fake	0.000063	-9.6762	fake	yes
D_0002518342	fake	0.206865	-1.5757	fake	yes
D_0002518510	fake	0.789612	-0.2362	genuine	no
D_0002518552	fake	0.062401	-2.7742	fake	yes
D_0002518699	fake	0.010686	-4.5388	fake	yes
D_0002518867	fake	0.246535	-1.4003	fake	yes
D_0002519119	genuine	0.999973	-0.0000	genuine	yes
D_0002519203	fake	0.250556	-1.3841	fake	yes
D_0002519476	fake	0.112332	-2.1863	fake	yes
D_0002519497	fake	0.002027	-6.2013	fake	yes
D_0002519518	fake	0.336213	-1.0900	fake	yes
D_0002519644	fake	0.864374	-0.1458	genuine	no
D_0002519728	genuine	0.988555	-0.0115	genuine	yes
D_0002519833	fake	0.116500	-2.1499	fake	yes
D_0002519875	fake	0.923457	-0.0796	genuine	no
D_0002519917	fake	0.227261	-1.4817	fake	yes
D_0002520106	fake	0.002953	-5.8249	fake	yes
D_0002520190	fake	0.978910	-0.0213	genuine	no
D_0002520337	fake	0.176463	-1.7346	fake	yes
D_0002520400	fake	0.612457	-0.4903	genuine	no
D_0002520568	genuine	0.999997	-0.0000	genuine	yes
D_0002520589	genuine	0.999339	-0.0007	genuine	yes
D_0002520715	fake	0.038589	-3.2548	fake	yes
D_0002520736	fake	0.700086	-0.3566	genuine	no
D_0002520799	genuine	1.000000	-0.0000	genuine	yes
D_0002520841	fake	0.484795	-0.7240	fake	yes
D_0002520925	fake	0.000457	-7.6907	fake	yes
D_0002520988	genuine	0.999946	-0.0001	genuine	yes
D_0002521051	fake	0.117283	-2.1432	fake	yes
D_0002521156	fake	0.035146	-3.3482	fake	yes
D_0002521219	fake	0.356041	-1.0327	fake	yes
D_0002521240	fake	0.930625	-0.0719	genuine	no
D_0002521429	genuine	0.999685	-0.0003	genuine	yes
D_0002521471	fake	0.990933	-0.0091	genuine	no
D_0002521534	fake	0.060674	-2.8022	fake	yes
D_0002521744	genuine	1.000000	0.0000	genuine	yes
D_0002521765	genuine	0.647849	-0.4341	genuine	yes
D_0002521828	fake	0.174955	-1.7432	fake	yes
D_0002522038	genuine	0.999999	-0.0000	genuine	yes
D_0002522080	genuine	1.000000	-0.0000	genuine	yes
D_0002522143	fake	0.000007	-11.8328	fake	yes
D_0002522437	fake	0.089151	-2.4174	fake	yes
D_0002522500	fake	0.997920	-0.0021	genuine	no
D_0002522752	fake	0.114445	-2.1677	fake	yes
D_0002522815	genuine	0.000077	-9.4713	fake	no
D_0002522899	genuine	0.999769	-0.0002	genuine	yes
D_0002523214	genuine	0.999990	-0.0000	genuine	yes
D_0002523319	fake	0.088789	-2.4215	fake	yes
D_0002523424	fake	0.037172	-3.2922	fake	yes
D_0002523466	fake	0.232519	-1.4588	fake	yes
D_0002523571	fake	0.071257	-2.6415	fake	yes
D_0002523655	fake	0.001793	-6.3237	fake	yes
D_0002523739	fake	0.005536	-5.1965	fake	yes
D_0002523781	fake	0.020636	-3.8807	fake	yes
D_0002523802	fake	0.441049	-0.8186	fake	yes
D_0002523949	fake	0.000115	-9.0705	fake	yes
D_0002523991	genuine	0.996166	-0.0038	genuine	yes
D_0002524012	fake	0.484820	-0.7240	fake	yes
D_0002524201	fake	0.095895	-2.3445	fake	yes
D_0002524264	fake	0.052331	-2.9502	fake	yes
D_0002524306	fake	0.048899	-3.0180	fake	yes
D_0002524327	fake	0.008482	-4.7698	fake	yes
D_0002524369	fake	0.980993	-0.0192	genuine	no
D_0002524453	fake	0.264461	-1.3301	fake	yes
D_0002524663	fake	0.310237	-1.1704	fake	yes
D_0002524789	fake	0.590532	-0.5267	genuine	no
D_0002525041	fake	0.020525	-3.8861	fake	yes
D_0002525314	fake	0.198105	-1.6190	fake	yes
D_0002525398	fake	0.942147	-0.0596	genuine	no
D_0002525440	fake	0.012350	-4.3941	fake	yes
D_0002525461	fake	0.975433	-0.0249	genuine	no
D_0002525524	fake	0.000108	-9.1294	fake	yes
D_0002525671	fake	0.029860	-3.5112	fake	yes
D_0002525818	fake	0.931274	-0.0712	genuine	no
D_0002525839	fake	0.226464	-1.4852	fake	yes
D_0002525860	fake	0.010145	-4.5908	fake	yes
D_0002526007	genuine	0.997564	-0.0024	genuine	yes
D_0002526175	fake	0.042316	-3.1626	fake	yes
D_0002526280	fake	0.198180	-1.6186	fake	yes
D_0002526364	fake	0.998199	-0.0018	genuine	no
D_0002526385	fake	0.007268	-4.9242	fake	yes
D_0002526532	fake	0.578494	-0.5473	genuine	no
D_0002526595	fake	0.143243	-1.9432	fake	yes
D_0002526658	fake	0.870639	-0.1385	genuine	no
D_0002526784	fake	0.895703	-0.1101	genuine	no
D_0002526889	fake	0.421904	-0.8630	fake	yes
D_0002527120	fake	0.016038	-4.1328	fake	yes
D_0002527141	fake	0.022154	-3.8097	fake	yes
D_0002527162	genuine	0.991434	-0.0086	genuine	yes
D_0002527267	fake	0.824351	-0.1932	genuine	no
D_0002527372	genuine	0.999353	-0.0006	genuine	yes
D_0002527561	fake	0.008754	-4.7383	fake	yes
D_0002527645	fake	0.009293	-4.6785	fake	yes
D_0002527708	fake	0.046397	-3.0705	fake	yes
D_0002527813	genuine	0.141843	-1.9530	fake	no
D_0002527918	fake	0.423080	-0.8602	fake	yes
D_0002527981	fake	0.897916	-0.1077	genuine	no
D_0002528065	fake	0.999655	-0.0003	genuine	no
D_0002528128	fake	0.914926	-0.0889	genuine	no
D_0002528212	fake	0.010303	-4.5754	fake	yes
D_0002528317	fake	0.639551	-0.4470	genuine	no
D_0002528338	fake	0.008875	-4.7245	fake	yes
D_0002528422	genuine	0.045926	-3.0807	fake	no
D_0002528443	genuine	0.999995	-0.0000	genuine	yes
D_0002528548	genuine	0.999994	-0.0000	genuine	yes
D_0002528611	fake	0.799574	-0.2237	genuine	no
D_0002528632	genuine	0.996339	-0.0037	genuine	yes
D_0002528674	fake	0.979841	-0.0204	genuine	no
D_0002528695	genuine	0.999999	-0.0000	genuine	yes
D_0002529031	fake	0.025007	-3.6886	fake	yes
D_0002529136	fake	0.006824	-4.9873	fake	yes
D_0002529283	fake	0.062110	-2.7789	fake	yes
D_0002529304	fake	0.877864	-0.1303	genuine	no
D_0002529325	fake	0.124277	-2.0852	fake	yes
D_0002529451	genuine	0.993093	-0.0069	genuine	yes
D_0002529493	fake	0.000025	-10.5935	fake	yes
D_0002529598	genuine	0.272926	-1.2986	fake	no
D_0002529619	fake	0.006392	-5.0527	fake	yes
D_0002529661	fake	0.427466	-0.8499	fake	yes
D_0002529724	fake	0.000209	-8.4715	fake	yes
D_0002529997	fake	0.138932	-1.9738	fake	yes
D_0002530039	fake	0.955066	-0.0460	genuine	no
D_0002530060	fake	0.928772	-0.0739	genuine	no
D_0002530081	fake	0.009505	-4.6559	fake	yes
D_0002530123	fake	0.651910	-0.4278	genuine	no
D_0002530228	fake	0.083191	-2.4866	fake	yes
D_0002530354	fake	0.818855	-0.1998	genuine	no
D_0002530438	fake	0.970632	-0.0298	genuine	no
D_0002530480	genuine	0.000869	-7.0484	fake	no
D_0002530669	fake	0.066382	-2.7123	fake	yes
D_0002530942	fake	0.272879	-1.2987	fake	yes
D_0002530984	fake	0.833394	-0.1822	genuine	no
D_0002531278	fake	0.039167	-3.2399	fake	yes
D_0002531320	genuine	1.000000	-0.0000	genuine	yes
D_0002531509	fake	0.729593	-0.3153	genuine	no
D_0002531614	fake	0.014386	-4.2415	fake	yes
D_0002531677	fake	0.899752	-0.1056	genuine	no
D_0002531719	genuine	0.999773	-0.0002	genuine	yes
D_0002531845	fake	0.256093	-1.3622	fake	yes
D_0002531929	fake	0.016552	-4.1012	fake	yes
D_0002532181	fake	0.784791	-0.2423	genuine	no
D_0002532685	fake	0.073038	-2.6168	fake	yes
D_0002533231	fake	0.018134	-4.0099	fake	yes
D_0002533399	genuine	0.999999	-0.0000	genuine	yes
D_0002533462	fake	0.925803	-0.0771	genuine	no
D_0002533609	fake	0.000550	-7.5053	fake	yes
D_0002533756	fake	0.967854	-0.0327	genuine	no
D_0002533882	fake	0.287601	-1.2462	fake	yes
D_0002533987	fake	0.957643	-0.0433	genuine	no
D_0002534029	fake	0.293027	-1.2275	fake	yes
D_0002534092	fake	0.075957	-2.5776	fake	yes
D_0002534113	genuine	0.999997	-0.0000	genuine	yes
D_0002534134	fake	0.102311	-2.2797	fake	yes
D_0002534155	genuine	0.995995	-0.0040	genuine	yes
D_0002534197	fake	0.148329	-1.9083	fake	yes
D_0002534365	fake	0.036694	-3.3051	fake	yes
D_0002534470	fake	0.624814	-0.4703	genuine	no
D_0002534575	fake	0.027791	-3.5830	fake	yes
D_0002534596	genuine	0.407071	-0.8988	fake	no
D_0002534638	fake	0.024393	-3.7135	fake	yes
D_0002534722	fake	0.006212	-5.0812	fake	yes
D_0002534764	genuine	0.041506	-3.1819	fake	no
D_0002534785	fake	0.996532	-0.0035	genuine	no
D_0002534806	fake	0.921026	-0.0823	genuine	no
D_0002535184	fake	0.999411	-0.0006	genuine	no
D_0002535310	fake	0.130858	-2.0336	fake	yes
D_0002535415	fake	0.720101	-0.3284	genuine	no
D_0002535436	fake	0.071536	-2.6376	fake	yes
D_0002535520	genuine	0.999936	-0.0001	genuine	yes
D_0002535688	fake	0.997018	-0.0030	genuine	no
D_0002535814	fake	0.188142	-1.6706	fake	yes
D_0002535856	genuine	0.447112	-0.8049	fake	no
D_0002535940	fake	0.437237	-0.8273	fake	yes
D_0002535961	fake	0.000035	-10.2544	fake	yes
D_0002536087	fake	0.001581	-6.4494	fake	yes
D_0002536234	genuine	0.999801	-0.0002	genuine	yes
D_0002536654	fake	0.286028	-1.2517	fake	yes
D_0002536780	fake	0.553061	-0.5923	genuine	no
D_0002537200	fake	0.003300	-5.7138	fake	yes
D_0002537494	fake	0.000535	-7.5331	fake	yes
D_0002537704	genuine	0.003594	-5.6285	fake	no
D_0002537746	fake	0.140391	-1.9633	fake	yes
D_0002537788	fake	0.788394	-0.2378	genuine	no
D_0002537851	fake	0.888379	-0.1184	genuine	no
D_0002537914	fake	0.064417	-2.7424	fake	yes
D_0002537977	genuine	0.998802	-0.0012	genuine	yes
D_0002538082	fake	0.993619	-0.0064	genuine	no
D_0002538103	fake	0.031746	-3.4500	fake	yes
D_0002538166	fake	0.981459	-0.0187	genuine	no
D_0002538271	fake	0.123499	-2.0915	fake	yes
D_0002538313	fake	0.997922	-0.0021	genuine	no
D_0002538523	fake	0.016825	-4.0849	fake	yes
D_0002538670	genuine	0.851390	-0.1609	genuine	yes
D_0002538712	fake	0.181465	-1.7067	fake	yes
D_0002538733	fake	0.798035	-0.2256	genuine	no
D_0002538880	fake	0.740049	-0.3010	genuine	no
D_0002538964	fake	0.002838	-5.8645	fake	yes
D_0002539195	genuine	0.998670	-0.0013	genuine	yes
D_0002539279	fake	0.050272	-2.9903	fake	yes
D_0002539300	fake	0.999688	-0.0003	genuine	no
D_0002539405	fake	0.856410	-0.1550	genuine	no
D_0002539447	fake	0.000164	-8.7153	fake	yes
D_0002539510	fake	0.654128	-0.4245	genuine	no
D_0002539636	fake	0.014951	-4.2030	fake	yes
D_0002539699	fake	0.000142	-8.8616	fake	yes
D_0002539762	fake	0.000477	-7.6470	fake	yes
D_0002539846	fake	0.198240	-1.6183	fake	yes
D_0002540266	genuine	0.999521	-0.0005	genuine	yes
D_0002540623	fake	0.017347	-4.0543	fake	yes
D_0002540707	genuine	0.962001	-0.0387	genuine	yes
D_0002540833	fake	0.129228	-2.0462	fake	yes
D_0002540917	fake	0.923455	-0.0796	genuine	no
D_0002541022	fake	0.002131	-6.1511	fake	yes
D_0002541127	genuine	0.997128	-0.0029	genuine	yes
D_0002541148	fake	0.526474	-0.6416	genuine	no
D_0002541253	fake	0.464125	-0.7676	fake	yes
D_0002541316	fake	0.040527	-3.2058	fake	yes
D_0002541463	fake	0.723072	-0.3242	genuine	no
D_0002541505	fake	0.995975	-0.0040	genuine	no
D_0002541589	fake	0.084046	-2.4764	fake	yes
D_0002541673	fake	0.370552	-0.9928	fake	yes
D_0002541820	fake	0.018372	-3.9969	fake	yes
D_0002541841	genuine	0.999976	-0.0000	genuine	yes
D_0002541946	fake	0.034815	-3.3577	fake	yes
D_0002542156	fake	0.048262	-3.0311	fake	yes
D_0002542261	genuine	0.958531	-0.0424	genuine	yes
D_0002542387	fake	0.017022	-4.0732	fake	yes
D_0002542471	fake	0.428866	-0.8466	fake	yes
D_0002542492	fake	0.035269	-3.3447	fake	yes
D_0002542576	fake	0.002518	-5.9844	fake	yes
D_0002542723	fake	0.004804	-5.3384	fake	yes
D_0002542849	fake	0.047847	-3.0398	fake	yes
D_0002542933	fake	0.001723	-6.3638	fake	yes
D_0002542975	fake	0.003637	-5.6165	fake	yes
D_0002543038	fake	0.000392	-7.8446	fake	yes
D_0002543080	fake	0.000147	-8.8260	fake	yes
D_0002543164	genuine	0.999958	-0.0000	genuine	yes
D_0002543185	fake	0.035165	-3.3477	fake	yes
D_0002543248	fake	0.060939	-2.7979	fake	yes
D_0002543269	fake	0.029461	-3.5247	fake	yes
D_0002543290	fake	0.396716	-0.9245	fake	yes
D_0002543311	fake	0.995833	-0.0042	genuine	no
D_0002543647	fake	0.002335	-6.0596	fake	yes
D_0002543710	fake	0.208985	-1.5655	fake	yes
D_0002543962	fake	0.035211	-3.3464	fake	yes
D_0002543983	genuine	0.992096	-0.0079	genuine	yes
D_0002544004	fake	0.008032	-4.8243	fake	yes
D_0002544025	fake	0.000090	-9.3180	fake	yes
D_0002544130	fake	0.008795	-4.7336	fake	yes
D_0002544214	fake	0.000094	-9.2721	fake	yes
D_0002544235	fake	0.640507	-0.4455	genuine	no
D_0002544298	fake	0.694925	-0.3640	genuine	no
D_0002544382	fake	0.001706	-6.3736	fake	yes
D_0002544529	fake	0.531883	-0.6313	genuine	no
D_0002544718	fake	0.000659	-7.3246	fake	yes
D_0002544781	genuine	0.426938	-0.8511	fake	no
D_0002544823	genuine	1.000000	0.0000	genuine	yes
D_0002545054	genuine	0.999990	-0.0000	genuine	yes
D_0002545096	fake	0.181058	-1.7089	fake	yes
D_0002545516	fake	0.965926	-0.0347	genuine	no
D_0002545747	fake	0.542754	-0.6111	genuine	no
D_0002545957	fake	0.000994	-6.9140	fake	yes
D_0002546062	fake	0.023634	-3.7451	fake	yes
D_0002546209	fake	0.021465	-3.8413	fake	yes
D_0002546356	fake	0.000183	-8.6052	fake	yes
D_0002546398	fake	0.219929	-1.5144	fake	yes
D_0002546482	fake	0.555395	-0.5881	genuine	no
D_0002546734	fake	0.002273	-6.0865	fake	yes
D_0002546776	fake	0.084575	-2.4701	fake	yes
D_0002546818	fake	0.002049	-6.1903	fake	yes
D_0002547007	fake	0.020904	-3.8678	fake	yes
D_0002547028	fake	0.065838	-2.7206	fake	yes
D_0002547070	fake	0.162460	-1.8173	fake	yes
D_0002547133	fake	0.037976	-3.2708	fake	yes
D_0002547175	fake	0.025923	-3.6526	fake	yes
D_0002547217	fake	0.219392	-1.5169	fake	yes
D_0002547427	fake	0.997737	-0.0023	genuine	no
D_0002547490	genuine	0.999806	-0.0002	genuine	yes
D_0002547532	fake	0.200116	-1.6089	fake	yes
D_0002547574	genuine	0.000396	-7.8329	fake	no
D_0002547595	fake	0.991365	-0.0087	genuine	no
D_0002547637	fake	0.208525	-1.5677	fake	yes
D_0002547658	fake	0.309239	-1.1736	fake	yes
D_0002547826	fake	0.414043	-0.8818	fake	yes
D_0002548141	fake	0.025351	-3.6749	fake	yes
D_0002548225	fake	0.503423	-0.6863	genuine	no
D_0002548393	fake	0.954969	-0.0461	genuine	no
D_0002548456	fake	0.003294	-5.7158	fake	yes
D_0002548666	fake	0.273365	-1.2969	fake	yes
D_0002548729	fake	0.003280	-5.7198	fake	yes
D_0002549086	fake	0.001833	-6.3016	fake	yes
D_0002549317	fake	0.144886	-1.9318	fake	yes
D_0002549401	fake	0.737364	-0.3047	genuine	no
D_0002549464	fake	0.012151	-4.4103	fake	yes
D_0002549653	genuine	0.888007	-0.1188	genuine	yes
D_0002549716	genuine	0.999730	-0.0003	genuine	yes
D_0002549737	fake	0.077586	-2.5564	fake	yes
D_0002550094	fake	0.219597	-1.5160	fake	yes
D_0002550136	fake	0.014350	-4.2440	fake	yes
D_0002550325	genuine	0.999953	-0.0000	genuine	yes
D_0002550346	fake	0.012486	-4.3831	fake	yes
D_0002550388	fake	0.002475	-6.0013	fake	yes
D_0002550430	genuine	0.913923	-0.0900	genuine	yes
D_0002550556	fake	0.416707	-0.8754	fake	yes
D_0002550661	fake	0.017469	-4.0473	fake	yes
D_0002550682	fake	0.000052	-9.8716	fake	yes
D_0002550703	fake	0.871106	-0.1380	genuine	no
D_0002550724	fake	0.915157	-0.0887	genuine	no
D_0002550745	fake	0.927728	-0.0750	genuine	no
D_0002550829	genuine	0.999929	-0.0001	genuine	yes
D_0002550913	fake	0.379616	-0.9686	fake	yes
D_0002550955	fake	0.025971	-3.6508	fake	yes
D_0002551207	fake	0.106893	-2.2359	fake	yes
D_0002551396	fake	0.193387	-1.6431	fake	yes
D_0002551585	fake	0.984945	-0.0152	genuine	no
D_0002552068	fake	0.000799	-7.1318	fake	yes
D_0002552110	fake	0.362517	-1.0147	fake	yes
D_0002552131	genuine	0.999994	-0.0000	genuine	yes
D_0002552236	fake	0.002302	-6.0740	fake	yes
D_0002552278	fake	0.010612	-4.5457	fake	yes
D_0002552299	fake	0.013931	-4.2737	fake	yes
D_0002552467	fake	0.579014	-0.5464	genuine	no
D_0002552719	fake	0.061894	-2.7823	fake	yes
D_0002553160	fake	0.803685	-0.2185	genuine	no
D_0002553244	fake	0.001181	-6.7410	fake	yes
D_0002553391	genuine	0.908304	-0.0962	genuine	yes
D_0002553559	fake	0.796563	-0.2274	genuine	no
D_0002553580	genuine	0.998188	-0.0018	genuine	yes
D_0002553643	fake	0.000001	-14.2052	fake	yes
D_0002553748	fake	0.705561	-0.3488	genuine	no
D_0002554126	fake	0.023459	-3.7525	fake	yes
D_0002554273	genuine	0.998774	-0.0012	genuine	yes
D_0002554504	fake	0.800434	-0.2226	genuine	no
D_0002554567	fake	0.051933	-2.9578	fake	yes
D_0002554588	fake	0.338303	-1.0838	fake	yes
D_0002554840	fake	0.281038	-1.2693	fake	yes
D_0002554987	fake	0.293764	-1.2250	fake	yes
D_0002555134	fake	0.091824	-2.3879	fake	yes
D_0002555155	fake	0.000684	-7.2871	fake	yes
D_0002555176	fake	0.000392	-7.8440	fake	yes
D_0002555197	fake	0.000006	-12.0868	fake	yes
D_0002555386	fake	0.257347	-1.3573	fake	yes
D_0002555428	genuine	0.999555	-0.0004	genuine	yes
D_0002555659	genuine	0.998901	-0.0011	genuine	yes
D_0002555722	fake	0.026031	-3.6485	fake	yes
D_0002555848	fake	0.257461	-1.3569	fake	yes
D_0002556268	fake	0.018087	-4.0126	fake	yes
D_0002556562	genuine	0.832967	-0.1828	genuine	yes
D_0002556604	genuine	0.999996	-0.0000	genuine	yes
D_0002556751	fake	0.996535	-0.0035	genuine	no
D_0002556772	fake	0.206916	-1.5754	fake	yes
D_0002556814	fake	0.031151	-3.4689	fake	yes
D_0002556919	fake	0.011970	-4.4253	fake	yes
D_0002557066	fake	0.015159	-4.1891	fake	yes
D_0002557108	genuine	0.999998	-0.0000	genuine	yes
D_0002557129	fake	0.944173	-0.0574	genuine	no
D_0002557192	fake	0.020556	-3.8846	fake	yes
D_0002557381	fake	0.008383	-4.7816	fake	yes
D_0002557654	fake	0.000669	-7.3101	fake	yes
D_0002557717	fake	0.002271	-6.0874	fake	yes
D_0002557738	fake	0.006523	-5.0324	fake	yes
D_0002557801	fake	0.004382	-5.4303	fake	yes
D_0002557864	fake	0.000002	-13.3595	fake	yes
D_0002557948	fake	0.228160	-1.4777	fake	yes
D_0002557969	fake	0.003337	-5.7027	fake	yes
D_0002558032	fake	0.047423	-3.0486	fake	yes
D_0002558074	fake	0.023018	-3.7715	fake	yes
D_0002558137	fake	0.011034	-4.5067	fake	yes
D_0002558473	fake	0.222506	-1.5028	fake	yes
D_0002558599	genuine	0.000007	-11.8774	fake	no
D_0002558662	fake	0.228916	-1.4744	fake	yes
D_0002558746	genuine	0.977815	-0.0224	genuine	yes
D_0002558956	fake	0.002070	-6.1804	fake	yes
D_0002559124	fake	0.274105	-1.2942	fake	yes
D_0002559481	fake	0.392878	-0.9343	fake	yes
D_0002559502	fake	0.003329	-5.7051	fake	yes
D_0002559859	fake	0.048224	-3.0319	fake	yes
D_0002560006	fake	0.002911	-5.8393	fake	yes
D_0002560111	fake	0.024951	-3.6909	fake	yes
D_0002560216	fake	0.106068	-2.2437	fake	yes
D_0002560258	fake	0.243597	-1.4122	fake	yes
D_0002560279	fake	0.999248	-0.0008	genuine	no
D_0002560510	fake	0.722122	-0.3256	genuine	no
D_0002560573	fake	0.944273	-0.0573	genuine	no
D_0002560615	genuine	0.925438	-0.0775	genuine	yes
D_0002560741	genuine	0.977355	-0.0229	genuine	yes
D_0002560825	fake	0.001059	-6.8501	fake	yes
D_0002560888	fake	0.998642	-0.0014	genuine	no
D_0002561140	fake	0.975780	-0.0245	genuine	no
D_0002561182	fake	0.142135	-1.9510	fake	yes
D_0002561224	fake	0.002791	-5.8813	fake	yes
D_0002561245	fake	0.013096	-4.3355	fake	yes
D_0002561644	fake	0.165439	-1.7992	fake	yes
D_0002561938	fake	0.072704	-2.6214	fake	yes
D_0002562127	fake	0.000087	-9.3541	fake	yes
D_0002562148	fake	0.998022	-0.0020	genuine	no
D_0002562274	fake	0.184371	-1.6908	fake	yes
D_0002562316	fake	0.001130	-6.7859	fake	yes
D_0002562379	fake	0.900118	-0.1052	genuine	no
D_0002562799	fake	0.998212	-0.0018	genuine	no
D_0002562925	fake	0.243965	-1.4107	fake	yes
D_0002563009	fake	0.014200	-4.2545	fake	yes
D_0002563072	genuine	0.964792	-0.0358	genuine	yes
D_0002563093	fake	0.419856	-0.8678	fake	yes
D_0002563156	fake	0.016278	-4.1180	fake	yes
D_0002563555	fake	0.000186	-8.5902	fake	yes
D_0002563681	fake	0.989887	-0.0102	genuine	no
D_0002563744	fake	0.425974	-0.8534	fake	yes
D_0002563765	fake	0.033001	-3.4112	fake	yes
D_0002563975	fake	0.389717	-0.9423	fake	yes
D_0002564080	genuine	0.996335	-0.0037	genuine	yes
D_0002564206	fake	0.455284	-0.7868	fake	yes
D_0002564248	fake	0.007854	-4.8467	fake	yes
D_0002564311	fake	0.999528	-0.0005	genuine	no
D_0002564332	fake	0.015202	-4.1863	fake	yes
D_0002564374	fake	0.049053	-3.0149	fake	yes
D_0002564500	fake	0.001141	-6.7762	fake	yes
D_0002564563	fake	0.006132	-5.0943	fake	yes
D_0002564668	fake	0.059989	-2.8136	fake	yes
D_0002564710	genuine	0.999958	-0.0000	genuine	yes
D_0002564731	fake	0.163214	-1.8127	fake	yes
D_0002564920	fake	0.962034	-0.0387	genuine	no
D_0002564941	genuine	0.013641	-4.2947	fake	no
D_0002564983	fake	0.671000	-0.3990	genuine	no
D_0002565025	fake	0.049651	-3.0027	fake	yes
D_0002565088	fake	0.000505	-7.5916	fake	yes
D_0002565109	fake	0.950573	-0.0507	genuine	no
D_0002565130	genuine	0.999942	-0.0001	genuine	yes
D_0002565319	fake	0.299804	-1.2046	fake	yes
D_0002565382	fake	0.706416	-0.3476	genuine	no
D_0002565487	fake	0.353005	-1.0413	fake	yes
D_0002565634	fake	0.258731	-1.3520	fake	yes
D_0002565739	genuine	0.038651	-3.2532	fake	no
D_0002565760	genuine	0.999203	-0.0008	genuine	yes
D_0002565823	fake	0.976959	-0.0233	genuine	no
D_0002565865	genuine	0.974670	-0.0257	genuine	yes
D_0002566054	fake	0.696481	-0.3617	genuine	no
D_0002566075	fake	0.001243	-6.6901	fake	yes
D_0002566138	fake	0.032230	-3.4349	fake	yes
D_0002566159	fake	0.004499	-5.4038	fake	yes
D_0002566201	fake	0.486272	-0.7210	fake	yes
D_0002566306	genuine	0.999992	-0.0000	genuine	yes
D_0002566390	fake	0.179480	-1.7177	fake	yes
D_0002566411	fake	0.941016	-0.0608	genuine	no
D_0002566432	genuine	0.999998	-0.0000	genuine	yes
D_0002566453	fake	0.546846	-0.6036	genuine	no
D_0002566642	fake	0.241587	-1.4205	fake	yes
D_0002566663	fake	0.108347	-2.2224	fake	yes
D_0002566873	fake	0.003641	-5.6154	fake	yes
D_0002566936	fake	0.997131	-0.0029	genuine	no
D_0002567020	fake	0.299101	-1.2070	fake	yes
D_0002567125	fake	0.000842	-7.0797	fake	yes
D_0002567167	genuine	0.483887	-0.7259	fake	no
D_0002567314	fake	0.925333	-0.0776	genuine	no
D_0002567419	fake	0.244715	-1.4077	fake	yes
D_0002567587	genuine	0.987506	-0.0126	genuine	yes
D_0002567629	fake	0.008643	-4.7510	fake	yes
D_0002567671	fake	0.012237	-4.4033	fake	yes
D_0002567839	fake	0.012136	-4.4116	fake	yes
D_0002567902	fake	0.171249	-1.7646	fake	yes
D_0002567944	genuine	0.908641	-0.0958	genuine	yes
D_0002568007	genuine	0.999883	-0.0001	genuine	yes
D_0002568154	fake	0.993677	-0.0063	genuine	no
D_0002568280	genuine	0.982311	-0.0178	genuine	yes
D_0002568406	genuine	0.999992	-0.0000	genuine	yes
D_0002568469	fake	0.111489	-2.1938	fake	yes
D_0002568511	fake	0.056280	-2.8774	fake	yes
D_0002568532	fake	0.077909	-2.5522	fake	yes
D_0002568721	fake	0.594393	-0.5202	genuine	no
D_0002568994	genuine	0.999809	-0.0002	genuine	yes
D_0002569015	fake	0.444652	-0.8105	fake	yes
D_0002569036	fake	0.001924	-6.2532	fake	yes
D_0002569162	fake	0.106258	-2.2419	fake	yes
D_0002569183	fake	0.152392	-1.8813	fake	yes
D_0002569267	fake	0.071082	-2.6439	fake	yes
D_0002569309	fake	0.047707	-3.0427	fake	yes
D_0002569435	fake	0.002388	-6.0372	fake	yes
D_0002569624	fake	0.078344	-2.5467	fake	yes
D_0002570191	fake	0.969997	-0.0305	genuine	no
D_0002570233	fake	0.928117	-0.0746	genuine	no
D_0002570254	fake	0.061849	-2.7831	fake	yes
D_0002570338	fake	0.005656	-5.1751	fake	yes
D_0002570527	fake	0.305853	-1.1846	fake	yes
D_0002570611	fake	0.999843	-0.0002	genuine	no
D_0002570674	fake	0.118797	-2.1303	fake	yes
D_0002570737	fake	0.991076	-0.0090	genuine	no
D_0002570863	fake	0.731114	-0.3132	genuine	no
D_0002570884	genuine	0.999983	-0.0000	genuine	yes
D_0002570947	fake	0.015896	-4.1417	fake	yes
D_0002571010	fake	0.003054	-5.7914	fake	yes
D_0002571073	fake	0.996091	-0.0039	genuine	no
D_0002571199	fake	0.115019	-2.1627	fake	yes
D_0002571262	fake	0.999481	-0.0005	genuine	no
D_0002571598	fake	0.410670	-0.8900	fake	yes
D_0002571724	genuine	0.998625	-0.0014	genuine	yes
D_0002571850	fake	0.000755	-7.1882	fake	yes
D_0002571892	fake	0.014919	-4.2051	fake	yes
D_0002571955	fake	0.561159	-0.5778	genuine	no
D_0002572081	genuine	0.999975	-0.0000	genuine	yes
D_0002572186	fake	0.017084	-4.0696	fake	yes
D_0002572207	fake	0.792338	-0.2328	genuine	no
D_0002572270	fake	0.653212	-0.4259	genuine	no
D_0002572333	fake	0.002177	-6.1297	fake	yes
D_0002572375	fake	0.057475	-2.8564	fake	yes
D_0002572501	fake	0.019004	-3.9631	fake	yes
D_0002572543	fake	0.000400	-7.8248	fake	yes
D_0002572669	genuine	0.999999	-0.0000	genuine	yes
D_0002572690	fake	0.816964	-0.2022	genuine	no
D_0002572732	fake	0.893979	-0.1121	genuine	no
D_0002572795	genuine	0.999081	-0.0009	genuine	yes
D_0002573068	fake	0.999802	-0.0002	genuine	no
D_0002573173	genuine	0.999959	-0.0000	genuine	yes
D_0002573278	fake	0.033112	-3.4079	fake	yes
D_0002573404	fake	0.077309	-2.5599	fake	yes
D_0002573488	genuine	1.000000	0.0000	genuine	yes
D_0002573530	fake	0.659293	-0.4166	genuine	no
D_0002573656	fake	0.514863	-0.6639	genuine	no
D_0002573845	fake	0.997475	-0.0025	genuine	no
D_0002574055	fake	0.182825	-1.6992	fake	yes
D_0002574076	fake	0.238258	-1.4344	fake	yes
D_0002574181	fake	0.768123	-0.2638	genuine	no
D_0002574244	genuine	0.000036	-10.2367	fake	no
D_0002574265	genuine	0.997941	-0.0021	genuine	yes
D_0002574286	fake	0.053674	-2.9248	fake	yes
D_0002574517	fake	0.995113	-0.0049	genuine	no
D_0002574727	fake	0.999997	-0.0000	genuine	no
D_0002574790	fake	0.000029	-10.4562	fake	yes
D_0002574832	fake	0.022115	-3.8115	fake	yes
D_0002574937	fake	0.994231	-0.0058	genuine	no
D_0002575105	fake	0.118234	-2.1351	fake	yes
D_0002575126	fake	0.005141	-5.2704	fake	yes
D_0002575168	fake	0.016602	-4.0982	fake	yes
D_0002575336	genuine	0.870961	-0.1382	genuine	yes
D_0002575504	genuine	0.155258	-1.8627	fake	no
D_0002575546	fake	0.040961	-3.1951	fake	yes
D_0002575609	fake	0.473030	-0.7486	fake	yes
D_0002575672	fake	0.010029	-4.6023	fake	yes
D_0002575693	genuine	0.997066	-0.0029	genuine	yes
D_0002575840	fake	0.516038	-0.6616	genuine	no
D_0002575861	fake	0.001919	-6.2561	fake	yes
D_0002575882	fake	0.000219	-8.4270	fake	yes
D_0002575966	fake	0.020793	-3.8731	fake	yes
D_0002576008	fake	0.656824	-0.4203	genuine	no
D_0002576134	fake	0.000407	-7.8068	fake	yes
D_0002576176	fake	0.000020	-10.8039	fake	yes
D_0002576407	fake	0.133244	-2.0156	fake	yes
D_0002576701	fake	0.002516	-5.9849	fake	yes
D_0002576743	fake	0.974253	-0.0261	genuine	no
D_0002576764	fake	0.177586	-1.7283	fake	yes
D_0002576827	fake	0.003765	-5.5819	fake	yes
D_0002576911	fake	0.271302	-1.3045	fake	yes
D_0002577037	fake	0.000225	-8.4015	fake	yes
D_0002577394	fake	0.002228	-6.1064	fake	yes
D_0002577415	fake	0.009492	-4.6573	fake	yes
D_0002577499	fake	0.294683	-1.2219	fake	yes
D_0002577730	genuine	0.001733	-6.3580	fake	no
D_0002577772	genuine	0.977406	-0.0229	genuine	yes
D_0002577856	fake	0.097841	-2.3244	fake	yes
D_0002578003	fake	0.733670	-0.3097	genuine	no
D_0002578108	fake	0.880029	-0.1278	genuine	no
D_0002578171	fake	0.993497	-0.0065	genuine	no
D_0002578255	genuine	0.999787	-0.0002	genuine	yes
D_0002578276	fake	0.999983	-0.0000	genuine	no
D_0002578486	fake	0.324574	-1.1252	fake	yes
D_0002578591	fake	0.899043	-0.1064	genuine	no
D_0002578612	fake	0.003165	-5.7556	fake	yes
D_0002578843	genuine	1.000000	-0.0000	genuine	yes
D_0002578906	genuine	0.999848	-0.0002	genuine	yes
D_0002578990	fake	0.015892	-4.1419	fake	yes
D_0002579158	fake	0.249182	-1.3896	fake	yes
D_0002579347	genuine	0.997328	-0.0027	genuine	yes
D_0002579389	fake	0.501092	-0.6910	genuine	no
D_0002579452	fake	0.400257	-0.9156	fake	yes
D_0002579641	fake	0.054103	-2.9169	fake	yes
D_0002579767	fake	0.447196	-0.8048	fake	yes
D_0002579788	genuine	0.999976	-0.0000	genuine	yes
D_0002579809	genuine	0.999999	-0.0000	genuine	yes
D_0002579851	genuine	0.878342	-0.1297	genuine	yes
D_0002579998	fake	0.001180	-6.7425	fake	yes
D_0002580019	fake	0.010326	-4.5731	fake	yes
D_0002580103	genuine	0.999999	-0.0000	genuine	yes
D_0002580208	fake	0.000000	-14.6466	fake	yes
D_0002580313	fake	0.659355	-0.4165	genuine	no
D_0002580523	fake	0.891434	-0.1149	genuine	no
D_0002580817	fake	0.625212	-0.4697	genuine	no
D_0002580838	fake	0.920866	-0.0824	genuine	no
D_0002581006	fake	0.027802	-3.5826	fake	yes
D_0002581048	fake	0.892242	-0.1140	genuine	no
D_0002581069	fake	0.395317	-0.9281	fake	yes
D_0002581090	fake	0.982987	-0.0172	genuine	no
D_0002581216	fake	0.014270	-4.2496	fake	yes
D_0002581342	genuine	0.999996	-0.0000	genuine	yes
D_0002581384	fake	0.013477	-4.3068	fake	yes
D_0002581405	fake	0.997642	-0.0024	genuine	no
D_0002581552	genuine	0.271787	-1.3027	fake	no
D_0002581636	fake	0.005874	-5.1373	fake	yes
D_0002581804	fake	0.898669	-0.1068	genuine	no
D_0002581909	fake	0.025725	-3.6603	fake	yes
D_0002581993	fake	0.387129	-0.9490	fake	yes
D_0002582014	fake	0.219743	-1.5153	fake	yes
D_0002582119	fake	0.027805	-3.5825	fake	yes
D_0002582350	fake	0.792645	-0.2324	genuine	no
D_0002582371	genuine	0.999959	-0.0000	genuine	yes
D_0002582455	fake	0.260680	-1.3445	fake	yes
D_0002582623	fake	0.042164	-3.1662	fake	yes
D_0002582749	fake	0.000317	-8.0553	fake	yes
D_0002582791	fake	0.445607	-0.8083	fake	yes
D_0002582959	fake	0.990874	-0.0092	genuine	no
D_0002582980	genuine	0.997739	-0.0023	genuine	yes
D_0002583127	fake	0.000652	-7.3352	fake	yes
D_0002583148	fake	0.000045	-10.0196	fake	yes
D_0002583169	fake	0.000213	-8.4554	fake	yes
D_0002583379	fake	0.099482	-2.3078	fake	yes
D_0002583442	fake	0.000342	-7.9799	fake	yes
D_0002583484	fake	0.889536	-0.1171	genuine	no
D_0002583547	fake	0.024085	-3.7261	fake	yes
D_0002583589	fake	0.064641	-2.7389	fake	yes
D_0002583610	fake	0.069461	-2.6670	fake	yes
D_0002583715	fake	0.039259	-3.2376	fake	yes
D_0002583841	fake	0.006186	-5.0855	fake	yes
D_0002584114	fake	0.000001	-14.2070	fake	yes
D_0002584156	fake	0.072703	-2.6214	fake	yes
D_0002584261	fake	0.132634	-2.0202	fake	yes
D_0002584366	fake	0.000508	-7.5859	fake	yes
D_0002584513	fake	0.018065	-4.0138	fake	yes
D_0002584534	fake	0.036140	-3.3204	fake	yes
D_0002584555	fake	0.363831	-1.0111	fake	yes
D_0002584618	fake	0.037837	-3.2745	fake	yes
D_0002584828	fake	0.377263	-0.9748	fake	yes
D_0002584891	fake	0.958012	-0.0429	genuine	no
D_0002584996	fake	0.114371	-2.1683	fake	yes
D_0002585017	fake	0.353795	-1.0390	fake	yes
D_0002585038	fake	0.944910	-0.0567	genuine	no
D_0002585101	fake	0.943391	-0.0583	genuine	no
D_0002585164	fake	0.973136	-0.0272	genuine	no
D_0002585353	fake	0.000398	-7.8294	fake	yes
D_0002585416	genuine	0.999872	-0.0001	genuine	yes
D_0002585500	fake	0.046522	-3.0678	fake	yes
D_0002585584	fake	0.143910	-1.9386	fake	yes
D_0002585878	fake	0.578698	-0.5470	genuine	no
D_0002586130	fake	0.972488	-0.0279	genuine	no
D_0002586172	fake	0.001557	-6.4650	fake	yes
D_0002586256	fake	0.946487	-0.0550	genuine	no
D_0002586403	genuine	0.001135	-6.7813	fake	no
D_0002586424	genuine	0.998937	-0.0011	genuine	yes
D_0002586466	fake	0.575532	-0.5525	genuine	no
D_0002586529	fake	0.010898	-4.5192	fake	yes
D_0002586739	fake	0.000355	-7.9448	fake	yes
D_0002587012	fake	0.000148	-8.8201	fake	yes
D_0002587054	genuine	0.997411	-0.0026	genuine	yes
D_0002587096	fake	0.005248	-5.2500	fake	yes
D_0002587180	fake	0.786249	-0.2405	genuine	no
D_0002587222	fake	0.694898	-0.3640	genuine	no
D_0002587264	fake	0.008062	-4.8206	fake	yes
D_0002587285	genuine	0.163900	-1.8085	fake	no
D_0002587348	genuine	0.704953	-0.3496	genuine	yes
D_0002587474	fake	0.919964	-0.0834	genuine	no
D_0002587894	fake	0.059879	-2.8154	fake	yes
D_0002587978	fake	0.794464	-0.2301	genuine	no
D_0002588062	fake	0.581481	-0.5422	genuine	no
D_0002588209	genuine	0.999552	-0.0004	genuine	yes
D_0002588398	fake	0.883021	-0.1244	genuine	no
D_0002588503	fake	0.028457	-3.5594	fake	yes
D_0002588839	fake	0.004807	-5.3378	fake	yes
D_0002588923	fake	0.638603	-0.4485	genuine	no
D_0002588944	fake	0.674635	-0.3936	genuine	no
D_0002589175	fake	0.002651	-5.9329	fake	yes
D_0002589280	fake	0.001496	-6.5047	fake	yes
D_0002589343	fake	0.900778	-0.1045	genuine	no
D_0002589385	fake	0.000495	-7.6120	fake	yes
D_0002589427	fake	0.187497	-1.6740	fake	yes
D_0002589616	fake	0.139058	-1.9729	fake	yes
D_0002589763	genuine	0.997772	-0.0022	genuine	yes
D_0002589994	genuine	0.999559	-0.0004	genuine	yes
D_0002590141	fake	0.198532	-1.6168	fake	yes
D_0002590183	fake	0.007105	-4.9470	fake	yes
D_0002590246	fake	0.012710	-4.3654	fake	yes
D_0002590582	fake	0.288746	-1.2422	fake	yes
D_0002590813	fake	0.000178	-8.6334	fake	yes
D_0002590855	fake	0.026795	-3.6195	fake	yes
D_0002590876	fake	0.073323	-2.6129	fake	yes
D_0002590960	fake	0.925388	-0.0775	genuine	no
D_0002591128	genuine	0.999873	-0.0001	genuine	yes
D_0002591149	fake	0.267895	-1.3172	fake	yes
D_0002591170	fake	0.366011	-1.0051	fake	yes
D_0002591233	fake	0.868268	-0.1413	genuine	no
D_0002591296	fake	0.998905	-0.0011	genuine	no
D_0002591506	fake	0.083762	-2.4798	fake	yes
D_0002591527	fake	0.492893	-0.7075	fake	yes
D_0002591548	fake	0.006119	-5.0963	fake	yes
D_0002591632	fake	0.072206	-2.6282	fake	yes
D_0002591758	fake	0.088898	-2.4203	fake	yes
D_0002592094	fake	0.105231	-2.2516	fake	yes
D_0002592136	genuine	0.999859	-0.0001	genuine	yes
D_0002592178	genuine	0.982154	-0.0180	genuine	yes
D_0002592241	fake	0.002429	-6.0202	fake	yes
D_0002592325	fake	0.958307	-0.0426	genuine	no
D_0002592514	fake	0.007929	-4.8372	fake	yes
D_0002592724	fake	0.999420	-0.0006	genuine	no
D_0002592766	genuine	0.999947	-0.0001	genuine	yes
D_0002592787	fake	0.000124	-8.9972	fake	yes
D_0002592808	fake	0.039936	-3.2205	fake	yes
D_0002592850	fake	0.027235	-3.6033	fake	yes
D_0002592955	fake	0.353830	-1.0389	fake	yes
D_0002592976	fake	0.611923	-0.4911	genuine	no
D_0002592997	fake	0.069607	-2.6649	fake	yes
D_0002593060	fake	0.508737	-0.6758	genuine	no
D_0002593270	fake	0.021273	-3.8503	fake	yes
D_0002593312	genuine	0.999998	-0.0000	genuine	yes
D_0002593396	fake	0.013093	-4.3357	fake	yes
D_0002593417	fake	0.000573	-7.4639	fake	yes
D_0002593459	genuine	0.048054	-3.0354	fake	no
D_0002593522	fake	0.526363	-0.6418	genuine	no
D_0002593753	fake	0.877799	-0.1303	genuine	no
D_0002593921	fake	0.663085	-0.4109	genuine	no
D_0002593942	fake	0.000218	-8.4303	fake	yes
D_0002594215	fake	0.006899	-4.9763	fake	yes
D_0002594509	fake	0.820628	-0.1977	genuine	no
D_0002594698	fake	0.995669	-0.0043	genuine	no
D_0002594908	fake	0.961463	-0.0393	genuine	no
D_0002595055	fake	0.002713	-5.9098	fake	yes
D_0002595160	fake	0.442831	-0.8146	fake	yes
D_0002595517	fake	0.975737	-0.0246	genuine	no
D_0002595559	genuine	0.999743	-0.0003	genuine	yes
D_0002595601	fake	0.054115	-2.9167	fake	yes
D_0002595790	fake	0.680307	-0.3852	genuine	no
D_0002595832	fake	0.227756	-1.4795	fake	yes
D_0002595916	fake	0.552358	-0.5936	genuine	no
D_0002595937	fake	0.087649	-2.4344	fake	yes
D_0002596000	genuine	0.999998	-0.0000	genuine	yes
D_0002596042	genuine	0.999567	-0.0004	genuine	yes
D_0002596063	genuine	0.999562	-0.0004	genuine	yes
D_0002596105	fake	0.422463	-0.8617	fake	yes
D_0002596147	fake	0.024861	-3.6944	fake	yes
D_0002596399	fake	0.499324	-0.6945	fake	yes
D_0002596462	fake	0.004135	-5.4882	fake	yes
D_0002596525	fake	0.097503	-2.3279	fake	yes
D_0002596609	fake	0.218518	-1.5209	fake	yes
D_0002596630	fake	0.040482	-3.2069	fake	yes
D_0002596651	fake	0.993768	-0.0063	genuine	no
D_0002596693	fake	0.240646	-1.4244	fake	yes
D_0002596777	fake	0.667108	-0.4048	genuine	no
D_0002596819	fake	0.994321	-0.0057	genuine	no
D_0002597008	fake	0.003349	-5.6990	fake	yes
D_0002597050	fake	0.168304	-1.7820	fake	yes
D_0002597260	genuine	0.892938	-0.1132	genuine	yes
D_0002597344	genuine	0.999985	-0.0000	genuine	yes
D_0002597365	genuine	0.999999	-0.0000	genuine	yes
D_0002597533	fake	0.993158	-0.0069	genuine	no
D_0002597680	fake	0.007367	-4.9107	fake	yes
D_0002597701	fake	0.965778	-0.0348	genuine	no
D_0002597785	fake	0.002523	-5.9824	fake	yes
D_0002597806	fake	0.207686	-1.5717	fake	yes
D_0002597848	fake	0.002517	-5.9848	fake	yes
D_0002597932	fake	0.060662	-2.8024	fake	yes
D_0002597953	fake	0.112395	-2.1857	fake	yes
D_0002598100	fake	0.005142	-5.2704	fake	yes
D_0002598226	genuine	0.090857	-2.3985	fake	no
D_0002598352	fake	0.362600	-1.0145	fake	yes
D_0002598373	fake	0.033066	-3.4092	fake	yes
D_0002598394	fake	0.043846	-3.1271	fake	yes
D_0002598478	fake	0.235430	-1.4463	fake	yes
D_0002598541	fake	0.997021	-0.0030	genuine	no
D_0002598583	genuine	0.974143	-0.0262	genuine	yes
D_0002598730	fake	0.027358	-3.5988	fake	yes
D_0002598982	fake	0.134446	-2.0066	fake	yes
D_0002599024	fake	0.036027	-3.3235	fake	yes
D_0002599045	fake	0.966493	-0.0341	genuine	no
D_0002599129	fake	0.515769	-0.6621	genuine	no
D_0002599192	fake	0.005244	-5.2506	fake	yes
D_0002599234	fake	0.237405	-1.4380	fake	yes
D_0002599255	fake	0.127764	-2.0576	fake	yes
D_0002599276	fake	0.195648	-1.6314	fake	yes
D_0002599318	fake	0.002013	-6.2079	fake	yes
D_0002599402	fake	0.990748	-0.0093	genuine	no
D_0002599444	fake	0.004034	-5.5130	fake	yes
D_0002599570	fake	0.009308	-4.6769	fake	yes
D_0002599633	fake	0.078486	-2.5448	fake	yes
D_0002599738	genuine	1.000000	0.0000	genuine	yes
D_0002600158	fake	0.001337	-6.6174	fake	yes
D_0002600179	genuine	1.000000	-0.0000	genuine	yes
D_0002600200	genuine	0.997052	-0.0030	genuine	yes
D_0002600452	genuine	0.999840	-0.0002	genuine	yes
D_0002600473	fake	0.991488	-0.0085	genuine	no
D_0002600515	fake	0.385007	-0.9545	fake	yes
D_0002600578	fake	0.095972	-2.3437	fake	yes
D_0002600641	genuine	0.016921	-4.0792	fake	no
D_0002600683	fake	0.002264	-6.0907	fake	yes
D_0002600725	fake	0.045776	-3.0840	fake	yes
D_0002600767	fake	0.021419	-3.8435	fake	yes
D_0002600977	fake	0.015518	-4.1657	fake	yes
D_0002601061	genuine	0.009144	-4.6947	fake	no
D_0002601103	genuine	0.999955	-0.0000	genuine	yes
D_0002601271	fake	0.723249	-0.3240	genuine	no
D_0002601313	genuine	0.999997	-0.0000	genuine	yes
D_0002601397	fake	0.000324	-8.0346	fake	yes
D_0002601544	fake	0.496426	-0.7003	fake	yes
D_0002601565	fake	0.665857	-0.4067	genuine	no
D_0002601901	fake	0.003035	-5.7975	fake	yes
D_0002602006	fake	0.021335	-3.8474	fake	yes
D_0002602132	fake	0.732679	-0.3110	genuine	no
D_0002602153	fake	0.002696	-5.9159	fake	yes
D_0002602237	genuine	0.999963	-0.0000	genuine	yes
D_0002602300	genuine	0.678489	-0.3879	genuine	yes
D_0002602363	genuine	0.999962	-0.0000	genuine	yes
D_0002602888	fake	0.988561	-0.0115	genuine	no
D_0002602909	fake	0.001517	-6.4913	fake	yes
D_0002603035	fake	0.005880	-5.1362	fake	yes
D_0002603161	fake	0.052555	-2.9459	fake	yes
D_0002603308	fake	0.000182	-8.6115	fake	yes
D_0002603329	fake	0.000005	-12.3053	fake	yes
D_0002603350	genuine	0.962104	-0.0386	genuine	yes
D_0002603413	genuine	0.999250	-0.0007	genuine	yes
D_0002603623	fake	0.000591	-7.4329	fake	yes
D_0002603665	fake	0.853565	-0.1583	genuine	no
D_0002603686	fake	0.067373	-2.6975	fake	yes
D_0002603707	fake	0.000060	-9.7135	fake	yes
D_0002604064	fake	0.474510	-0.7455	fake	yes
D_0002604127	fake	0.110406	-2.2036	fake	yes
D_0002604232	fake	0.997327	-0.0027	genuine	no
D_0002604337	genuine	0.021289	-3.8496	fake	no
D_0002604778	genuine	0.999999	-0.0000	genuine	yes
D_0002605450	fake	0.115789	-2.1560	fake	yes
D_0002605471	fake	0.999717	-0.0003	genuine	no
D_0002605513	fake	0.835849	-0.1793	genuine	no
D_0002605618	genuine	0.585034	-0.5361	genuine	yes
D_0002605954	genuine	0.998999	-0.0010	genuine	yes
D_0002606059	fake	0.000195	-8.5413	fake	yes
D_0002606122	fake	0.693074	-0.3666	genuine	no
D_0002606395	genuine	0.995867	-0.0041	genuine	yes
D_0002606458	genuine	0.887870	-0.1189	genuine	yes
D_0002606521	fake	0.007613	-4.8779	fake	yes
D_0002606773	fake	0.997832	-0.0022	genuine	no
D_0002606857	genuine	0.999999	-0.0000	genuine	yes
D_0002606983	genuine	0.485652	-0.7223	fake	no
D_0002607025	fake	0.000034	-10.2773	fake	yes
D_0002607235	fake	0.206201	-1.5789	fake	yes
D_0002607277	fake	0.492777	-0.7077	fake	yes
D_0002607340	fake	0.017850	-4.0258	fake	yes
D_0002607403	fake	0.928690	-0.0740	genuine	no
D_0002607445	genuine	0.721293	-0.3267	genuine	yes
D_0002607487	fake	0.996817	-0.0032	genuine	no
D_0002607928	genuine	0.999996	-0.0000	genuine	yes
D_0002607970	genuine	0.993258	-0.0068	genuine	yes
D_0002607991	fake	0.740600	-0.3003	genuine	no
D_0002608243	fake	0.290158	-1.2373	fake	yes
D_0002608348	genuine	0.999995	-0.0000	genuine	yes
D_0002608495	fake	0.568401	-0.5649	genuine	no
D_0002608810	fake	0.019035	-3.9615	fake	yes
D_0002608831	fake	0.677962	-0.3887	genuine	no
D_0002608852	genuine	0.999958	-0.0000	genuine	yes
D_0002608936	genuine	1.000000	-0.0000	genuine	yes
D_0002609125	genuine	0.817245	-0.2018	genuine	yes
D_0002609167	fake	0.005885	-5.1353	fake	yes
D_0002609272	fake	0.035646	-3.3341	fake	yes
D_0002609398	fake	0.652346	-0.4272	genuine	no
D_0002609440	fake	0.003639	-5.6160	fake	yes
D_0002609587	fake	0.685563	-0.3775	genuine	no
D_0002609671	genuine	0.711926	-0.3398	genuine	yes
D_0002610154	genuine	0.999788	-0.0002	genuine	yes
D_0002610196	fake	0.981840	-0.0183	genuine	no
D_0002610280	fake	0.372666	-0.9871	fake	yes
D_0002610301	fake	0.099380	-2.3088	fake	yes
D_0002610427	fake	0.996623	-0.0034	genuine	no
D_0002610553	genuine	0.999999	-0.0000	genuine	yes
D_0002610616	fake	0.999955	-0.0000	genuine	no
D_0002610931	genuine	0.001187	-6.7362	fake	no
D_0002610973	fake	0.983391	-0.0167	genuine	no
D_0002611078	fake	0.018792	-3.9743	fake	yes
D_0002611099	fake	0.930745	-0.0718	genuine	no
D_0002611120	fake	0.989681	-0.0104	genuine	no
D_0002611141	genuine	0.987752	-0.0123	genuine	yes
D_0002611225	fake	0.930447	-0.0721	genuine	no
D_0002611645	fake	0.527804	-0.6390	genuine	no
D_0002611666	fake	0.017714	-4.0334	fake	yes
D_0002611708	genuine	0.983470	-0.0167	genuine	yes
D_0002611792	fake	0.922348	-0.0808	genuine	no
D_0002612065	fake	0.017301	-4.0570	fake	yes
D_0002612443	genuine	0.001073	-6.8375	fake	no
D_0002612842	genuine	1.000000	-0.0000	genuine	yes
D_0002612863	fake	0.013030	-4.3405	fake	yes
D_0002612926	fake	0.439758	-0.8215	fake	yes
D_0002612947	fake	0.955371	-0.0457	genuine	no
D_0002613115	genuine	0.993197	-0.0068	genuine	yes
D_0002613283	fake	0.998066	-0.0019	genuine	no
D_0002613304	fake	0.000224	-8.4034	fake	yes
D_0002613640	fake	0.780342	-0.2480	genuine	no
D_0002613745	fake	0.943335	-0.0583	genuine	no
D_0002613808	fake	0.174387	-1.7465	fake	yes
D_0002613913	fake	0.030483	-3.4906	fake	yes
D_0002613976	genuine	0.999997	-0.0000	genuine	yes
D_0002613997	fake	0.000134	-8.9192	fake	yes
D_0002614165	fake	0.009140	-4.6951	fake	yes
D_0002614228	fake	0.001699	-6.3778	fake	yes
D_0002614375	fake	0.024359	-3.7149	fake	yes
D_0002614501	genuine	0.999992	-0.0000	genuine	yes
D_0002614858	genuine	0.999704	-0.0003	genuine	yes
D_0002614879	fake	0.008364	-4.7839	fake	yes
D_0002614900	fake	0.055088	-2.8988	fake	yes
D_0002615047	fake	0.056819	-2.8679	fake	yes
D_0002615194	fake	0.061024	-2.7965	fake	yes
D_0002615509	fake	0.963254	-0.0374	genuine	no
D_0002615530	fake	0.130770	-2.0343	fake	yes
D_0002615719	fake	0.783806	-0.2436	genuine	no
D_0002615740	fake	0.161650	-1.8223	fake	yes
D_0002615824	fake	0.859403	-0.1515	genuine	no
D_0002615992	fake	0.043764	-3.1289	fake	yes
D_0002616013	fake	0.025850	-3.6554	fake	yes
D_0002616286	fake	0.028420	-3.5607	fake	yes
D_0002616328	fake	0.298667	-1.2084	fake	yes
D_0002616475	genuine	0.770320	-0.2609	genuine	yes
D_0002616601	genuine	0.781481	-0.2466	genuine	yes
D_0002616664	fake	0.072184	-2.6285	fake	yes
D_0002616874	fake	0.108605	-2.2200	fake	yes
D_0002616916	fake	0.997324	-0.0027	genuine	no
D_0002616958	genuine	0.357749	-1.0279	fake	no
D_0002617000	genuine	0.999971	-0.0000	genuine	yes
D_0002617210	fake	0.006071	-5.1043	fake	yes
D_0002617441	fake	0.011051	-4.5052	fake	yes
D_0002617567	fake	0.103275	-2.2704	fake	yes
D_0002617609	fake	0.000019	-10.8827	fake	yes
D_0002617672	fake	0.921532	-0.0817	genuine	no
D_0002617714	fake	0.000792	-7.1404	fake	yes
D_0002617903	fake	0.778234	-0.2507	genuine	no
D_0002618197	fake	0.357247	-1.0293	fake	yes
D_0002618260	fake	0.255621	-1.3641	fake	yes
D_0002618323	fake	0.014057	-4.2646	fake	yes
D_0002618344	fake	0.992560	-0.0075	genuine	no
D_0002618533	fake	0.196979	-1.6247	fake	yes
D_0002618596	fake	0.000085	-9.3696	fake	yes
D_0002618638	fake	0.035597	-3.3355	fake	yes
D_0002618764	fake	0.000310	-8.0798	fake	yes
D_0002618827	fake	0.750454	-0.2871	genuine	no
D_0002618869	fake	0.576808	-0.5502	genuine	no
D_0002619079	fake	0.075485	-2.5838	fake	yes
D_0002619142	fake	0.958992	-0.0419	genuine	no
D_0002619163	fake	0.320679	-1.1373	fake	yes
D_0002619247	genuine	0.528852	-0.6370	genuine	yes
D_0002619268	fake	0.011454	-4.4694	fake	yes
D_0002619289	genuine	0.999533	-0.0005	genuine	yes
D_0002619331	fake	0.036857	-3.3007	fake	yes
D_0002619373	fake	0.316291	-1.1511	fake	yes
D_0002619436	fake	0.004294	-5.4505	fake	yes
D_0002619457	fake	0.004604	-5.3809	fake	yes
D_0002619520	genuine	0.777087	-0.2522	genuine	yes
D_0002619646	fake	0.956229	-0.0448	genuine	no
D_0002619688	genuine	0.999376	-0.0006	genuine	yes
D_0002619730	genuine	0.263295	-1.3345	fake	no
D_0002619772	fake	0.148373	-1.9080	fake	yes
D_0002619898	fake	0.002865	-5.8553	fake	yes
D_0002619919	fake	0.061532	-2.7882	fake	yes
D_0002619982	fake	0.013811	-4.2823	fake	yes
D_0002620066	fake	0.271979	-1.3020	fake	yes
D_0002620171	fake	0.993788	-0.0062	genuine	no
D_0002620192	fake	0.307309	-1.1799	fake	yes
D_0002620444	fake	0.999834	-0.0002	genuine	no
D_0002620549	fake	0.035883	-3.3275	fake	yes
D_0002620654	fake	0.620309	-0.4775	genuine	no
D_0002620675	fake	0.002462	-6.0069	fake	yes
D_0002620843	fake	0.986354	-0.0137	genuine	no
D_0002620927	genuine	0.999959	-0.0000	genuine	yes
D_0002621179	fake	0.561893	-0.5764	genuine	no
D_0002621221	fake	0.575936	-0.5518	genuine	no
D_0002621536	fake	0.107353	-2.2316	fake	yes
D_0002621620	fake	0.599891	-0.5110	genuine	no
D_0002621641	fake	0.096928	-2.3338	fake	yes
D_0002621977	fake	0.050844	-2.9790	fake	yes
D_0002622040	fake	0.223662	-1.4976	fake	yes
D_0002622124	fake	0.000890	-7.0238	fake	yes
D_0002622166	fake	0.573068	-0.5568	genuine	no
D_0002622208	genuine	0.344102	-1.0668	fake	no
D_0002622271	genuine	0.999998	-0.0000	genuine	yes
D_0002622334	fake	0.015956	-4.1379	fake	yes
D_0002622355	genuine	0.999917	-0.0001	genuine	yes
D_0002622733	fake	0.088201	-2.4281	fake	yes
D_0002622754	genuine	0.985982	-0.0141	genuine	yes
D_0002622859	fake	0.339679	-1.0798	fake	yes
D_0002622964	fake	0.284217	-1.2580	fake	yes
D_0002623027	fake	0.701666	-0.3543	genuine	no
D_0002623048	fake	0.818017	-0.2009	genuine	no
D_0002623090	fake	0.057322	-2.8591	fake	yes
D_0002623258	fake	0.035738	-3.3315	fake	yes
D_0002623363	fake	0.010116	-4.5936	fake	yes
D_0002623384	genuine	0.988109	-0.0120	genuine	yes
D_0002623468	fake	0.766330	-0.2661	genuine	no
D_0002623489	genuine	0.999994	-0.0000	genuine	yes
D_0002623741	fake	0.275262	-1.2900	fake	yes
D_0002623783	fake	0.270134	-1.3088	fake	yes
D_0002623804	fake	0.054836	-2.9034	fake	yes
D_0002623867	fake	0.860932	-0.1497	genuine	no
D_0002623888	fake	0.047702	-3.0428	fake	yes
D_0002624014	fake	0.046789	-3.0621	fake	yes
D_0002624098	genuine	0.988105	-0.0120	genuine	yes
D_0002624119	fake	0.888724	-0.1180	genuine	no
D_0002624245	genuine	0.042170	-3.1661	fake	no
D_0002624560	genuine	0.999093	-0.0009	genuine	yes
D_0002624938	fake	0.258772	-1.3518	fake	yes
D_0002625043	fake	0.154369	-1.8684	fake	yes
D_0002625211	fake	0.991747	-0.0083	genuine	no
D_0002625253	fake	0.000020	-10.8090	fake	yes
D_0002625526	genuine	0.999999	-0.0000	genuine	yes
D_0002625820	genuine	0.999999	-0.0000	genuine	yes
D_0002626051	fake	0.981711	-0.0185	genuine	no
D_0002626198	genuine	0.001871	-6.2815	fake	no
D_0002626345	fake	0.279677	-1.2741	fake	yes
D_0002626429	genuine	0.416301	-0.8763	fake	no
D_0002626555	fake	0.985913	-0.0142	genuine	no
D_0002626639	fake	0.846249	-0.1669	genuine	no
D_0002626681	fake	0.001501	-6.5013	fake	yes
D_0002626702	genuine	0.853036	-0.1590	genuine	yes
D_0002626765	fake	0.000031	-10.3679	fake	yes
D_0002626786	fake	0.373688	-0.9843	fake	yes
D_0002626849	fake	0.238420	-1.4337	fake	yes
D_0002626954	fake	0.003615	-5.6225	fake	yes
D_0002626975	fake	0.000604	-7.4119	fake	yes
D_0002627017	genuine	0.999660	-0.0003	genuine	yes
D_0002627227	fake	0.987305	-0.0128	genuine	no
D_0002627311	genuine	0.999996	-0.0000	genuine	yes
D_0002627416	fake	0.030356	-3.4948	fake	yes
D_0002627458	fake	0.347707	-1.0564	fake	yes
D_0002627605	fake	0.863745	-0.1465	genuine	no
D_0002627626	fake	0.030461	-3.4913	fake	yes
D_0002627710	fake	0.998638	-0.0014	genuine	no
D_0002627731	fake	0.002615	-5.9464	fake	yes
D_0002627773	fake	0.079422	-2.5330	fake	yes
D_0002627836	fake	0.738657	-0.3029	genuine	no
D_0002627857	fake	0.002384	-6.0391	fake	yes
D_0002627920	fake	0.021916	-3.8205	fake	yes
D_0002627941	fake	0.029641	-3.5186	fake	yes
D_0002628046	fake	0.000466	-7.6705	fake	yes
D_0002628109	fake	0.008012	-4.8269	fake	yes
D_0002628130	genuine	0.042155	-3.1664	fake	no
D_0002628151	fake	0.001221	-6.7083	fake	yes
D_0002628172	fake	0.999349	-0.0007	genuine	no
D_0002628235	genuine	0.999935	-0.0001	genuine	yes
D_0002628361	fake	0.008287	-4.7930	fake	yes
D_0002628466	fake	0.669324	-0.4015	genuine	no
D_0002628571	genuine	0.999988	-0.0000	genuine	yes
D_0002628634	fake	0.005495	-5.2040	fake	yes
D_0002628844	fake	0.250146	-1.3857	fake	yes
D_0002629495	fake	0.000611	-7.4004	fake	yes
D_0002629852	fake	0.963001	-0.0377	genuine	no
D_0002629873	fake	0.785311	-0.2417	genuine	no
D_0002630209	fake	0.103768	-2.2656	fake	yes
D_0002630230	fake	0.956657	-0.0443	genuine	no
D_0002630419	fake	0.208917	-1.5658	fake	yes
D_0002630461	genuine	0.036536	-3.3095	fake	no
D_0002630482	fake	0.000055	-9.8173	fake	yes
D_0002630692	fake	0.220490	-1.5119	fake	yes
D_0002630713	fake	0.497158	-0.6988	fake	yes
D_0002631070	fake	0.066057	-2.7172	fake	yes
D_0002631133	fake	0.381726	-0.9631	fake	yes
D_0002631364	fake	0.078545	-2.5441	fake	yes
D_0002631469	fake	0.947637	-0.0538	genuine	no
D_0002631973	fake	0.880774	-0.1270	genuine	no
D_0002632036	genuine	0.999775	-0.0002	genuine	yes
D_0002632099	fake	0.057716	-2.8522	fake	yes
D_0002632162	fake	0.073108	-2.6158	fake	yes
D_0002632456	genuine	1.000000	0.0000	genuine	yes
D_0002632477	fake	0.026606	-3.6266	fake	yes
D_0002632624	genuine	0.998618	-0.0014	genuine	yes
D_0002632771	fake	0.990905	-0.0091	genuine	no
D_0002632813	fake	0.955097	-0.0459	genuine	no
D_0002632855	fake	0.343570	-1.0684	fake	yes
D_0002633233	fake	0.395226	-0.9283	fake	yes
D_0002633296	fake	0.004098	-5.4973	fake	yes
D_0002633338	fake	0.333846	-1.0971	fake	yes
D_0002633359	fake	0.091469	-2.3918	fake	yes
D_0002633653	genuine	0.997236	-0.0028	genuine	yes
D_0002633716	fake	0.781435	-0.2466	genuine	no
D_0002633884	fake	0.670943	-0.3991	genuine	no
D_0002633947	fake	0.019241	-3.9507	fake	yes
D_0002634052	fake	0.068419	-2.6821	fake	yes
D_0002634136	genuine	0.999967	-0.0000	genuine	yes
D_0002634178	fake	0.015512	-4.1661	fake	yes
D_0002634325	fake	0.976594	-0.0237	genuine	no
D_0002634409	genuine	0.999998	-0.0000	genuine	yes
D_0002634451	fake	0.001706	-6.3737	fake	yes
D_0002634472	fake	0.948290	-0.0531	genuine	no
D_0002634493	fake	0.000992	-6.9158	fake	yes
D_0002634535	fake	0.867227	-0.1425	genuine	no
D_0002634619	fake	0.001644	-6.4105	fake	yes
D_0002634640	fake	0.026039	-3.6482	fake	yes
D_0002634766	fake	0.001373	-6.5907	fake	yes
D_0002634892	fake	0.001293	-6.6511	fake	yes
D_0002635081	fake	0.003727	-5.5921	fake	yes
D_0002635123	fake	0.772484	-0.2581	genuine	no
D_0002635228	fake	0.002159	-6.1380	fake	yes
D_0002635375	fake	0.028170	-3.5695	fake	yes
D_0002635480	fake	0.132654	-2.0200	fake	yes
D_0002635522	fake	0.994392	-0.0056	genuine	no
D_0002635606	fake	0.080138	-2.5240	fake	yes
D_0002635648	fake	0.025346	-3.6751	fake	yes
D_0002635690	fake	0.024122	-3.7246	fake	yes
D_0002635732	fake	0.036586	-3.3081	fake	yes
D_0002635774	genuine	0.999785	-0.0002	genuine	yes
D_0002635879	fake	0.111276	-2.1957	fake	yes
D_0002636005	fake	0.362658	-1.0143	fake	yes
D_0002636278	genuine	0.997105	-0.0029	genuine	yes
D_0002636383	fake	0.002179	-6.1291	fake	yes
D_0002636719	genuine	0.999999	-0.0000	genuine	yes
D_0002636845	fake	0.185595	-1.6842	fake	yes
D_0002637013	fake	0.746099	-0.2929	genuine	no
D_0002637055	fake	0.741927	-0.2985	genuine	no
D_0002637076	fake	0.085896	-2.4546	fake	yes
D_0002637118	fake	0.025692	-3.6616	fake	yes
D_0002637181	fake	0.021411	-3.8439	fake	yes
D_0002637223	fake	0.037854	-3.2740	fake	yes
D_0002637832	fake	0.000567	-7.4747	fake	yes
D_0002637937	fake	0.313754	-1.1591	fake	yes
D_0002638063	fake	0.361975	-1.0162	fake	yes
D_0002638126	fake	0.033241	-3.4040	fake	yes
D_0002638210	fake	0.000639	-7.3553	fake	yes
D_0002638231	fake	0.069749	-2.6628	fake	yes
D_0002638378	fake	0.001366	-6.5962	fake	yes
D_0002638420	genuine	0.913927	-0.0900	genuine	yes
D_0002638441	fake	0.000022	-10.7256	fake	yes
D_0002638546	fake	0.000080	-9.4330	fake	yes
D_0002638735	fake	0.005317	-5.2369	fake	yes
D_0002638756	fake	0.906802	-0.0978	genuine	no
D_0002638798	fake	0.978260	-0.0220	genuine	no
D_0002638840	fake	0.000417	-7.7817	fake	yes
D_0002638861	genuine	0.924720	-0.0783	genuine	yes
D_0002638945	fake	0.024316	-3.7166	fake	yes
D_0002639134	fake	0.150591	-1.8932	fake	yes
D_0002639365	fake	0.981412	-0.0188	genuine	no
D_0002639449	fake	0.111680	-2.1921	fake	yes
D_0002639491	genuine	0.005424	-5.2169	fake	no
D_0002639512	fake	0.554087	-0.5904	genuine	no
D_0002639533	genuine	0.432123	-0.8390	fake	no
D_0002639701	fake	0.258195	-1.3540	fake	yes
D_0002639764	fake	0.060530	-2.8046	fake	yes
D_0002639785	fake	0.146250	-1.9224	fake	yes
D_0002639806	genuine	0.999999	-0.0000	genuine	yes
D_0002639974	fake	0.000990	-6.9178	fake	yes
D_0002640037	fake	0.010215	-4.5839	fake	yes
D_0002640100	fake	0.872798	-0.1361	genuine	no
D_0002640184	genuine	0.251060	-1.3821	fake	no
D_0002640205	fake	0.001320	-6.6302	fake	yes
D_0002640226	fake	0.938940	-0.0630	genuine	no
D_0002640373	fake	0.766974	-0.2653	genuine	no
D_0002640436	fake	0.032839	-3.4161	fake	yes
D_0002640520	fake	0.029680	-3.5173	fake	yes
D_0002640625	genuine	0.851870	-0.1603	genuine	yes
D_0002640688	fake	0.085677	-2.4572	fake	yes
D_0002640772	genuine	1.000000	-0.0000	genuine	yes
D_0002640835	genuine	0.999995	-0.0000	genuine	yes
D_0002640961	fake	0.881163	-0.1265	genuine	no
D_0002640982	fake	0.986965	-0.0131	genuine	no
D_0002641066	fake	0.013053	-4.3387	fake	yes
D_0002641444	fake	0.291452	-1.2329	fake	yes
D_0002641570	fake	0.672158	-0.3973	genuine	no
D_0002641675	genuine	0.946681	-0.0548	genuine	yes
D_0002641717	genuine	0.999897	-0.0001	genuine	yes
D_0002641738	fake	0.966350	-0.0342	genuine	no
D_0002642137	fake	0.002084	-6.1735	fake	yes
D_0002642347	genuine	0.999294	-0.0007	genuine	yes
D_0002642452	fake	0.005507	-5.2017	fake	yes
D_0002642578	genuine	0.839196	-0.1753	genuine	yes
D_0002642725	fake	0.286480	-1.2501	fake	yes
D_0002643040	fake	0.475730	-0.7429	fake	yes
D_0002643082	genuine	0.998335	-0.0017	genuine	yes
D_0002643271	fake	0.912835	-0.0912	genuine	no
D_0002643292	fake	0.009295	-4.6783	fake	yes
D_0002643376	fake	0.401561	-0.9124	fake	yes
D_0002643544	fake	0.048327	-3.0298	fake	yes
D_0002643565	fake	0.054759	-2.9048	fake	yes
D_0002643586	genuine	0.999936	-0.0001	genuine	yes
D_0002643649	fake	0.998465	-0.0015	genuine	no
D_0002643796	fake	0.295315	-1.2197	fake	yes
D_0002643964	fake	0.027063	-3.6096	fake	yes
D_0002643985	fake	0.048848	-3.0190	fake	yes
D_0002644006	genuine	0.999992	-0.0000	genuine	yes
D_0002644027	fake	0.884554	-0.1227	genuine	no
D_0002644132	fake	0.654399	-0.4240	genuine	no
D_0002644195	fake	0.001613	-6.4298	fake	yes
D_0002644447	fake	0.999519	-0.0005	genuine	no
D_0002644552	fake	0.018312	-4.0002	fake	yes
D_0002644636	fake	0.107611	-2.2292	fake	yes
D_0002644678	fake	0.225128	-1.4911	fake	yes
D_0002644699	fake	0.199048	-1.6142	fake	yes
D_0002644867	fake	0.119557	-2.1240	fake	yes
D_0002644972	fake	0.103623	-2.2670	fake	yes
D_0002645098	fake	0.597939	-0.5143	genuine	no
D_0002645119	fake	0.056382	-2.8756	fake	yes
D_0002645140	fake	0.000025	-10.5821	fake	yes
D_0002645203	fake	0.686186	-0.3766	genuine	no
D_0002645371	fake	0.979335	-0.0209	genuine	no
D_0002645560	genuine	0.969446	-0.0310	genuine	yes
D_0002645581	fake	0.015522	-4.1655	fake	yes
D_0002645623	fake	0.645461	-0.4378	genuine	no
D_0002645644	fake	0.032546	-3.4251	fake	yes
D_0002645665	fake	0.413195	-0.8838	fake	yes
D_0002645791	fake	0.699141	-0.3579	genuine	no
D_0002645875	fake	0.007080	-4.9505	fake	yes
D_0002645938	fake	0.001854	-6.2901	fake	yes
D_0002646022	fake	0.227288	-1.4815	fake	yes
D_0002646043	fake	0.816936	-0.2022	genuine	no
D_0002646085	fake	0.226387	-1.4855	fake	yes
D_0002646211	fake	0.166488	-1.7928	fake	yes
D_0002646463	fake	0.000072	-9.5428	fake	yes
D_0002646589	genuine	0.001580	-6.4503	fake	no
D_0002646631	genuine	0.960151	-0.0407	genuine	yes
D_0002646757	fake	0.891118	-0.1153	genuine	no
D_0002647303	genuine	0.999997	-0.0000	genuine	yes
D_0002647408	fake	0.938059	-0.0639	genuine	no
D_0002647492	fake	0.994001	-0.0060	genuine	no
D_0002647534	genuine	1.000000	-0.0000	genuine	yes
D_0002647576	fake	0.000009	-11.6179	fake	yes
D_0002647597	fake	0.000743	-7.2053	fake	yes
D_0002647702	fake	0.001863	-6.2857	fake	yes
D_0002647828	fake	0.414809	-0.8799	fake	yes
D_0002648122	genuine	0.999883	-0.0001	genuine	yes
D_0002648269	fake	0.000062	-9.6886	fake	yes
D_0002648332	fake	0.104496	-2.2586	fake	yes
D_0002648479	fake	0.023206	-3.7634	fake	yes
D_0002648584	fake	0.974018	-0.0263	genuine	no
D_0002648773	fake	0.125242	-2.0775	fake	yes
D_0002649025	fake	0.059086	-2.8288	fake	yes
D_0002649088	fake	0.007901	-4.8408	fake	yes
D_0002649130	fake	0.000163	-8.7247	fake	yes
D_0002649298	fake	0.852223	-0.1599	genuine	no
D_0002649361	fake	0.000268	-8.2255	fake	yes
D_0002649508	fake	0.000861	-7.0577	fake	yes
D_0002649529	fake	0.509965	-0.6734	genuine	no
D_0002649550	fake	0.995183	-0.0048	genuine	no
D_0002649613	fake	0.880391	-0.1274	genuine	no
D_0002649760	genuine	0.999847	-0.0002	genuine	yes
D_0002649781	fake	0.011508	-4.4647	fake	yes
D_0002649928	fake	0.968754	-0.0317	genuine	no
D_0002650075	fake	0.037740	-3.2770	fake	yes
D_0002650096	genuine	0.785272	-0.2417	genuine	yes
D_0002650180	fake	0.059989	-2.8136	fake	yes
D_0002650306	fake	0.994296	-0.0057	genuine	no
D_0002650432	fake	0.000028	-10.4674	fake	yes
D_0002650474	genuine	0.999810	-0.0002	genuine	yes
D_0002650495	fake	0.862820	-0.1475	genuine	no
D_0002650873	fake	0.039022	-3.2436	fake	yes
D_0002650894	fake	0.007246	-4.9273	fake	yes
D_0002651314	fake	0.905429	-0.0993	genuine	no
D_0002651440	fake	0.087665	-2.4342	fake	yes
D_0002651503	fake	0.992294	-0.0077	genuine	no
D_0002651671	fake	0.157075	-1.8510	fake	yes
D_0002651713	fake	0.012074	-4.4167	fake	yes
D_0002651797	fake	0.256230	-1.3617	fake	yes
D_0002651944	genuine	0.999965	-0.0000	genuine	yes
D_0002651965	fake	0.004896	-5.3193	fake	yes
D_0002652049	fake	0.000025	-10.5876	fake	yes
D_0002652112	fake	0.721785	-0.3260	genuine	no
D_0002652154	fake	0.200202	-1.6084	fake	yes
D_0002652280	fake	0.014628	-4.2248	fake	yes
D_0002652322	fake	0.245063	-1.4062	fake	yes
D_0002652343	fake	0.987011	-0.0131	genuine	no
D_0002652406	fake	0.005287	-5.2424	fake	yes
D_0002652511	genuine	1.000000	-0.0000	genuine	yes
D_0002652532	fake	0.017492	-4.0460	fake	yes
D_0002652553	fake	0.300237	-1.2032	fake	yes
D_0002652637	fake	0.208573	-1.5675	fake	yes
D_0002652700	fake	0.313438	-1.1602	fake	yes
D_0002652763	fake	0.014183	-4.2557	fake	yes
D_0002652847	fake	0.942381	-0.0593	genuine	no
D_0002653078	fake	0.000000	-15.3173	fake	yes
D_0002653183	fake	0.276786	-1.2845	fake	yes
D_0002653225	fake	0.990362	-0.0097	genuine	no
D_0002653477	genuine	0.999993	-0.0000	genuine	yes
D_0002653519	fake	0.059695	-2.8185	fake	yes
D_0002653540	fake	0.054283	-2.9135	fake	yes
D_0002653603	fake	0.094476	-2.3594	fake	yes
D_0002653771	fake	0.033155	-3.4066	fake	yes
D_0002653792	fake	0.066268	-2.7141	fake	yes
D_0002653834	fake	0.044157	-3.1200	fake	yes
D_0002653981	fake	0.542019	-0.6125	genuine	no
D_0002654002	fake	0.067283	-2.6988	fake	yes
D_0002654023	genuine	0.999999	-0.0000	genuine	yes
D_0002654086	fake	0.001524	-6.4862	fake	yes
D_0002654191	fake	0.301897	-1.1977	fake	yes
D_0002654317	fake	0.974893	-0.0254	genuine	no
D_0002654422	fake	0.993324	-0.0067	genuine	no
D_0002654737	genuine	0.837436	-0.1774	genuine	yes
D_0002654842	fake	0.146969	-1.9175	fake	yes
D_0002654863	fake	0.099901	-2.3036	fake	yes
D_0002654926	fake	0.937577	-0.0645	genuine	no
D_0002655031	fake	0.027616	-3.5893	fake	yes
D_0002655073	fake	0.106014	-2.2442	fake	yes
D_0002655115	fake	0.000020	-10.8438	fake	yes
D_0002655241	fake	0.045906	-3.0812	fake	yes
D_0002655346	fake	0.993580	-0.0064	genuine	no
D_0002655451	fake	0.014242	-4.2516	fake	yes
D_0002655556	fake	0.237729	-1.4366	fake	yes
D_0002655703	fake	0.966379	-0.0342	genuine	no
D_0002655808	fake	0.014727	-4.2181	fake	yes
D_0002655934	fake	0.001081	-6.8298	fake	yes
D_0002656018	fake	0.000671	-7.3069	fake	yes
D_0002656333	fake	0.971454	-0.0290	genuine	no
D_0002656459	fake	0.932877	-0.0695	genuine	no
D_0002656480	fake	0.235239	-1.4472	fake	yes
D_0002656774	fake	0.998277	-0.0017	genuine	no
D_0002656795	genuine	1.000000	0.0000	genuine	yes
D_0002656942	fake	0.930963	-0.0715	genuine	no
D_0002656963	fake	0.084000	-2.4769	fake	yes
D_0002656984	fake	0.003139	-5.7638	fake	yes
D_0002657005	fake	0.028624	-3.5535	fake	yes
D_0002657362	genuine	0.999993	-0.0000	genuine	yes
D_0002657425	genuine	0.810704	-0.2099	genuine	yes
D_0002657446	genuine	0.999576	-0.0004	genuine	yes
D_0002657551	fake	0.751395	-0.2858	genuine	no
D_0002657782	fake	0.000040	-10.1339	fake	yes
D_0002657908	fake	0.386827	-0.9498	fake	yes
D_0002657929	fake	0.973715	-0.0266	genuine	no
D_0002657971	fake	0.564944	-0.5710	genuine	no
D_0002657992	fake	0.000908	-7.0039	fake	yes
D_0002658055	fake	0.660136	-0.4153	genuine	no
D_0002658097	fake	0.644762	-0.4389	genuine	no
D_0002658139	genuine	0.999734	-0.0003	genuine	yes
D_0002658244	fake	0.032862	-3.4154	fake	yes
D_0002658370	fake	0.253975	-1.3705	fake	yes
D_0002658496	fake	0.087278	-2.4387	fake	yes
D_0002658601	fake	0.002318	-6.0669	fake	yes
D_0002658622	fake	0.595764	-0.5179	genuine	no
D_0002658685	fake	0.000926	-6.9847	fake	yes
D_0002658790	fake	0.980756	-0.0194	genuine	no
D_0002658832	fake	0.000141	-8.8702	fake	yes
D_0002658895	fake	0.099710	-2.3055	fake	yes
D_0002658958	fake	0.010491	-4.5572	fake	yes
D_0002658979	fake	0.946153	-0.0554	genuine	no
D_0002659042	fake	0.096788	-2.3352	fake	yes
D_0002659105	fake	0.000846	-7.0754	fake	yes
D_0002659168	fake	0.042134	-3.1669	fake	yes
D_0002659210	fake	0.028575	-3.5552	fake	yes
D_0002659294	fake	0.002632	-5.9400	fake	yes
D_0002659315	fake	0.035312	-3.3435	fake	yes
D_0002659336	fake	0.592518	-0.5234	genuine	no
D_0002659420	fake	0.006611	-5.0191	fake	yes
D_0002659609	fake	0.506538	-0.6802	genuine	no
D_0002659672	fake	0.009993	-4.6059	fake	yes
D_0002659714	fake	0.006326	-5.0630	fake	yes
D_0002659756	fake	0.971296	-0.0291	genuine	no
D_0002660029	genuine	0.030245	-3.4984	fake	no
D_0002660113	fake	0.027625	-3.5890	fake	yes
D_0002660260	fake	0.008541	-4.7628	fake	yes
D_0002660281	fake	0.056152	-2.8797	fake	yes
D_0002660533	fake	0.008712	-4.7431	fake	yes
D_0002660638	fake	0.000335	-8.0029	fake	yes
D_0002660680	genuine	1.000000	-0.0000	genuine	yes
D_0002660764	fake	0.775991	-0.2536	genuine	no
D_0002660806	fake	0.980102	-0.0201	genuine	no
D_0002660932	genuine	0.999994	-0.0000	genuine	yes
D_0002660953	fake	0.002007	-6.2112	fake	yes
D_0002660995	fake	0.284943	-1.2555	fake	yes
D_0002661037	fake	0.629917	-0.4622	genuine	no
D_0002661058	fake	0.712836	-0.3385	genuine	no
D_0002661121	fake	0.420156	-0.8671	fake	yes
D_0002661226	fake	0.950895	-0.0504	genuine	no
D_0002661352	fake	0.972470	-0.0279	genuine	no
D_0002661394	fake	0.341010	-1.0758	fake	yes
D_0002661457	fake	0.064269	-2.7447	fake	yes
D_0002661625	fake	0.044604	-3.1099	fake	yes
D_0002661751	fake	0.000536	-7.5312	fake	yes
D_0002661793	genuine	0.002128	-6.1524	fake	no
D_0002661814	genuine	0.862969	-0.1474	genuine	yes
D_0002662276	fake	0.101624	-2.2865	fake	yes
D_0002662339	fake	0.043598	-3.1327	fake	yes
D_0002662402	fake	0.000031	-10.3826	fake	yes
D_0002662465	genuine	0.002636	-5.9383	fake	no
D_0002662591	fake	0.328806	-1.1123	fake	yes
D_0002662675	fake	0.946007	-0.0555	genuine	no
D_0002662864	fake	0.000010	-11.5180	fake	yes
D_0002662927	fake	0.463641	-0.7686	fake	yes
D_0002662948	genuine	1.000000	-0.0000	genuine	yes
D_0002663053	fake	0.010672	-4.5401	fake	yes
D_0002663095	genuine	0.999998	-0.0000	genuine	yes
D_0002663158	fake	0.034279	-3.3732	fake	yes
D_0002663494	fake	0.009697	-4.6359	fake	yes
D_0002663515	fake	0.001082	-6.8293	fake	yes
D_0002663557	fake	0.000241	-8.3296	fake	yes
D_0002663683	genuine	0.938361	-0.0636	genuine	yes
D_0002663725	fake	0.001664	-6.3985	fake	yes
D_0002663788	fake	0.314011	-1.1583	fake	yes
D_0002663830	fake	0.373780	-0.9841	fake	yes
D_0002663893	genuine	0.999998	-0.0000	genuine	yes
D_0002664124	fake	0.786234	-0.2405	genuine	no
D_0002664313	fake	0.774369	-0.2557	genuine	no
D_0002664334	genuine	0.999568	-0.0004	genuine	yes
D_0002664460	genuine	0.000665	-7.3160	fake	no
D_0002664565	fake	0.998073	-0.0019	genuine	no
D_0002664754	fake	0.982799	-0.0174	genuine	no
D_0002664859	genuine	0.683621	-0.3804	genuine	yes
D_0002664922	fake	0.000140	-8.8750	fake	yes
D_0002664943	fake	0.975494	-0.0248	genuine	no
D_0002665174	fake	0.290519	-1.2361	fake	yes
D_0002665426	fake	0.056054	-2.8814	fake	yes
D_0002665573	genuine	0.999999	-0.0000	genuine	yes
D_0002665720	fake	0.235424	-1.4464	fake	yes
D_0002665741	fake	0.468427	-0.7584	fake	yes
D_0002665867	fake	0.999546	-0.0005	genuine	no
D_0002666056	genuine	1.000000	-0.0000	genuine	yes
D_0002666182	genuine	1.000000	-0.0000	genuine	yes
D_0002666245	fake	0.754061	-0.2823	genuine	no
D_0002666329	fake	0.729092	-0.3160	genuine	no
D_0002666434	fake	0.315740	-1.1528	fake	yes
D_0002666476	fake	0.000031	-10.3930	fake	yes
D_0002666539	fake	0.001526	-6.4850	fake	yes
D_0002666602	fake	0.170781	-1.7674	fake	yes
D_0002666623	fake	0.002167	-6.1346	fake	yes
D_0002666686	fake	0.059672	-2.8189	fake	yes
D_0002666728	fake	0.962059	-0.0387	genuine	no
D_0002666791	fake	0.599650	-0.5114	genuine	no
D_0002667169	fake	0.950474	-0.0508	genuine	no
D_0002667232	fake	0.336303	-1.0897	fake	yes
D_0002667337	fake	0.002021	-6.2041	fake	yes
D_0002667442	fake	0.249962	-1.3864	fake	yes
D_0002668114	fake	0.020610	-3.8820	fake	yes
D_0002668450	fake	0.992721	-0.0073	genuine	no
D_0002668513	fake	0.001943	-6.2433	fake	yes
D_0002668534	fake	0.045177	-3.0972	fake	yes
D_0002668786	genuine	0.999999	-0.0000	genuine	yes
D_0002669122	fake	0.976953	-0.0233	genuine	no
D_0002669248	fake	0.055625	-2.8891	fake	yes
D_0002669332	fake	0.018772	-3.9754	fake	yes
D_0002669353	genuine	0.995536	-0.0045	genuine	yes
D_0002669374	genuine	0.999897	-0.0001	genuine	yes
D_0002669437	fake	0.983476	-0.0167	genuine	no
D_0002669584	fake	0.995249	-0.0048	genuine	no
D_0002669668	genuine	0.978586	-0.0216	genuine	yes
D_0002669773	fake	0.000269	-8.2191	fake	yes
D_0002669878	genuine	0.999421	-0.0006	genuine	yes
D_0002670004	fake	0.999796	-0.0002	genuine	no
D_0002670067	fake	0.000046	-9.9782	fake	yes
D_0002670130	fake	0.956745	-0.0442	genuine	no
D_0002670382	fake	0.978469	-0.0218	genuine	no
D_0002670403	fake	0.936728	-0.0654	genuine	no
D_0002670613	fake	0.775686	-0.2540	genuine	no
D_0002670676	fake	0.607750	-0.4980	genuine	no
D_0002670823	genuine	0.981858	-0.0183	genuine	yes
D_0002670886	fake	0.181559	-1.7062	fake	yes
D_0002670970	genuine	0.999996	-0.0000	genuine	yes
D_0002671138	genuine	0.945883	-0.0556	genuine	yes
D_0002671243	fake	0.048347	-3.0293	fake	yes
D_0002671285	fake	0.059370	-2.8240	fake	yes
D_0002671432	genuine	0.999984	-0.0000	genuine	yes
D_0002671579	fake	0.903531	-0.1014	genuine	no
D_0002671621	fake	0.011148	-4.4965	fake	yes
D_0002671642	genuine	0.999996	-0.0000	genuine	yes
D_0002671684	genuine	0.951603	-0.0496	genuine	yes
D_0002671726	fake	0.945204	-0.0564	genuine	no
D_0002671852	fake	0.032617	-3.4229	fake	yes
D_0002672188	fake	0.367400	-1.0013	fake	yes
D_0002672566	fake	0.988138	-0.0119	genuine	no
D_0002672629	genuine	1.000000	-0.0000	genuine	yes
D_0002672671	fake	0.012349	-4.3942	fake	yes
D_0002672902	fake	0.772121	-0.2586	genuine	no
D_0002672986	fake	0.974338	-0.0260	genuine	no
D_0002673175	fake	0.000035	-10.2690	fake	yes
D_0002673196	fake	0.001486	-6.5119	fake	yes
D_0002673406	fake	0.000453	-7.7000	fake	yes
D_0002673427	fake	0.154970	-1.8645	fake	yes
D_0002673616	genuine	1.000000	-0.0000	genuine	yes
D_0002673805	fake	0.878825	-0.1292	genuine	no
D_0002673889	fake	0.102313	-2.2797	fake	yes
D_0002674057	fake	0.000008	-11.7174	fake	yes
D_0002674183	fake	0.846130	-0.1671	genuine	no
D_0002674246	fake	0.997044	-0.0030	genuine	no
D_0002674393	fake	0.788976	-0.2370	genuine	no
D_0002674498	fake	0.000172	-8.6681	fake	yes
D_0002674687	fake	0.181750	-1.7051	fake	yes
D_0002675044	fake	0.085497	-2.4593	fake	yes
D_0002675065	fake	0.440843	-0.8191	fake	yes
D_0002675149	fake	0.007245	-4.9275	fake	yes
D_0002675170	genuine	0.999947	-0.0001	genuine	yes
D_0002675359	fake	0.446534	-0.8062	fake	yes
D_0002675443	fake	0.087194	-2.4396	fake	yes
D_0002675569	fake	0.651321	-0.4288	genuine	no
D_0002675716	fake	0.484688	-0.7242	fake	yes
D_0002676157	fake	0.100539	-2.2972	fake	yes
D_0002676409	fake	0.079713	-2.5293	fake	yes
D_0002676472	fake	0.068025	-2.6879	fake	yes
D_0002676535	fake	0.713207	-0.3380	genuine	no
D_0002676556	fake	0.349785	-1.0504	fake	yes
D_0002676787	fake	0.999777	-0.0002	genuine	no
D_0002676829	fake	0.457718	-0.7815	fake	yes
D_0002676997	fake	0.003594	-5.6286	fake	yes
D_0002677039	fake	0.732235	-0.3117	genuine	no
D_0002677270	fake	0.128876	-2.0489	fake	yes
D_0002677396	fake	0.002729	-5.9040	fake	yes
D_0002677459	fake	0.416037	-0.8770	fake	yes
D_0002677585	genuine	0.210904	-1.5564	fake	no
D_0002677795	fake	0.137517	-1.9840	fake	yes
D_0002678068	fake	0.073601	-2.6091	fake	yes
D_0002678110	fake	0.098484	-2.3179	fake	yes
D_0002678194	genuine	0.082331	-2.4970	fake	no
D_0002678299	genuine	0.998863	-0.0011	genuine	yes
D_0002678404	fake	0.000138	-8.8899	fake	yes
D_0002678593	fake	0.000831	-7.0931	fake	yes
D_0002678698	fake	0.850407	-0.1620	genuine	no
D_0002678761	genuine	0.999991	-0.0000	genuine	yes
D_0002679034	fake	0.947886	-0.0535	genuine	no
D_0002679055	fake	0.041982	-3.1705	fake	yes
D_0002679118	fake	0.000088	-9.3402	fake	yes
D_0002679139	fake	0.041732	-3.1765	fake	yes
D_0002679223	fake	0.001547	-6.4712	fake	yes
D_0002679244	fake	0.961590	-0.0392	genuine	no
D_0002679286	fake	0.000111	-9.1074	fake	yes
D_0002679328	fake	0.000009	-11.5859	fake	yes
D_0002679370	fake	0.034762	-3.3592	fake	yes
D_0002679496	genuine	0.999999	-0.0000	genuine	yes
D_0002679517	fake	0.045295	-3.0946	fake	yes
D_0002679601	fake	0.908648	-0.0958	genuine	no
D_0002679979	fake	0.449002	-0.8007	fake	yes
D_0002680189	fake	0.016560	-4.1008	fake	yes
D_0002680252	fake	0.120625	-2.1151	fake	yes
D_0002680315	fake	0.004742	-5.3513	fake	yes
D_0002680336	fake	0.923528	-0.0796	genuine	no
D_0002680420	fake	0.039276	-3.2371	fake	yes
D_0002680525	fake	0.296186	-1.2168	fake	yes
D_0002680588	fake	0.070637	-2.6502	fake	yes
D_0002680630	fake	0.995721	-0.0043	genuine	no
D_0002680735	genuine	0.999996	-0.0000	genuine	yes
D_0002680840	fake	0.461078	-0.7742	fake	yes
D_0002680882	fake	0.000175	-8.6508	fake	yes
D_0002680945	genuine	0.997811	-0.0022	genuine	yes
D_0002681092	fake	0.005871	-5.1377	fake	yes
D_0002681176	fake	0.047772	-3.0413	fake	yes
D_0002681239	fake	0.902613	-0.1025	genuine	no
D_0002681302	fake	0.000942	-6.9679	fake	yes
D_0002681323	fake	0.210060	-1.5604	fake	yes
D_0002681386	genuine	0.750896	-0.2865	genuine	yes
D_0002681575	fake	0.898078	-0.1075	genuine	no
D_0002681827	fake	0.097045	-2.3326	fake	yes
D_0002681848	fake	0.013384	-4.3137	fake	yes
D_0002681953	fake	0.004820	-5.3349	fake	yes
D_0002682163	fake	0.018422	-3.9942	fake	yes
D_0002682289	fake	0.013057	-4.3384	fake	yes
D_0002682436	genuine	0.069044	-2.6730	fake	no
D_0002682520	fake	0.018204	-4.0061	fake	yes
D_0002682709	fake	0.000391	-7.8465	fake	yes
D_0002682751	fake	0.058612	-2.8368	fake	yes
D_0002682877	fake	0.999807	-0.0002	genuine	no
D_0002683129	fake	0.113438	-2.1765	fake	yes
D_0002683255	genuine	0.999998	-0.0000	genuine	yes
D_0002683276	fake	0.001722	-6.3641	fake	yes
D_0002683444	fake	0.983580	-0.0166	genuine	no
D_0002683507	fake	0.001898	-6.2668	fake	yes
D_0002683738	fake	0.086358	-2.4493	fake	yes
D_0002683780	fake	0.217472	-1.5257	fake	yes
D_0002683801	fake	0.700606	-0.3558	genuine	no
D_0002683885	fake	0.813327	-0.2066	genuine	no
D_0002684158	fake	0.015237	-4.1840	fake	yes
D_0002684179	fake	0.136437	-1.9919	fake	yes
D_0002684200	genuine	0.118258	-2.1349	fake	no
D_0002684263	fake	0.118931	-2.1292	fake	yes
D_0002684347	fake	0.325158	-1.1234	fake	yes
D_0002684368	genuine	0.999917	-0.0001	genuine	yes
D_0002684557	fake	0.208513	-1.5678	fake	yes
D_0002684830	fake	0.000416	-7.7853	fake	yes
D_0002685166	genuine	0.214665	-1.5387	fake	no
D_0002685229	genuine	0.256384	-1.3611	fake	no
D_0002685313	genuine	0.999985	-0.0000	genuine	yes
D_0002685355	genuine	0.976072	-0.0242	genuine	yes
D_0002685502	fake	0.036095	-3.3216	fake	yes
D_0002685586	fake	0.744743	-0.2947	genuine	no
D_0002685649	fake	0.022422	-3.7977	fake	yes
D_0002685796	fake	0.426329	-0.8525	fake	yes
D_0002685838	fake	0.000045	-9.9984	fake	yes
D_0002685943	fake	0.069771	-2.6625	fake	yes
D_0002685964	genuine	0.999937	-0.0001	genuine	yes
D_0002686048	fake	0.005211	-5.2569	fake	yes
D_0002686237	genuine	1.000000	0.0000	genuine	yes
D_0002686300	fake	0.967796	-0.0327	genuine	no
D_0002686405	fake	0.229530	-1.4717	fake	yes
D_0002686426	fake	0.001772	-6.3355	fake	yes
D_0002686720	fake	0.000325	-8.0316	fake	yes
D_0002686741	fake	0.000046	-9.9895	fake	yes
D_0002686867	fake	0.992369	-0.0077	genuine	no
D_0002686888	genuine	1.000000	-0.0000	genuine	yes
D_0002686951	fake	0.721630	-0.3262	genuine	no
D_0002686972	fake	0.038064	-3.2685	fake	yes
D_0002687035	fake	0.005596	-5.1858	fake	yes
D_0002687056	fake	0.461889	-0.7724	fake	yes
D_0002687161	fake	0.000139	-8.8808	fake	yes
D_0002687329	genuine	0.999873	-0.0001	genuine	yes
D_0002687476	genuine	0.425392	-0.8547	fake	no
D_0002687539	genuine	0.151544	-1.8869	fake	no
D_0002687602	genuine	0.999997	-0.0000	genuine	yes
D_0002687749	fake	0.996063	-0.0039	genuine	no
D_0002687812	fake	0.153618	-1.8733	fake	yes
D_0002687875	fake	0.598119	-0.5140	genuine	no
D_0002687959	fake	0.804007	-0.2181	genuine	no
D_0002688169	genuine	1.000000	-0.0000	genuine	yes
D_0002688232	fake	0.229334	-1.4726	fake	yes
D_0002688421	fake	0.007420	-4.9036	fake	yes
D_0002688442	fake	0.335554	-1.0920	fake	yes
D_0002688505	fake	0.039588	-3.2292	fake	yes
D_0002688631	fake	0.504842	-0.6835	genuine	no
D_0002688652	fake	0.894132	-0.1119	genuine	no
D_0002688799	fake	0.848341	-0.1645	genuine	no
D_0002688841	fake	0.014404	-4.2402	fake	yes
D_0002688925	fake	0.037965	-3.2711	fake	yes
D_0002688988	fake	0.022362	-3.8004	fake	yes
D_0002689009	fake	0.020454	-3.8896	fake	yes
D_0002689072	fake	0.011071	-4.5034	fake	yes
D_0002689177	fake	0.789170	-0.2368	genuine	no
D_0002689282	fake	0.026723	-3.6222	fake	yes
D_0002689345	genuine	0.991833	-0.0082	genuine	yes
D_0002689408	fake	0.747046	-0.2916	genuine	no
D_0002689471	fake	0.001289	-6.6537	fake	yes
D_0002689681	fake	0.973190	-0.0272	genuine	no
D_0002689765	fake	0.067235	-2.6996	fake	yes
D_0002689786	fake	0.027393	-3.5975	fake	yes
D_0002689870	fake	0.254548	-1.3683	fake	yes
D_0002689891	fake	0.451424	-0.7953	fake	yes
D_0002689912	genuine	0.972613	-0.0278	genuine	yes
D_0002690038	fake	0.108275	-2.2231	fake	yes
D_0002690143	fake	0.979263	-0.0210	genuine	no
D_0002690206	genuine	0.999993	-0.0000	genuine	yes
D_0002690269	fake	0.000119	-9.0357	fake	yes
D_0002690311	fake	0.003621	-5.6211	fake	yes
D_0002690374	fake	0.931607	-0.0708	genuine	no
D_0002690542	fake	0.049120	-3.0135	fake	yes
D_0002690668	fake	0.269852	-1.3099	fake	yes
D_0002690941	fake	0.002433	-6.0185	fake	yes
D_0002691235	fake	0.027408	-3.5969	fake	yes
D_0002691382	genuine	0.998767	-0.0012	genuine	yes
D_0002691487	fake	0.037811	-3.2752	fake	yes
D_0002691571	genuine	0.166214	-1.7945	fake	no
D_0002691613	fake	0.006420	-5.0483	fake	yes
D_0002692075	fake	0.880538	-0.1272	genuine	no
D_0002692180	fake	0.003852	-5.5592	fake	yes
D_0002692390	fake	0.048608	-3.0240	fake	yes
D_0002692432	genuine	1.000000	-0.0000	genuine	yes
D_0002692453	fake	0.468460	-0.7583	fake	yes
D_0002692474	fake	0.692736	-0.3671	genuine	no
D_0002692537	fake	0.998781	-0.0012	genuine	no
D_0002692558	genuine	0.051819	-2.9600	fake	no
D_0002692768	fake	0.000003	-12.6085	fake	yes
D_0002692810	genuine	0.999968	-0.0000	genuine	yes
D_0002692831	fake	0.034470	-3.3677	fake	yes
D_0002692999	fake	0.378307	-0.9720	fake	yes
D_0002693146	fake	0.329299	-1.1108	fake	yes
D_0002693188	fake	0.219225	-1.5177	fake	yes
D_0002693209	fake	0.000111	-9.1083	fake	yes
D_0002693419	fake	0.998942	-0.0011	genuine	no
D_0002693440	fake	0.324100	-1.1267	fake	yes
D_0002693461	fake	0.000816	-7.1108	fake	yes
D_0002693587	fake	0.997407	-0.0026	genuine	no
D_0002693650	fake	0.935488	-0.0667	genuine	no
D_0002693881	fake	0.004782	-5.3430	fake	yes
D_0002694070	fake	0.944786	-0.0568	genuine	no
D_0002694196	fake	0.935428	-0.0668	genuine	no
D_0002694238	fake	0.008950	-4.7161	fake	yes
D_0002694910	fake	0.000620	-7.3850	fake	yes
D_0002695330	fake	0.007206	-4.9328	fake	yes
D_0002695372	genuine	0.995241	-0.0048	genuine	yes
D_0002695498	fake	0.366118	-1.0048	fake	yes
D_0002695666	fake	0.000009	-11.5830	fake	yes
D_0002695750	fake	0.995499	-0.0045	genuine	no
D_0002695897	fake	0.003956	-5.5326	fake	yes
D_0002696023	fake	0.658737	-0.4174	genuine	no
D_0002696128	fake	0.999305	-0.0007	genuine	no
D_0002696212	fake	0.011980	-4.4245	fake	yes
D_0002696233	fake	0.048767	-3.0207	fake	yes
D_0002696758	genuine	0.999998	-0.0000	genuine	yes
D_0002696989	fake	0.035212	-3.3464	fake	yes
D_0002697031	fake	0.011972	-4.4251	fake	yes
D_0002697073	fake	0.061910	-2.7821	fake	yes
D_0002697220	fake	0.433820	-0.8351	fake	yes
D_0002697325	fake	0.050047	-2.9948	fake	yes
D_0002697535	fake	0.001611	-6.4311	fake	yes
D_0002697682	fake	0.633566	-0.4564	genuine	no
D_0002697745	fake	0.052946	-2.9385	fake	yes
D_0002698060	fake	0.021992	-3.8171	fake	yes
D_0002698165	fake	0.002860	-5.8569	fake	yes
D_0002698228	fake	0.991560	-0.0085	genuine	no
D_0002698312	fake	0.099878	-2.3038	fake	yes
D_0002698333	fake	0.453534	-0.7907	fake	yes
D_0002698564	fake	0.626422	-0.4677	genuine	no
D_0002698774	fake	0.659602	-0.4161	genuine	no
D_0002698837	genuine	0.975311	-0.0250	genuine	yes
D_0002698879	fake	0.001729	-6.3602	fake	yes
D_0002698984	genuine	0.999752	-0.0002	genuine	yes
D_0002699131	genuine	0.999796	-0.0002	genuine	yes
D_0002699194	fake	0.470154	-0.7547	fake	yes
D_0002699362	fake	0.783430	-0.2441	genuine	no
D_0002699425	genuine	0.992186	-0.0078	genuine	yes
D_0002699530	genuine	0.274866	-1.2915	fake	no
D_0002699593	fake	0.013485	-4.3062	fake	yes
D_0002699614	fake	0.002047	-6.1912	fake	yes
D_0002699761	fake	0.001044	-6.8645	fake	yes
D_0002699824	fake	0.982901	-0.0172	genuine	no
D_0002699866	genuine	0.997768	-0.0022	genuine	yes
D_0002699950	fake	0.999452	-0.0005	genuine	no
D_0002700307	fake	0.987831	-0.0122	genuine	no
D_0002700370	genuine	0.998638	-0.0014	genuine	yes
D_0002700433	fake	0.006641	-5.0144	fake	yes
D_0002700454	fake	0.124783	-2.0812	fake	yes
D_0002700517	fake	0.586475	-0.5336	genuine	no
D_0002700580	genuine	0.930870	-0.0716	genuine	yes
D_0002700622	fake	0.087163	-2.4400	fake	yes
D_0002700790	fake	0.000065	-9.6410	fake	yes
D_0002700853	fake	0.998770	-0.0012	genuine	no
D_0002700895	fake	0.280155	-1.2724	fake	yes
D_0002701063	fake	0.782234	-0.2456	genuine	no
D_0002701105	fake	0.937449	-0.0646	genuine	no
D_0002701273	fake	0.272793	-1.2990	fake	yes
D_0002701294	fake	0.700244	-0.3563	genuine	no
D_0002701441	fake	0.198051	-1.6192	fake	yes
D_0002701525	fake	0.603762	-0.5046	genuine	no
D_0002701672	fake	0.000405	-7.8118	fake	yes
D_0002701882	fake	0.000163	-8.7221	fake	yes
D_0002701945	fake	0.317836	-1.1462	fake	yes
D_0002701966	fake	0.556193	-0.5866	genuine	no
D_0002702092	fake	0.696132	-0.3622	genuine	no
D_0002702365	fake	0.032218	-3.4352	fake	yes
D_0002702428	fake	0.555181	-0.5885	genuine	no
D_0002702449	fake	0.999891	-0.0001	genuine	no
D_0002702470	fake	0.560923	-0.5782	genuine	no
D_0002702554	fake	0.031666	-3.4525	fake	yes
D_0002702575	fake	0.051938	-2.9577	fake	yes
D_0002702722	fake	0.000144	-8.8458	fake	yes
D_0002702806	genuine	0.923072	-0.0800	genuine	yes
D_0002702911	genuine	0.002603	-5.9511	fake	no
D_0002702953	fake	0.002061	-6.1844	fake	yes
D_0002703247	fake	0.955496	-0.0455	genuine	no
D_0002703310	fake	0.000328	-8.0226	fake	yes
D_0002703331	fake	0.027891	-3.5794	fake	yes
D_0002703415	fake	0.237483	-1.4377	fake	yes
D_0002703541	fake	0.384932	-0.9547	fake	yes
D_0002703856	genuine	0.994841	-0.0052	genuine	yes
D_0002704045	fake	0.687401	-0.3748	genuine	no
D_0002704255	fake	0.412044	-0.8866	fake	yes
D_0002704633	fake	0.005749	-5.1587	fake	yes
D_0002704675	fake	0.898963	-0.1065	genuine	no
D_0002704696	fake	0.999961	-0.0000	genuine	no
D_0002704801	fake	0.126227	-2.0697	fake	yes
D_0002704843	genuine	0.019480	-3.9384	fake	no
D_0002704927	fake	0.000947	-6.9620	fake	yes
D_0002705011	fake	0.076501	-2.5704	fake	yes
D_0002705116	genuine	0.999960	-0.0000	genuine	yes
D_0002705221	fake	0.005194	-5.2602	fake	yes
D_0002705389	fake	0.885732	-0.1213	genuine	no
D_0002705452	genuine	0.998267	-0.0017	genuine	yes
D_0002705599	fake	0.127167	-2.0623	fake	yes
D_0002705767	fake	0.000764	-7.1763	fake	yes
D_0002705851	fake	0.234750	-1.4492	fake	yes
D_0002706145	fake	0.615229	-0.4858	genuine	no
D_0002706313	fake	0.000018	-10.9458	fake	yes
D_0002706439	genuine	0.999999	-0.0000	genuine	yes
D_0002706460	fake	0.002281	-6.0832	fake	yes
D_0002706502	genuine	0.999967	-0.0000	genuine	yes
D_0002706628	genuine	1.000000	-0.0000	genuine	yes
D_0002706901	fake	0.003086	-5.7809	fake	yes
D_0002706922	fake	0.006559	-5.0270	fake	yes
D_0002706985	genuine	0.989810	-0.0102	genuine	yes
D_0002707195	fake	0.001698	-6.3781	fake	yes
D_0002707321	fake	0.423937	-0.8582	fake	yes
D_0002707342	fake	0.889540	-0.1171	genuine	no
D_0002707447	genuine	0.999891	-0.0001	genuine	yes
D_0002707615	fake	0.065004	-2.7333	fake	yes
D_0002707972	fake	0.031298	-3.4642	fake	yes
D_0002708014	genuine	0.997973	-0.0020	genuine	yes
D_0002708203	fake	0.220319	-1.5127	fake	yes
D_0002708266	genuine	0.630173	-0.4618	genuine	yes
D_0002708308	fake	0.479550	-0.7349	fake	yes
D_0002708350	fake	0.001822	-6.3080	fake	yes
D_0002708371	fake	0.010085	-4.5967	fake	yes
D_0002708581	fake	0.733808	-0.3095	genuine	no
D_0002708728	fake	0.000438	-7.7325	fake	yes
D_0002708896	fake	0.003537	-5.6445	fake	yes
D_0002708917	fake	0.484274	-0.7251	fake	yes
D_0002709148	fake	0.000089	-9.3238	fake	yes
D_0002709190	fake	0.000452	-7.7020	fake	yes
D_0002709274	fake	0.476822	-0.7406	fake	yes
D_0002709379	fake	0.001297	-6.6474	fake	yes
D_0002709589	fake	0.002730	-5.9036	fake	yes
D_0002709652	fake	0.007748	-4.8603	fake	yes
D_0002709925	genuine	0.999999	-0.0000	genuine	yes
D_0002709946	fake	0.910186	-0.0941	genuine	no
D_0002710072	fake	0.137951	-1.9809	fake	yes
D_0002710135	fake	0.158338	-1.8430	fake	yes
D_0002710471	fake	0.967660	-0.0329	genuine	no
D_0002710492	genuine	0.976072	-0.0242	genuine	yes
D_0002710639	fake	0.004201	-5.4724	fake	yes
D_0002710660	fake	0.035654	-3.3339	fake	yes
D_0002710933	fake	0.002139	-6.1475	fake	yes
D_0002711311	fake	0.855130	-0.1565	genuine	no
D_0002711332	fake	0.060692	-2.8019	fake	yes
D_0002711479	fake	0.005900	-5.1329	fake	yes
D_0002711689	fake	0.000192	-8.5602	fake	yes
D_0002711773	genuine	0.997273	-0.0027	genuine	yes
D_0002711794	fake	0.167119	-1.7891	fake	yes
D_0002711899	fake	0.011179	-4.4937	fake	yes
D_0002712172	fake	0.012402	-4.3899	fake	yes
D_0002712193	fake	0.999237	-0.0008	genuine	no
D_0002712277	fake	0.582372	-0.5406	genuine	no
D_0002712361	fake	0.066801	-2.7060	fake	yes
D_0002712508	fake	0.943985	-0.0576	genuine	no
D_0002712592	fake	0.455129	-0.7872	fake	yes
D_0002712613	fake	0.748302	-0.2899	genuine	no
D_0002712781	fake	0.004137	-5.4878	fake	yes
D_0002712823	genuine	0.999921	-0.0001	genuine	yes
D_0002712865	fake	0.399918	-0.9165	fake	yes
D_0002712886	fake	0.000053	-9.8516	fake	yes
D_0002712928	genuine	0.999998	-0.0000	genuine	yes
D_0002713432	fake	0.068897	-2.6751	fake	yes
D_0002713453	fake	0.051399	-2.9681	fake	yes
D_0002713537	genuine	0.999444	-0.0006	genuine	yes
D_0002713789	fake	0.913980	-0.0899	genuine	no
D_0002713915	fake	0.000734	-7.2177	fake	yes
D_0002714062	fake	0.071997	-2.6311	fake	yes
D_0002714209	genuine	0.985591	-0.0145	genuine	yes
D_0002714230	fake	0.005719	-5.1639	fake	yes
D_0002714566	fake	0.000071	-9.5524	fake	yes
D_0002714755	genuine	0.998406	-0.0016	genuine	yes
D_0002714860	fake	0.001728	-6.3610	fake	yes
D_0002714902	fake	0.689222	-0.3722	genuine	no
D_0002715364	fake	0.042832	-3.1505	fake	yes
D_0002715385	genuine	0.247798	-1.3951	fake	no
D_0002715448	genuine	1.000000	0.0000	genuine	yes
D_0002715511	fake	0.085203	-2.4627	fake	yes
D_0002715637	fake	0.613460	-0.4886	genuine	no
D_0002715700	fake	0.487114	-0.7193	fake	yes
D_0002715784	fake	0.783948	-0.2434	genuine	no
D_0002715931	genuine	0.999974	-0.0000	genuine	yes
D_0002715952	fake	0.999361	-0.0006	genuine	no
D_0002715994	fake	0.230332	-1.4682	fake	yes
D_0002716015	fake	0.034458	-3.3680	fake	yes
D_0002716372	fake	0.864913	-0.1451	genuine	no
D_0002716393	fake	0.654206	-0.4243	genuine	no
D_0002716729	genuine	0.800776	-0.2222	genuine	yes
D_0002716855	genuine	0.016264	-4.1188	fake	no
D_0002716897	fake	0.478031	-0.7381	fake	yes
D_0002716939	fake	0.016168	-4.1247	fake	yes
D_0002717044	genuine	0.998264	-0.0017	genuine	yes
D_0002717569	fake	0.137899	-1.9812	fake	yes
D_0002717716	fake	0.289003	-1.2413	fake	yes
D_0002717737	fake	0.041275	-3.1875	fake	yes
D_0002717989	fake	0.999397	-0.0006	genuine	no
D_0002718409	fake	0.000190	-8.5660	fake	yes
D_0002718451	fake	0.999302	-0.0007	genuine	no
D_0002718472	fake	0.445989	-0.8075	fake	yes
D_0002718703	fake	0.000916	-6.9952	fake	yes
D_0002718745	genuine	1.000000	-0.0000	genuine	yes
D_0002718934	genuine	1.000000	-0.0000	genuine	yes
D_0002719207	fake	0.639614	-0.4469	genuine	no
D_0002719291	fake	0.073301	-2.6132	fake	yes
D_0002719480	fake	0.103612	-2.2671	fake	yes
D_0002719543	genuine	0.999994	-0.0000	genuine	yes
D_0002719606	fake	0.052126	-2.9541	fake	yes
D_0002719732	fake	0.016649	-4.0954	fake	yes
D_0002719774	genuine	0.999960	-0.0000	genuine	yes
D_0002719795	fake	0.867744	-0.1419	genuine	no
D_0002719900	fake	0.889901	-0.1166	genuine	no
D_0002720152	fake	0.005257	-5.2482	fake	yes
D_0002720173	fake	0.000020	-10.8419	fake	yes
D_0002720236	genuine	0.994984	-0.0050	genuine	yes
D_0002720362	fake	0.129240	-2.0461	fake	yes
D_0002720383	genuine	0.999945	-0.0001	genuine	yes
D_0002720488	fake	0.203560	-1.5918	fake	yes
D_0002720551	fake	0.000823	-7.1021	fake	yes
D_0002720572	fake	0.999780	-0.0002	genuine	no
D_0002720803	fake	0.950408	-0.0509	genuine	no
D_0002721244	fake	0.999801	-0.0002	genuine	no
D_0002721517	fake	0.000346	-7.9682	fake	yes
D_0002721559	genuine	0.999994	-0.0000	genuine	yes
D_0002721601	fake	0.103124	-2.2718	fake	yes
D_0002721643	fake	0.609796	-0.4946	genuine	no
D_0002721706	fake	0.864585	-0.1455	genuine	no
D_0002722084	fake	0.006246	-5.0757	fake	yes
D_0002722189	genuine	0.992983	-0.0070	genuine	yes
D_0002722231	fake	0.028229	-3.5674	fake	yes
D_0002722336	fake	0.591493	-0.5251	genuine	no
D_0002722378	fake	0.082847	-2.4908	fake	yes
D_0002722399	fake	0.013278	-4.3216	fake	yes
D_0002722420	fake	0.988294	-0.0118	genuine	no
D_0002722483	fake	0.998795	-0.0012	genuine	no
D_0002722840	fake	0.024262	-3.7189	fake	yes
D_0002723029	fake	0.002284	-6.0817	fake	yes
D_0002723071	genuine	0.001288	-6.6546	fake	no
D_0002723113	genuine	0.999986	-0.0000	genuine	yes
D_0002723134	fake	0.088897	-2.4203	fake	yes
D_0002723260	genuine	0.917510	-0.0861	genuine	yes
D_0002723281	genuine	0.999322	-0.0007	genuine	yes
D_0002723302	genuine	0.999998	-0.0000	genuine	yes
D_0002723323	fake	0.126821	-2.0650	fake	yes
D_0002723386	fake	0.261380	-1.3418	fake	yes
D_0002723407	fake	0.041779	-3.1754	fake	yes
D_0002723491	fake	0.937522	-0.0645	genuine	no
D_0002723512	fake	0.099167	-2.3109	fake	yes
D_0002723575	fake	0.064329	-2.7437	fake	yes
D_0002723617	fake	0.265937	-1.3245	fake	yes
D_0002723638	fake	0.008851	-4.7272	fake	yes
D_0002723722	fake	0.490233	-0.7129	fake	yes
D_0002723806	fake	0.628510	-0.4644	genuine	no
D_0002723827	fake	0.051712	-2.9621	fake	yes
D_0002723848	fake	0.682535	-0.3819	genuine	no
D_0002723911	fake	0.814442	-0.2053	genuine	no
D_0002723974	fake	0.000632	-7.3664	fake	yes
D_0002724394	fake	0.067059	-2.7022	fake	yes
D_0002724520	fake	0.098085	-2.3219	fake	yes
D_0002724793	fake	0.063528	-2.7563	fake	yes
D_0002724919	fake	0.481614	-0.7306	fake	yes
D_0002725003	fake	0.288636	-1.2426	fake	yes
D_0002725024	fake	0.393903	-0.9317	fake	yes
D_0002725087	fake	0.699274	-0.3577	genuine	no
D_0002725150	fake	0.605172	-0.5022	genuine	no
D_0002725402	fake	0.325911	-1.1211	fake	yes
D_0002725591	genuine	0.999998	-0.0000	genuine	yes
D_0002725633	fake	0.007172	-4.9376	fake	yes
D_0002725759	fake	0.408444	-0.8954	fake	yes
D_0002725864	genuine	0.131920	-2.0256	fake	no
D_0002726032	fake	0.307000	-1.1809	fake	yes
D_0002726116	fake	0.007507	-4.8919	fake	yes
D_0002726410	fake	0.202922	-1.5949	fake	yes
D_0002726452	fake	0.010994	-4.5104	fake	yes
D_0002726641	fake	0.090535	-2.4020	fake	yes
D_0002726746	genuine	0.999995	-0.0000	genuine	yes
D_0002726788	fake	0.013181	-4.3290	fake	yes
D_0002726809	fake	0.001895	-6.2688	fake	yes
D_0002726914	fake	0.858803	-0.1522	genuine	no
D_0002726956	fake	0.333424	-1.0983	fake	yes
D_0002727019	fake	0.000100	-9.2114	fake	yes
D_0002727040	fake	0.313510	-1.1599	fake	yes
D_0002727313	fake	0.430377	-0.8431	fake	yes
D_0002727397	fake	0.005797	-5.1505	fake	yes
D_0002727586	fake	0.033893	-3.3846	fake	yes
D_0002727649	fake	0.008609	-4.7550	fake	yes
D_0002727712	genuine	0.999954	-0.0000	genuine	yes
D_0002727838	fake	0.123191	-2.0940	fake	yes
D_0002728006	fake	0.010305	-4.5751	fake	yes
D_0002728279	fake	0.448478	-0.8019	fake	yes
D_0002728405	fake	0.947654	-0.0538	genuine	no
D_0002728447	fake	0.282280	-1.2649	fake	yes
D_0002728510	genuine	0.999850	-0.0001	genuine	yes
D_0002728531	fake	0.391930	-0.9367	fake	yes
D_0002728552	fake	0.272892	-1.2987	fake	yes
D_0002728678	fake	0.000007	-11.8663	fake	yes
D_0002728888	fake	0.555605	-0.5877	genuine	no
D_0002728951	fake	0.616270	-0.4841	genuine	no
D_0002728972	fake	0.659271	-0.4166	genuine	no
D_0002729224	fake	0.018969	-3.9650	fake	yes
D_0002729266	fake	0.879345	-0.1286	genuine	no
D_0002729287	fake	0.558672	-0.5822	genuine	no
D_0002729413	fake	0.462470	-0.7712	fake	yes
D_0002729434	fake	0.095155	-2.3522	fake	yes
D_0002729539	fake	0.013058	-4.3383	fake	yes
D_0002729644	fake	0.986040	-0.0141	genuine	no
D_0002729686	fake	0.765200	-0.2676	genuine	no
D_0002729749	genuine	0.990977	-0.0091	genuine	yes
D_0002729833	genuine	0.999881	-0.0001	genuine	yes
D_0002729875	fake	0.200796	-1.6055	fake	yes
D_0002730022	genuine	0.999999	-0.0000	genuine	yes
D_0002730106	genuine	0.999966	-0.0000	genuine	yes
D_0002730169	fake	0.544715	-0.6075	genuine	no
D_0002730190	fake	0.022329	-3.8019	fake	yes
D_0002730295	fake	0.003975	-5.5277	fake	yes
D_0002730484	fake	0.140603	-1.9618	fake	yes
D_0002730694	fake	0.180297	-1.7131	fake	yes
D_0002730778	fake	0.642287	-0.4427	genuine	no
D_0002730799	fake	0.215764	-1.5336	fake	yes
D_0002730820	genuine	0.988221	-0.0118	genuine	yes
D_0002730862	fake	0.536305	-0.6231	genuine	no
D_0002731009	fake	0.030366	-3.4944	fake	yes
D_0002731114	fake	0.176460	-1.7347	fake	yes
D_0002731324	fake	0.000155	-8.7707	fake	yes
D_0002731576	genuine	0.965851	-0.0347	genuine	yes
D_0002731597	fake	0.000175	-8.6485	fake	yes
D_0002731744	genuine	0.328628	-1.1128	fake	no
D_0002731765	fake	0.998660	-0.0013	genuine	no
D_0002731786	genuine	0.998496	-0.0015	genuine	yes
D_0002731954	fake	0.278450	-1.2785	fake	yes
D_0002732038	genuine	1.000000	-0.0000	genuine	yes
D_0002732290	fake	0.000674	-7.3021	fake	yes
D_0002732353	fake	0.001077	-6.8332	fake	yes
D_0002732416	fake	0.071811	-2.6337	fake	yes
D_0002732437	fake	0.013824	-4.2814	fake	yes
D_0002732521	fake	0.650662	-0.4298	genuine	no
D_0002732605	fake	0.212684	-1.5479	fake	yes
D_0002732668	fake	0.006065	-5.1052	fake	yes
D_0002732689	genuine	0.997975	-0.0020	genuine	yes
D_0002732878	fake	0.439436	-0.8223	fake	yes
D_0002733025	fake	0.037910	-3.2725	fake	yes
D_0002733046	fake	0.036203	-3.3186	fake	yes
D_0002733172	genuine	0.921139	-0.0821	genuine	yes
D_0002733235	fake	0.754999	-0.2810	genuine	no
D_0002733403	fake	0.011380	-4.4759	fake	yes
D_0002733529	genuine	0.997645	-0.0024	genuine	yes
D_0002733613	fake	0.000065	-9.6406	fake	yes
D_0002733844	genuine	0.994563	-0.0055	genuine	yes
D_0002733907	genuine	0.005785	-5.1524	fake	no
D_0002733928	fake	0.085033	-2.4647	fake	yes
D_0002733949	fake	0.374348	-0.9826	fake	yes
D_0002734075	fake	0.584564	-0.5369	genuine	no
D_0002734201	genuine	0.999991	-0.0000	genuine	yes
D_0002734537	fake	0.101216	-2.2905	fake	yes
D_0002734558	fake	0.036267	-3.3169	fake	yes
D_0002734621	fake	0.159253	-1.8373	fake	yes
D_0002734789	fake	0.742143	-0.2982	genuine	no
D_0002734852	fake	0.992294	-0.0077	genuine	no
D_0002734978	fake	0.029226	-3.5327	fake	yes
D_0002735062	fake	0.019244	-3.9506	fake	yes
D_0002735083	fake	0.000098	-9.2299	fake	yes
D_0002735125	fake	0.186055	-1.6817	fake	yes
D_0002735167	fake	0.917842	-0.0857	genuine	no
D_0002735272	genuine	0.955618	-0.0454	genuine	yes
D_0002735461	genuine	0.018647	-3.9821	fake	no
D_0002735503	fake	0.014324	-4.2458	fake	yes
D_0002735671	genuine	0.996578	-0.0034	genuine	yes
D_0002735776	fake	0.349842	-1.0503	fake	yes
D_0002735881	genuine	0.270535	-1.3074	fake	no
D_0002735944	fake	0.009734	-4.6321	fake	yes
D_0002736007	fake	1.000000	-0.0000	genuine	no
D_0002736322	fake	0.176151	-1.7364	fake	yes
D_0002736343	fake	0.113859	-2.1728	fake	yes
D_0002736448	fake	0.994467	-0.0055	genuine	no
D_0002736490	genuine	0.999039	-0.0010	genuine	yes
D_0002736574	fake	0.000186	-8.5909	fake	yes
D_0002736721	fake	0.999964	-0.0000	genuine	no
D_0002736805	genuine	0.910581	-0.0937	genuine	yes
D_0002736973	fake	0.400727	-0.9145	fake	yes
D_0002737036	genuine	0.644674	-0.4390	genuine	yes
D_0002737141	fake	0.005137	-5.2713	fake	yes
D_0002737162	genuine	1.000000	-0.0000	genuine	yes
D_0002737204	fake	0.116258	-2.1519	fake	yes
D_0002737330	genuine	0.000027	-10.5277	fake	no
D_0002737603	fake	0.923170	-0.0799	genuine	no
D_0002737645	fake	0.021295	-3.8493	fake	yes
D_0002737750	fake	0.010892	-4.5197	fake	yes
D_0002737792	genuine	0.974116	-0.0262	genuine	yes
D_0002738107	genuine	0.995432	-0.0046	genuine	yes
D_0002738128	fake	0.736515	-0.3058	genuine	no
D_0002738191	fake	0.038811	-3.2491	fake	yes
D_0002738275	fake	0.963880	-0.0368	genuine	no
D_0002738296	fake	0.330597	-1.1069	fake	yes
D_0002738380	fake	0.511113	-0.6712	genuine	no
D_0002738464	fake	0.019760	-3.9241	fake	yes
D_0002738590	fake	0.013555	-4.3010	fake	yes
D_0002738632	fake	0.043280	-3.1401	fake	yes
D_0002738653	fake	0.489920	-0.7135	fake	yes
D_0002738716	fake	0.005128	-5.2730	fake	yes
D_0002738842	fake	0.036660	-3.3061	fake	yes
D_0002739073	fake	0.797289	-0.2265	genuine	no
D_0002739094	fake	0.998000	-0.0020	genuine	no
D_0002739115	fake	0.101121	-2.2914	fake	yes
D_0002739136	fake	0.018724	-3.9780	fake	yes
D_0002739157	fake	0.046135	-3.0762	fake	yes
D_0002739178	genuine	0.967609	-0.0329	genuine	yes
D_0002739241	fake	0.997639	-0.0024	genuine	no
D_0002739325	fake	0.978396	-0.0218	genuine	no
D_0002739472	genuine	0.179535	-1.7174	fake	no
D_0002739598	fake	0.002350	-6.0531	fake	yes
D_0002739661	fake	0.007923	-4.8380	fake	yes
D_0002739703	fake	0.002608	-5.9494	fake	yes
D_0002739850	fake	0.001720	-6.3654	fake	yes
D_0002739892	fake	0.000253	-8.2816	fake	yes
D_0002739997	fake	0.150811	-1.8917	fake	yes
D_0002740039	fake	0.888324	-0.1184	genuine	no
D_0002740081	fake	0.085531	-2.4589	fake	yes
D_0002740249	fake	0.000010	-11.4676	fake	yes
D_0002740627	fake	0.000983	-6.9252	fake	yes
D_0002740648	fake	0.015513	-4.1661	fake	yes
D_0002740669	fake	0.269986	-1.3094	fake	yes
D_0002740732	fake	0.866120	-0.1437	genuine	no
D_0002740879	fake	0.466447	-0.7626	fake	yes
D_0002740984	fake	0.001187	-6.7360	fake	yes
D_0002741005	fake	0.000007	-11.8280	fake	yes
D_0002741152	genuine	0.055618	-2.8892	fake	no
D_0002741173	genuine	1.000000	-0.0000	genuine	yes
D_0002741194	fake	0.963406	-0.0373	genuine	no
D_0002741278	fake	0.000387	-7.8569	fake	yes
D_0002741320	fake	0.013296	-4.3203	fake	yes
D_0002741341	fake	0.108601	-2.2201	fake	yes
D_0002741383	fake	0.035896	-3.3271	fake	yes
D_0002741698	fake	0.744278	-0.2953	genuine	no
D_0002741761	fake	0.537634	-0.6206	genuine	no
D_0002742055	fake	0.912740	-0.0913	genuine	no
D_0002742097	genuine	0.999999	-0.0000	genuine	yes
D_0002742307	fake	0.999061	-0.0009	genuine	no
D_0002742328	fake	0.778491	-0.2504	genuine	no
D_0002742412	fake	0.055142	-2.8978	fake	yes
D_0002742580	genuine	0.675514	-0.3923	genuine	yes
D_0002742622	fake	0.019173	-3.9542	fake	yes
D_0002742685	fake	0.376534	-0.9767	fake	yes
D_0002742748	fake	0.360708	-1.0197	fake	yes
D_0002742790	fake	0.002743	-5.8988	fake	yes
D_0002742916	fake	0.000591	-7.4337	fake	yes
D_0002742937	fake	0.000001	-13.9164	fake	yes
D_0002742958	fake	0.983878	-0.0163	genuine	no
D_0002743021	fake	0.023527	-3.7496	fake	yes
D_0002743441	fake	0.308421	-1.1763	fake	yes
D_0002743462	genuine	0.999647	-0.0004	genuine	yes
D_0002743504	fake	0.010978	-4.5118	fake	yes
D_0002743525	fake	0.018675	-3.9806	fake	yes
D_0002743546	fake	0.560209	-0.5794	genuine	no
D_0002743567	fake	0.010112	-4.5940	fake	yes
D_0002743693	genuine	0.999980	-0.0000	genuine	yes
D_0002743819	fake	0.000550	-7.5054	fake	yes
D_0002744008	fake	0.983182	-0.0170	genuine	no
D_0002744092	genuine	0.873298	-0.1355	genuine	yes
D_0002744197	fake	0.691952	-0.3682	genuine	no
D_0002744575	fake	0.001161	-6.7582	fake	yes
D_0002744680	genuine	1.000000	0.0000	genuine	yes
D_0002744764	fake	0.413584	-0.8829	fake	yes
D_0002744806	fake	0.003383	-5.6890	fake	yes
D_0002744848	genuine	0.999985	-0.0000	genuine	yes
D_0002744869	fake	0.019767	-3.9237	fake	yes
D_0002745142	genuine	0.999978	-0.0000	genuine	yes
D_0002745268	fake	0.000023	-10.6866	fake	yes
D_0002745688	genuine	1.000000	0.0000	genuine	yes
D_0002745709	genuine	0.923212	-0.0799	genuine	yes
D_0002745751	fake	0.152260	-1.8822	fake	yes
D_0002745814	fake	0.990288	-0.0098	genuine	no
D_0002745856	fake	0.044173	-3.1196	fake	yes
D_0002745898	fake	0.003029	-5.7995	fake	yes
D_0002745982	fake	0.899199	-0.1063	genuine	no
D_0002746213	fake	0.018989	-3.9639	fake	yes
D_0002746528	genuine	0.999994	-0.0000	genuine	yes
D_0002746549	genuine	0.999992	-0.0000	genuine	yes
D_0002746633	genuine	0.932376	-0.0700	genuine	yes
D_0002746780	fake	0.000395	-7.8369	fake	yes
D_0002746843	fake	0.150774	-1.8920	fake	yes
D_0002746864	fake	0.011962	-4.4260	fake	yes
D_0002747179	fake	0.461890	-0.7724	fake	yes
D_0002747284	fake	0.833796	-0.1818	genuine	no
D_0002747452	fake	0.000218	-8.4314	fake	yes
D_0002747578	genuine	0.999874	-0.0001	genuine	yes
D_0002747599	fake	0.003611	-5.6238	fake	yes
D_0002747725	fake	0.998664	-0.0013	genuine	no
D_0002747935	fake	0.100615	-2.2965	fake	yes
D_0002747998	fake	0.994565	-0.0054	genuine	no
D_0002748061	fake	0.010926	-4.5166	fake	yes
D_0002748082	fake	0.108528	-2.2207	fake	yes
D_0002748250	fake	0.436209	-0.8296	fake	yes
D_0002748271	genuine	0.001799	-6.3204	fake	no
D_0002748292	fake	0.998144	-0.0019	genuine	no
D_0002748586	fake	0.000478	-7.6458	fake	yes
D_0002748964	fake	0.000834	-7.0896	fake	yes
D_0002749195	fake	0.992379	-0.0076	genuine	no
D_0002749468	genuine	0.714498	-0.3362	genuine	yes
D_0002749594	fake	0.983883	-0.0162	genuine	no
D_0002749762	fake	0.217928	-1.5236	fake	yes
D_0002749825	genuine	0.999999	-0.0000	genuine	yes
D_0002749888	fake	0.013475	-4.3069	fake	yes
D_0002749930	genuine	0.998535	-0.0015	genuine	yes
D_0002749993	genuine	0.000159	-8.7446	fake	no
D_0002750077	fake	0.922668	-0.0805	genuine	no
D_0002750455	fake	0.427181	-0.8505	fake	yes
D_0002750476	fake	0.360239	-1.0210	fake	yes
D_0002750497	fake	0.997403	-0.0026	genuine	no
D_0002750686	genuine	0.821258	-0.1969	genuine	yes
D_0002750854	fake	0.089087	-2.4181	fake	yes
D_0002750980	fake	0.010130	-4.5922	fake	yes
D_0002751022	fake	0.002196	-6.1211	fake	yes
D_0002751043	fake	0.000126	-8.9767	fake	yes
D_0002751169	fake	0.045476	-3.0906	fake	yes
D_0002751547	fake	0.418459	-0.8712	fake	yes
D_0002751736	fake	0.997285	-0.0027	genuine	no
D_0002751757	fake	0.098764	-2.3150	fake	yes
D_0002751778	genuine	0.993028	-0.0070	genuine	yes
D_0002751799	fake	0.998309	-0.0017	genuine	no
D_0002751883	fake	0.999155	-0.0008	genuine	no
D_0002752156	fake	0.033933	-3.3834	fake	yes
D_0002752240	genuine	0.999993	-0.0000	genuine	yes
D_0002752366	fake	0.000399	-7.8270	fake	yes
D_0002752450	fake	0.001209	-6.7178	fake	yes
D_0002752744	fake	0.000693	-7.2751	fake	yes
D_0002752849	fake	0.927107	-0.0757	genuine	no
D_0002752954	fake	0.077446	-2.5582	fake	yes
D_0002753038	fake	0.031294	-3.4643	fake	yes
D_0002753101	genuine	0.000028	-10.4726	fake	no
D_0002753143	fake	0.017322	-4.0558	fake	yes
D_0002753185	fake	0.101385	-2.2888	fake	yes
D_0002753206	fake	0.012836	-4.3555	fake	yes
D_0002753227	fake	0.819090	-0.1996	genuine	no
D_0002753290	genuine	0.998823	-0.0012	genuine	yes
D_0002753353	genuine	0.908741	-0.0957	genuine	yes
D_0002753374	fake	0.914817	-0.0890	genuine	no
D_0002753752	fake	0.414508	-0.8807	fake	yes
D_0002753773	fake	0.924524	-0.0785	genuine	no
D_0002753794	genuine	0.999962	-0.0000	genuine	yes
D_0002753899	fake	0.203978	-1.5897	fake	yes
D_0002754004	fake	0.077047	-2.5633	fake	yes
D_0002754109	fake	0.001170	-6.7504	fake	yes
D_0002754130	fake	0.574471	-0.5543	genuine	no
D_0002754340	genuine	0.998132	-0.0019	genuine	yes
D_0002754361	fake	0.409583	-0.8926	fake	yes
D_0002754445	fake	0.995991	-0.0040	genuine	no
D_0002754487	fake	0.622534	-0.4740	genuine	no
D_0002754550	fake	0.712852	-0.3385	genuine	no
D_0002754634	fake	0.348302	-1.0547	fake	yes
D_0002754676	genuine	0.981549	-0.0186	genuine	yes
D_0002754781	fake	0.000053	-9.8502	fake	yes
D_0002754907	genuine	0.999982	-0.0000	genuine	yes
D_0002755159	genuine	0.980938	-0.0192	genuine	yes
D_0002755180	fake	0.001410	-6.5639	fake	yes
D_0002755306	fake	0.152217	-1.8824	fake	yes
D_0002755348	fake	0.011016	-4.5084	fake	yes
D_0002755663	genuine	0.999849	-0.0002	genuine	yes
D_0002755915	fake	0.899073	-0.1064	genuine	no
D_0002755999	fake	0.032311	-3.4324	fake	yes
D_0002756083	fake	0.851011	-0.1613	genuine	no
D_0002756146	fake	0.276540	-1.2854	fake	yes
D_0002756335	fake	0.920857	-0.0825	genuine	no
D_0002756356	genuine	0.999997	-0.0000	genuine	yes
D_0002756482	fake	0.999911	-0.0001	genuine	no
D_0002756671	fake	0.053075	-2.9360	fake	yes
D_0002756755	fake	0.000470	-7.6621	fake	yes
D_0002756881	fake	0.022908	-3.7763	fake	yes
D_0002756965	fake	0.367752	-1.0003	fake	yes
D_0002757007	fake	0.984403	-0.0157	genuine	no
D_0002757028	fake	0.019129	-3.9565	fake	yes
D_0002757070	genuine	0.999528	-0.0005	genuine	yes
D_0002757091	fake	0.034685	-3.3615	fake	yes
D_0002757112	fake	0.010406	-4.5653	fake	yes
D_0002757196	fake	0.994852	-0.0052	genuine	no
D_0002757511	fake	0.419039	-0.8698	fake	yes
D_0002757532	fake	0.023681	-3.7431	fake	yes
D_0002757616	fake	0.770150	-0.2612	genuine	no
D_0002757637	genuine	0.999998	-0.0000	genuine	yes
D_0002757679	genuine	0.999059	-0.0009	genuine	yes
D_0002757721	genuine	0.999841	-0.0002	genuine	yes
D_0002758183	fake	0.974467	-0.0259	genuine	no
D_0002758267	fake	0.000603	-7.4139	fake	yes
D_0002758435	fake	0.264245	-1.3309	fake	yes
D_0002758477	genuine	0.116854	-2.1468	fake	no
D_0002758540	fake	0.055357	-2.8939	fake	yes
D_0002758708	fake	0.988625	-0.0114	genuine	no
D_0002758855	genuine	0.983091	-0.0171	genuine	yes
D_0002758876	fake	0.214577	-1.5391	fake	yes
D_0002758918	fake	0.013448	-4.3089	fake	yes
D_0002759212	fake	0.918229	-0.0853	genuine	no
D_0002759401	fake	0.342723	-1.0708	fake	yes
D_0002759443	fake	0.062867	-2.7667	fake	yes
D_0002759527	genuine	0.076851	-2.5659	fake	no
D_0002759674	fake	0.137496	-1.9842	fake	yes
D_0002759716	fake	0.002185	-6.1262	fake	yes
D_0002759737	fake	0.069170	-2.6712	fake	yes
D_0002760136	fake	0.211570	-1.5532	fake	yes
D_0002760157	fake	0.635117	-0.4539	genuine	no
D_0002760178	fake	0.252339	-1.3770	fake	yes
D_0002760283	fake	0.346717	-1.0592	fake	yes
D_0002760325	genuine	0.374939	-0.9810	fake	no
D_0002760430	fake	0.946114	-0.0554	genuine	no
D_0002760493	fake	0.002438	-6.0167	fake	yes
D_0002760640	genuine	0.999964	-0.0000	genuine	yes
D_0002760808	fake	0.000077	-9.4754	fake	yes
D_0002760871	genuine	0.967283	-0.0333	genuine	yes
D_0002760976	fake	0.992132	-0.0079	genuine	no
D_0002761123	genuine	0.982795	-0.0174	genuine	yes
D_0002761354	genuine	0.980559	-0.0196	genuine	yes
D_0002761396	fake	0.012044	-4.4192	fake	yes
D_0002761501	fake	0.913927	-0.0900	genuine	no
D_0002761564	fake	0.268407	-1.3153	fake	yes
D_0002761774	fake	0.055020	-2.9001	fake	yes
D_0002761858	fake	0.026198	-3.6421	fake	yes
D_0002761900	genuine	1.000000	-0.0000	genuine	yes
D_0002762005	genuine	0.998669	-0.0013	genuine	yes
D_0002762215	fake	0.588462	-0.5302	genuine	no
D_0002762341	fake	0.008055	-4.8214	fake	yes
D_0002762488	fake	0.198221	-1.6184	fake	yes
D_0002762614	fake	0.841503	-0.1726	genuine	no
D_0002762740	genuine	0.907559	-0.0970	genuine	yes
D_0002762866	genuine	0.999987	-0.0000	genuine	yes
D_0002762929	fake	0.030266	-3.4977	fake	yes
D_0002763055	fake	0.059750	-2.8176	fake	yes
D_0002763118	fake	0.015654	-4.1570	fake	yes
D_0002763286	fake	0.014109	-4.2609	fake	yes
D_0002763307	fake	0.934443	-0.0678	genuine	no
D_0002763475	fake	0.001087	-6.8241	fake	yes
D_0002763538	fake	0.982620	-0.0175	genuine	no
D_0002763664	fake	0.991929	-0.0081	genuine	no
D_0002763979	fake	0.984455	-0.0157	genuine	no
D_0002764126	fake	0.099450	-2.3081	fake	yes
D_0002764378	fake	0.002707	-5.9120	fake	yes
D_0002764399	fake	0.000693	-7.2749	fake	yes
D_0002764525	fake	0.017752	-4.0313	fake	yes
D_0002764609	fake	0.216332	-1.5309	fake	yes
D_0002764651	fake	0.264197	-1.3311	fake	yes
D_0002764672	fake	0.874964	-0.1336	genuine	no
D_0002764840	fake	0.775850	-0.2538	genuine	no
D_0002764903	fake	0.000062	-9.6879	fake	yes
D_0002764945	fake	0.811890	-0.2084	genuine	no
D_0002764987	fake	0.052792	-2.9414	fake	yes
D_0002765407	fake	0.022467	-3.7957	fake	yes
D_0002765449	fake	0.215388	-1.5353	fake	yes
D_0002765491	genuine	0.999753	-0.0002	genuine	yes
D_0002765680	fake	0.039305	-3.2364	fake	yes
D_0002765722	fake	0.000082	-9.4077	fake	yes
D_0002765743	genuine	0.948130	-0.0533	genuine	yes
D_0002765806	genuine	0.350540	-1.0483	fake	no
D_0002766037	genuine	0.999998	-0.0000	genuine	yes
D_0002766058	fake	0.488280	-0.7169	fake	yes
D_0002766184	fake	0.090958	-2.3974	fake	yes
D_0002766352	genuine	0.999969	-0.0000	genuine	yes
D_0002766751	fake	0.030995	-3.4739	fake	yes
D_0002766772	fake	0.294394	-1.2228	fake	yes
D_0002766940	fake	0.079717	-2.5293	fake	yes
D_0002766982	fake	0.001226	-6.7044	fake	yes
D_0002767066	fake	0.043713	-3.1301	fake	yes
D_0002767171	fake	0.950098	-0.0512	genuine	no
D_0002767276	fake	0.105032	-2.2535	fake	yes
D_0002767528	fake	0.037526	-3.2827	fake	yes
D_0002767591	fake	0.998513	-0.0015	genuine	no
D_0002767633	fake	0.003231	-5.7350	fake	yes
D_0002767780	fake	0.111733	-2.1916	fake	yes
D_0002767864	fake	0.019080	-3.9591	fake	yes
D_0002768053	fake	0.001268	-6.6704	fake	yes
D_0002768179	genuine	1.000000	0.0000	genuine	yes
D_0002768305	fake	0.223872	-1.4967	fake	yes
D_0002768431	fake	0.016087	-4.1297	fake	yes
D_0002768452	fake	0.994011	-0.0060	genuine	no
D_0002768599	fake	0.007163	-4.9389	fake	yes
D_0002768872	fake	0.958770	-0.0421	genuine	no
D_0002768956	fake	0.981300	-0.0189	genuine	no
D_0002768998	fake	0.004728	-5.3542	fake	yes
D_0002769019	genuine	0.999918	-0.0001	genuine	yes
D_0002769082	genuine	0.999762	-0.0002	genuine	yes
D_0002769313	fake	0.000007	-11.8310	fake	yes
D_0002769565	fake	0.992871	-0.0072	genuine	no
D_0002769649	fake	0.999936	-0.0001	genuine	no
D_0002769964	fake	0.030852	-3.4786	fake	yes
D_0002769985	fake	0.358424	-1.0260	fake	yes
D_0002770048	fake	0.008354	-4.7850	fake	yes
D_0002770069	fake	0.775282	-0.2545	genuine	no
D_0002770237	fake	0.124516	-2.0833	fake	yes
D_0002770384	genuine	0.999973	-0.0000	genuine	yes
D_0002770552	fake	0.102690	-2.2760	fake	yes
D_0002770699	fake	0.993433	-0.0066	genuine	no
D_0002770888	genuine	0.000839	-7.0828	fake	no
D_0002770951	fake	0.969638	-0.0308	genuine	no
D_0002771455	fake	0.000272	-8.2103	fake	yes
D_0002771476	fake	0.999503	-0.0005	genuine	no
D_0002771602	fake	0.000873	-7.0439	fake	yes
D_0002771770	genuine	0.999841	-0.0002	genuine	yes
D_0002771875	fake	0.013564	-4.3004	fake	yes
D_0002772127	fake	0.005186	-5.2618	fake	yes
D_0002772421	fake	0.058504	-2.8387	fake	yes
D_0002772463	fake	0.026526	-3.6296	fake	yes
D_0002772547	fake	0.007283	-4.9222	fake	yes
D_0002772820	fake	0.217064	-1.5276	fake	yes
D_0002772862	fake	0.606278	-0.5004	genuine	no
D_0002772883	genuine	0.998505	-0.0015	genuine	yes
D_0002773072	fake	0.038472	-3.2578	fake	yes
D_0002773240	fake	0.000888	-7.0267	fake	yes
D_0002773408	fake	0.992885	-0.0071	genuine	no
D_0002773471	fake	0.984298	-0.0158	genuine	no
D_0002773492	fake	0.004003	-5.5208	fake	yes
D_0002773786	genuine	0.999617	-0.0004	genuine	yes
D_0002773849	genuine	0.974842	-0.0255	genuine	yes
D_0002774143	fake	0.002012	-6.2088	fake	yes
D_0002774164	fake	0.039210	-3.2388	fake	yes
D_0002774206	fake	0.052661	-2.9439	fake	yes
D_0002774248	fake	0.578589	-0.5472	genuine	no
D_0002774416	genuine	0.999996	-0.0000	genuine	yes
D_0002774479	fake	0.911526	-0.0926	genuine	no
D_0002774521	fake	0.295762	-1.2182	fake	yes
D_0002774542	fake	0.009941	-4.6111	fake	yes
D_0002774584	genuine	0.999983	-0.0000	genuine	yes
D_0002774668	fake	0.169527	-1.7747	fake	yes
D_0002774710	fake	0.000160	-8.7390	fake	yes
D_0002774752	fake	0.037464	-3.2844	fake	yes
D_0002774773	fake	0.006112	-5.0974	fake	yes
D_0002774794	fake	0.006068	-5.1048	fake	yes
D_0002774836	fake	0.952510	-0.0487	genuine	no
D_0002774878	fake	0.032138	-3.4377	fake	yes
D_0002774962	genuine	0.363378	-1.0123	fake	no
D_0002775172	fake	0.134148	-2.0088	fake	yes
D_0002775193	genuine	0.999980	-0.0000	genuine	yes
D_0002775298	fake	0.894962	-0.1110	genuine	no
D_0002775403	fake	0.408352	-0.8956	fake	yes
D_0002775466	fake	0.364692	-1.0087	fake	yes
D_0002775991	fake	0.008403	-4.7791	fake	yes
D_0002776033	fake	0.366067	-1.0049	fake	yes
D_0002776075	fake	0.001268	-6.6699	fake	yes
D_0002776411	genuine	0.978725	-0.0215	genuine	yes
D_0002776432	fake	0.000843	-7.0783	fake	yes
D_0002776495	genuine	0.998518	-0.0015	genuine	yes
D_0002776558	fake	0.001955	-6.2374	fake	yes
D_0002776663	fake	0.000007	-11.8982	fake	yes
D_0002776726	fake	0.160372	-1.8303	fake	yes
D_0002776852	genuine	0.000456	-7.6928	fake	no
D_0002776915	fake	0.177142	-1.7308	fake	yes
D_0002777209	fake	0.370060	-0.9941	fake	yes
D_0002777398	fake	0.058588	-2.8372	fake	yes
D_0002777503	fake	0.188054	-1.6710	fake	yes
D_0002777818	fake	0.973752	-0.0266	genuine	no
D_0002777923	fake	0.924649	-0.0783	genuine	no
D_0002777944	fake	0.001861	-6.2864	fake	yes
D_0002778007	genuine	0.999999	-0.0000	genuine	yes
D_0002778280	fake	0.822915	-0.1949	genuine	no
D_0002778364	fake	0.419730	-0.8681	fake	yes
D_0002778448	fake	0.021115	-3.8578	fake	yes
D_0002778511	genuine	0.983473	-0.0167	genuine	yes
D_0002778532	genuine	0.999999	-0.0000	genuine	yes
D_0002778574	fake	0.389361	-0.9432	fake	yes
D_0002778658	fake	0.007180	-4.9364	fake	yes
D_0002778742	fake	0.947562	-0.0539	genuine	no
D_0002778826	fake	0.794140	-0.2305	genuine	no
D_0002778889	genuine	0.999995	-0.0000	genuine	yes
D_0002778973	fake	0.814851	-0.2047	genuine	no
D_0002779120	fake	0.000908	-7.0042	fake	yes
D_0002779393	fake	0.793561	-0.2312	genuine	no
D_0002779435	fake	0.002633	-5.9398	fake	yes
D_0002779498	fake	0.997152	-0.0029	genuine	no
D_0002779582	fake	0.012027	-4.4206	fake	yes
D_0002779666	fake	0.003020	-5.8026	fake	yes
D_0002779708	fake	0.347504	-1.0570	fake	yes
D_0002779855	fake	0.430754	-0.8422	fake	yes
D_0002779897	fake	0.000302	-8.1060	fake	yes
D_0002779939	fake	0.602341	-0.5069	genuine	no
D_0002780233	fake	0.019826	-3.9208	fake	yes
D_0002780338	genuine	0.313079	-1.1613	fake	no
D_0002780758	fake	0.039587	-3.2293	fake	yes
D_0002780779	genuine	0.039047	-3.2430	fake	no
D_0002780821	fake	0.032152	-3.4373	fake	yes
D_0002780842	fake	0.907004	-0.0976	genuine	no
D_0002780905	fake	0.634644	-0.4547	genuine	no
D_0002781031	fake	0.000015	-11.1159	fake	yes
D_0002781052	fake	0.621788	-0.4752	genuine	no
D_0002781094	genuine	0.796885	-0.2270	genuine	yes
D_0002781115	fake	0.843899	-0.1697	genuine	no
D_0002781220	fake	0.001350	-6.6080	fake	yes
D_0002781304	fake	0.026840	-3.6179	fake	yes
D_0002781661	fake	0.770016	-0.2613	genuine	no
D_0002781703	fake	0.019554	-3.9346	fake	yes
D_0002781829	fake	0.645848	-0.4372	genuine	no
D_0002781871	fake	0.915223	-0.0886	genuine	no
D_0002781913	fake	0.009220	-4.6864	fake	yes
D_0002782123	genuine	0.999989	-0.0000	genuine	yes
D_0002782291	fake	0.000368	-7.9072	fake	yes
D_0002782333	fake	0.048790	-3.0202	fake	yes
D_0002782375	fake	0.387624	-0.9477	fake	yes
D_0002782396	genuine	0.999298	-0.0007	genuine	yes
D_0002782564	fake	0.819771	-0.1987	genuine	no
D_0002782627	genuine	0.999961	-0.0000	genuine	yes
D_0002782900	genuine	0.999754	-0.0002	genuine	yes
D_0002783005	fake	0.410207	-0.8911	fake	yes
D_0002783131	fake	0.000028	-10.4725	fake	yes
D_0002783299	fake	0.020310	-3.8966	fake	yes
D_0002783467	fake	0.844941	-0.1685	genuine	no
D_0002783593	genuine	0.214946	-1.5374	fake	no
D_0002783992	genuine	0.960783	-0.0400	genuine	yes
D_0002784244	genuine	0.999943	-0.0001	genuine	yes
D_0002784307	fake	0.747477	-0.2911	genuine	no
D_0002784748	fake	0.086133	-2.4519	fake	yes
D_0002784769	fake	0.344731	-1.0650	fake	yes
D_0002784811	fake	0.011066	-4.5039	fake	yes
D_0002784895	fake	0.135734	-1.9971	fake	yes
D_0002785000	fake	0.031264	-3.4653	fake	yes
D_0002785147	fake	0.011547	-4.4613	fake	yes
D_0002785189	fake	0.058944	-2.8312	fake	yes
D_0002785357	genuine	0.992118	-0.0079	genuine	yes
D_0002785441	fake	0.817996	-0.2009	genuine	no
D_0002785462	fake	0.998748	-0.0013	genuine	no
D_0002785525	genuine	0.999998	-0.0000	genuine	yes
D_0002785588	genuine	0.029942	-3.5085	fake	no
D_0002785672	fake	0.980684	-0.0195	genuine	no
D_0002785756	fake	0.000236	-8.3531	fake	yes
D_0002785819	fake	0.002634	-5.9392	fake	yes
D_0002785924	fake	0.709454	-0.3433	genuine	no
D_0002785987	fake	0.857700	-0.1535	genuine	no
D_0002786281	genuine	0.997027	-0.0030	genuine	yes
D_0002786428	fake	0.016705	-4.0921	fake	yes
D_0002786470	fake	0.099551	-2.3071	fake	yes
D_0002786512	fake	0.011078	-4.5028	fake	yes
D_0002786554	fake	0.148539	-1.9069	fake	yes
D_0002786785	genuine	0.872557	-0.1363	genuine	yes
D_0002786911	fake	0.707723	-0.3457	genuine	no
D_0002786995	fake	0.679293	-0.3867	genuine	no
D_0002787205	fake	0.948223	-0.0532	genuine	no
D_0002787268	fake	0.129121	-2.0470	fake	yes
D_0002787667	fake	0.077895	-2.5524	fake	yes
D_0002787688	fake	0.121227	-2.1101	fake	yes
D_0002787835	genuine	0.999100	-0.0009	genuine	yes
D_0002788087	fake	0.031058	-3.4719	fake	yes
D_0002788276	fake	0.482443	-0.7289	fake	yes
D_0002788402	fake	0.001355	-6.6043	fake	yes
D_0002788528	fake	0.975765	-0.0245	genuine	no
D_0002788990	fake	0.764201	-0.2689	genuine	no
D_0002789074	genuine	1.000000	-0.0000	genuine	yes
D_0002789158	fake	0.979460	-0.0208	genuine	no
D_0002789179	fake	0.879162	-0.1288	genuine	no
D_0002789200	fake	0.022687	-3.7860	fake	yes
D_0002789326	fake	0.056930	-2.8659	fake	yes
D_0002789620	fake	0.033250	-3.4037	fake	yes
D_0002789641	fake	0.280116	-1.2726	fake	yes
D_0002789746	genuine	1.000000	0.0000	genuine	yes
D_0002790061	fake	0.001073	-6.8374	fake	yes
D_0002790145	fake	0.917243	-0.0864	genuine	no
D_0002790355	fake	0.000082	-9.4146	fake	yes
D_0002790481	genuine	0.306652	-1.1820	fake	no
D_0002790628	fake	0.025191	-3.6813	fake	yes
D_0002790649	fake	0.001426	-6.5526	fake	yes
D_0002790880	fake	0.050110	-2.9935	fake	yes
D_0002790901	fake	0.668449	-0.4028	genuine	no
D_0002791027	fake	0.959401	-0.0414	genuine	no
D_0002791216	fake	0.983936	-0.0162	genuine	no
D_0002791489	fake	0.363724	-1.0114	fake	yes
D_0002791699	fake	0.004322	-5.4441	fake	yes
D_0002791741	fake	0.429547	-0.8450	fake	yes
D_0002791846	fake	0.788626	-0.2375	genuine	no
D_0002791867	genuine	0.999588	-0.0004	genuine	yes
D_0002791888	fake	0.148045	-1.9102	fake	yes
D_0002791909	fake	0.878365	-0.1297	genuine	no
D_0002792182	fake	0.085614	-2.4579	fake	yes
D_0002792203	fake	0.496220	-0.7007	fake	yes
D_0002792434	fake	0.976750	-0.0235	genuine	no
D_0002792455	fake	0.175216	-1.7417	fake	yes
D_0002792518	fake	0.012622	-4.3723	fake	yes
D_0002792707	fake	0.597133	-0.5156	genuine	no
D_0002792770	genuine	0.012882	-4.3519	fake	no
D_0002792791	genuine	0.999987	-0.0000	genuine	yes
D_0002793001	fake	0.000006	-12.0067	fake	yes
D_0002793127	fake	0.022181	-3.8085	fake	yes
D_0002793190	fake	0.262099	-1.3390	fake	yes
D_0002793484	fake	0.006469	-5.0408	fake	yes
D_0002793862	genuine	1.000000	0.0000	genuine	yes
D_0002794072	fake	0.010314	-4.5742	fake	yes
D_0002794198	fake	0.008046	-4.8226	fake	yes
D_0002794219	genuine	0.994566	-0.0054	genuine	yes
D_0002794324	fake	0.008319	-4.7892	fake	yes
D_0002794387	fake	0.125551	-2.0750	fake	yes
D_0002794513	fake	0.195319	-1.6331	fake	yes
D_0002794954	genuine	0.999688	-0.0003	genuine	yes
D_0002794975	fake	0.912897	-0.0911	genuine	no
D_0002795017	fake	0.017912	-4.0223	fake	yes
D_0002795038	fake	0.040068	-3.2172	fake	yes
D_0002795311	fake	0.002983	-5.8148	fake	yes
D_0002795416	fake	0.003140	-5.7635	fake	yes
D_0002795437	fake	0.001371	-6.5924	fake	yes
D_0002795479	fake	0.781855	-0.2461	genuine	no
D_0002795584	fake	0.913723	-0.0902	genuine	no
D_0002795668	genuine	0.999944	-0.0001	genuine	yes
D_0002795773	fake	0.990825	-0.0092	genuine	no
D_0002795794	fake	0.048796	-3.0201	fake	yes
D_0002795836	fake	0.860661	-0.1501	genuine	no
D_0002795941	fake	0.256348	-1.3612	fake	yes
D_0002796256	genuine	0.461799	-0.7726	fake	no
D_0002796424	fake	0.081663	-2.5052	fake	yes
D_0002796655	fake	0.827319	-0.1896	genuine	no
D_0002796970	genuine	0.999994	-0.0000	genuine	yes
D_0002797117	fake	0.471208	-0.7525	fake	yes
D_0002797222	fake	0.015773	-4.1494	fake	yes
D_0002797558	fake	0.033199	-3.4052	fake	yes
D_0002797579	fake	0.998634	-0.0014	genuine	no
D_0002797600	genuine	0.999918	-0.0001	genuine	yes
D_0002797663	genuine	1.000000	-0.0000	genuine	yes
D_0002797705	fake	0.032626	-3.4226	fake	yes
D_0002797768	fake	0.440956	-0.8188	fake	yes
D_0002797915	fake	0.022332	-3.8017	fake	yes
D_0002797936	fake	0.244724	-1.4076	fake	yes
D_0002797999	fake	0.000405	-7.8106	fake	yes
D_0002798083	fake	0.051379	-2.9685	fake	yes
D_0002798209	fake	0.749843	-0.2879	genuine	no
D_0002798251	genuine	0.999866	-0.0001	genuine	yes
D_0002798293	fake	0.001201	-6.7249	fake	yes
D_0002798482	genuine	0.999930	-0.0001	genuine	yes
D_0002798503	genuine	0.999918	-0.0001	genuine	yes
D_0002798524	fake	0.355898	-1.0331	fake	yes
D_0002798818	fake	0.995274	-0.0047	genuine	no
D_0002798839	fake	0.283625	-1.2601	fake	yes
D_0002799007	fake	0.000298	-8.1181	fake	yes
D_0002799049	fake	0.913053	-0.0910	genuine	no
D_0002799112	fake	0.003712	-5.5961	fake	yes
D_0002799322	fake	0.214831	-1.5379	fake	yes
D_0002799385	fake	0.992405	-0.0076	genuine	no
D_0002799469	fake	0.984367	-0.0158	genuine	no
D_0002799532	fake	0.000331	-8.0123	fake	yes
D_0002799637	fake	0.009196	-4.6889	fake	yes
D_0002799679	fake	0.960738	-0.0401	genuine	no
D_0002799994	fake	0.898915	-0.1066	genuine	no
D_0002800246	fake	0.054378	-2.9118	fake	yes
D_0002800393	fake	0.711057	-0.3410	genuine	no
D_0002800414	fake	0.005269	-5.2460	fake	yes
D_0002800456	genuine	0.000003	-12.7912	fake	no
D_0002800582	genuine	0.999968	-0.0000	genuine	yes
D_0002800603	genuine	0.991394	-0.0086	genuine	yes
D_0002800834	genuine	0.998739	-0.0013	genuine	yes
D_0002800855	fake	0.033554	-3.3946	fake	yes
D_0002801044	fake	0.299729	-1.2049	fake	yes
D_0002801191	fake	0.739090	-0.3023	genuine	no
D_0002801296	genuine	1.000000	-0.0000	genuine	yes
D_0002801380	fake	0.002542	-5.9749	fake	yes
D_0002801422	genuine	0.129083	-2.0473	fake	no
D_0002801548	fake	0.660722	-0.4144	genuine	no
D_0002801632	fake	0.007741	-4.8612	fake	yes
D_0002801653	fake	0.003724	-5.5928	fake	yes
D_0002801758	fake	0.967969	-0.0326	genuine	no
D_0002801821	fake	0.993980	-0.0060	genuine	no
D_0002802388	fake	0.020261	-3.8991	fake	yes
D_0002802472	genuine	0.999545	-0.0005	genuine	yes
D_0002802514	fake	0.000161	-8.7360	fake	yes
D_0002802535	fake	0.000051	-9.8816	fake	yes
D_0002802598	genuine	0.976747	-0.0235	genuine	yes
D_0002802640	fake	0.000091	-9.3005	fake	yes
D_0002802976	fake	0.021053	-3.8607	fake	yes
D_0002803081	genuine	0.522398	-0.6493	genuine	yes
D_0002803270	fake	0.029837	-3.5120	fake	yes
D_0002803354	fake	0.090044	-2.4075	fake	yes
D_0002803501	fake	0.002697	-5.9156	fake	yes
D_0002803585	fake	0.803718	-0.2185	genuine	no
D_0002803627	fake	0.199454	-1.6122	fake	yes
D_0002803795	fake	0.447466	-0.8042	fake	yes
D_0002803858	fake	0.398155	-0.9209	fake	yes
D_0002803942	genuine	0.983333	-0.0168	genuine	yes
D_0002804068	genuine	0.999980	-0.0000	genuine	yes
D_0002804152	fake	0.000475	-7.6525	fake	yes
D_0002804215	genuine	0.986302	-0.0138	genuine	yes
D_0002804299	fake	0.035606	-3.3352	fake	yes
D_0002804572	fake	0.007801	-4.8535	fake	yes
D_0002804656	fake	0.000181	-8.6149	fake	yes
D_0002804761	fake	0.167890	-1.7844	fake	yes
D_0002804803	fake	0.002424	-6.0223	fake	yes
D_0002804971	genuine	0.948545	-0.0528	genuine	yes
D_0002804992	genuine	0.999852	-0.0001	genuine	yes
D_0002805055	genuine	1.000000	-0.0000	genuine	yes
D_0002805244	genuine	0.155634	-1.8602	fake	no
D_0002805265	fake	0.000022	-10.7111	fake	yes
D_0002805622	genuine	1.000000	-0.0000	genuine	yes
D_0002805643	fake	0.143498	-1.9414	fake	yes
D_0002805748	fake	0.777891	-0.2512	genuine	no
D_0002805832	fake	0.001135	-6.7808	fake	yes
D_0002805958	fake	0.730578	-0.3139	genuine	no
D_0002806168	fake	0.101617	-2.2865	fake	yes
D_0002806189	fake	0.002998	-5.8098	fake	yes
D_0002806231	fake	0.606465	-0.5001	genuine	no
D_0002806273	fake	0.000179	-8.6270	fake	yes
D_0002806294	genuine	0.998377	-0.0016	genuine	yes
D_0002806378	fake	0.128639	-2.0507	fake	yes
D_0002806567	fake	0.204234	-1.5885	fake	yes
D_0002806588	fake	0.045392	-3.0924	fake	yes
D_0002806630	fake	0.317876	-1.1461	fake	yes
D_0002806735	fake	0.282624	-1.2636	fake	yes
D_0002806987	genuine	0.999616	-0.0004	genuine	yes
D_0002807008	fake	0.863976	-0.1462	genuine	no
D_0002807029	fake	0.636811	-0.4513	genuine	no
D_0002807092	fake	0.282461	-1.2642	fake	yes
D_0002807239	fake	0.000002	-12.9541	fake	yes
D_0002807470	fake	0.021025	-3.8621	fake	yes
D_0002807512	fake	0.811437	-0.2089	genuine	no
D_0002807575	fake	0.576172	-0.5513	genuine	no
D_0002807680	fake	0.006411	-5.0498	fake	yes
D_0002807806	fake	0.825346	-0.1920	genuine	no
D_0002807869	fake	0.007404	-4.9057	fake	yes
D_0002807890	fake	0.076092	-2.5758	fake	yes
D_0002807932	genuine	0.999973	-0.0000	genuine	yes
D_0002808016	fake	0.000057	-9.7701	fake	yes
D_0002808037	fake	0.023574	-3.7476	fake	yes
D_0002808079	fake	0.329209	-1.1111	fake	yes
D_0002808121	genuine	0.017621	-4.0387	fake	no
D_0002808205	fake	0.051214	-2.9717	fake	yes
D_0002808226	fake	0.013474	-4.3070	fake	yes
D_0002808247	fake	0.042416	-3.1602	fake	yes
D_0002808877	fake	0.618739	-0.4801	genuine	no
D_0002808898	fake	0.120197	-2.1186	fake	yes
D_0002809045	fake	0.421380	-0.8642	fake	yes
D_0002809129	fake	0.995726	-0.0043	genuine	no
D_0002809171	genuine	0.999992	-0.0000	genuine	yes
D_0002809234	fake	0.195311	-1.6332	fake	yes
D_0002809255	fake	0.004225	-5.4668	fake	yes
D_0002809297	genuine	0.990189	-0.0099	genuine	yes
D_0002809360	fake	0.000003	-12.5886	fake	yes
D_0002809444	fake	0.211035	-1.5557	fake	yes
D_0002809549	fake	0.013116	-4.3339	fake	yes
D_0002809570	genuine	0.999998	-0.0000	genuine	yes
D_0002809675	genuine	0.986675	-0.0134	genuine	yes
D_0002809738	fake	0.841508	-0.1726	genuine	no
D_0002809801	genuine	0.999335	-0.0007	genuine	yes
D_0002809864	fake	0.400970	-0.9139	fake	yes
D_0002809885	genuine	0.000385	-7.8626	fake	no
D_0002809990	genuine	0.999996	-0.0000	genuine	yes
D_0002810200	fake	0.007697	-4.8669	fake	yes
D_0002810221	fake	0.000011	-11.4272	fake	yes
D_0002810242	fake	0.714478	-0.3362	genuine	no
D_0002810326	fake	0.755466	-0.2804	genuine	no
D_0002810452	fake	0.212417	-1.5492	fake	yes
D_0002810725	fake	0.013044	-4.3394	fake	yes
D_0002810746	fake	0.009068	-4.7029	fake	yes
D_0002810830	fake	0.006065	-5.1053	fake	yes
D_0002810998	fake	0.142125	-1.9511	fake	yes
D_0002811187	fake	0.993173	-0.0069	genuine	no
D_0002811334	fake	0.962322	-0.0384	genuine	no
D_0002811586	fake	0.005342	-5.2322	fake	yes
D_0002811712	fake	0.292264	-1.2301	fake	yes
D_0002812006	genuine	0.999974	-0.0000	genuine	yes
D_0002812132	genuine	0.999900	-0.0001	genuine	yes
D_0002812153	genuine	0.999621	-0.0004	genuine	yes
D_0002812174	fake	0.981910	-0.0183	genuine	no
D_0002812195	fake	0.004809	-5.3373	fake	yes
D_0002812300	fake	0.000079	-9.4403	fake	yes
D_0002812321	fake	0.993364	-0.0067	genuine	no
D_0002812363	fake	0.555862	-0.5872	genuine	no
D_0002812489	genuine	0.952107	-0.0491	genuine	yes
D_0002812615	fake	0.296643	-1.2152	fake	yes
D_0002812720	fake	0.065688	-2.7228	fake	yes
D_0002812762	fake	0.991039	-0.0090	genuine	no
D_0002812993	fake	0.784597	-0.2426	genuine	no
D_0002813014	fake	0.839157	-0.1754	genuine	no
D_0002813119	fake	0.058633	-2.8365	fake	yes
D_0002813140	fake	0.999960	-0.0000	genuine	no
D_0002813161	fake	0.875874	-0.1325	genuine	no
D_0002813329	fake	0.620581	-0.4771	genuine	no
D_0002813371	fake	0.002633	-5.9395	fake	yes
D_0002813392	fake	0.031133	-3.4695	fake	yes
D_0002813413	fake	0.856785	-0.1546	genuine	no
D_0002813455	fake	0.334357	-1.0955	fake	yes
D_0002814064	fake	0.002498	-5.9924	fake	yes
D_0002814211	genuine	0.999997	-0.0000	genuine	yes
D_0002814232	fake	0.061389	-2.7905	fake	yes
D_0002814253	fake	0.023022	-3.7713	fake	yes
D_0002814274	genuine	1.000000	-0.0000	genuine	yes
D_0002814316	genuine	0.999962	-0.0000	genuine	yes
D_0002814379	fake	0.099762	-2.3050	fake	yes
D_0002814547	fake	0.287544	-1.2464	fake	yes
D_0002814757	fake	0.152808	-1.8786	fake	yes
D_0002814988	fake	0.202761	-1.5957	fake	yes
D_0002815009	fake	0.016011	-4.1344	fake	yes
D_0002815030	fake	0.878686	-0.1293	genuine	no
D_0002815051	genuine	0.607671	-0.4981	genuine	yes
D_0002815093	fake	0.457059	-0.7829	fake	yes
D_0002815114	genuine	0.999597	-0.0004	genuine	yes
D_0002815135	fake	0.994108	-0.0059	genuine	no
D_0002815198	genuine	0.997428	-0.0026	genuine	yes
D_0002815240	genuine	0.999318	-0.0007	genuine	yes
D_0002815513	genuine	1.000000	0.0000	genuine	yes
D_0002815576	genuine	0.999111	-0.0009	genuine	yes
D_0002815597	genuine	0.999987	-0.0000	genuine	yes
D_0002815639	fake	0.967595	-0.0329	genuine	no
D_0002815660	genuine	0.001583	-6.4484	fake	no
D_0002815723	fake	0.006029	-5.1113	fake	yes
D_0002815765	fake	0.001222	-6.7070	fake	yes
D_0002815891	fake	0.146076	-1.9236	fake	yes
D_0002815996	fake	0.132064	-2.0245	fake	yes
D_0002816059	fake	0.011613	-4.4556	fake	yes
D_0002816164	fake	0.431294	-0.8410	fake	yes
D_0002816269	genuine	0.966378	-0.0342	genuine	yes
D_0002816395	fake	0.005907	-5.1317	fake	yes
D_0002816605	fake	0.301057	-1.2005	fake	yes
D_0002816689	fake	0.004418	-5.4220	fake	yes
D_0002816836	genuine	0.997275	-0.0027	genuine	yes
D_0002816962	genuine	0.875733	-0.1327	genuine	yes
D_0002817088	fake	0.429232	-0.8458	fake	yes
D_0002817235	fake	0.002977	-5.8167	fake	yes
D_0002817298	fake	0.370602	-0.9926	fake	yes
D_0002817424	fake	0.819613	-0.1989	genuine	no
D_0002817550	fake	0.111284	-2.1957	fake	yes
D_0002817571	fake	0.031120	-3.4699	fake	yes
D_0002817655	genuine	0.999800	-0.0002	genuine	yes
D_0002817802	fake	0.021746	-3.8283	fake	yes
D_0002818222	fake	0.008296	-4.7920	fake	yes
D_0002818348	fake	0.000421	-7.7730	fake	yes
D_0002818390	genuine	0.023263	-3.7609	fake	no
D_0002818432	fake	0.997762	-0.0022	genuine	no
D_0002818579	fake	0.005933	-5.1272	fake	yes
D_0002818600	fake	0.035306	-3.3437	fake	yes
D_0002818852	fake	0.106101	-2.2434	fake	yes
D_0002818978	genuine	0.999626	-0.0004	genuine	yes
D_0002818999	fake	0.000117	-9.0510	fake	yes
D_0002819062	fake	0.000016	-11.0510	fake	yes
D_0002819083	fake	0.100984	-2.2928	fake	yes
D_0002819272	fake	0.270723	-1.3067	fake	yes
D_0002819314	fake	0.444710	-0.8103	fake	yes
D_0002819503	fake	0.119030	-2.1284	fake	yes
D_0002819545	fake	0.046684	-3.0644	fake	yes
D_0002819587	fake	0.405983	-0.9014	fake	yes
D_0002819671	genuine	0.999993	-0.0000	genuine	yes
D_0002819776	fake	0.092958	-2.3756	fake	yes
D_0002820007	fake	0.725162	-0.3214	genuine	no
D_0002820049	genuine	0.999907	-0.0001	genuine	yes
D_0002820070	fake	0.149678	-1.8993	fake	yes
D_0002820217	fake	0.900201	-0.1051	genuine	no
D_0002820469	genuine	0.999939	-0.0001	genuine	yes
D_0002820511	fake	0.003130	-5.7667	fake	yes
D_0002820532	fake	0.748413	-0.2898	genuine	no
D_0002820553	genuine	0.000047	-9.9591	fake	no
D_0002820721	fake	0.085079	-2.4642	fake	yes
D_0002820784	fake	0.273009	-1.2982	fake	yes
D_0002820847	fake	0.193075	-1.6447	fake	yes
D_0002820910	fake	0.618064	-0.4812	genuine	no
D_0002820952	fake	0.997575	-0.0024	genuine	no
D_0002820973	fake	0.402481	-0.9101	fake	yes
D_0002821120	fake	0.825393	-0.1919	genuine	no
D_0002821162	genuine	0.999954	-0.0000	genuine	yes
D_0002821267	fake	0.404316	-0.9056	fake	yes
D_0002821288	fake	0.051309	-2.9699	fake	yes
D_0002821414	fake	0.510243	-0.6729	genuine	no
D_0002821624	fake	0.001362	-6.5990	fake	yes
D_0002821645	genuine	0.999991	-0.0000	genuine	yes
D_0002821687	fake	0.440799	-0.8192	fake	yes
D_0002821708	fake	0.114073	-2.1709	fake	yes
D_0002821897	genuine	0.393033	-0.9339	fake	no
D_0002821939	genuine	0.016783	-4.0874	fake	no
D_0002822170	fake	0.551388	-0.5953	genuine	no
D_0002822317	fake	0.565342	-0.5703	genuine	no
D_0002822422	fake	0.000095	-9.2643	fake	yes
D_0002822527	fake	0.235146	-1.4475	fake	yes
D_0002822590	fake	0.022491	-3.7946	fake	yes
D_0002822695	fake	0.953901	-0.0472	genuine	no
D_0002822800	fake	0.843061	-0.1707	genuine	no
D_0002822968	fake	0.998178	-0.0018	genuine	no
D_0002823031	fake	0.702695	-0.3528	genuine	no
D_0002823073	fake	0.000551	-7.5045	fake	yes
D_0002823241	fake	0.188946	-1.6663	fake	yes
D_0002823304	fake	0.941007	-0.0608	genuine	no
D_0002823409	fake	0.003315	-5.7092	fake	yes
D_0002823451	fake	0.591591	-0.5249	genuine	no
D_0002823472	fake	0.694988	-0.3639	genuine	no
D_0002823556	genuine	0.999957	-0.0000	genuine	yes
D_0002823766	fake	0.902513	-0.1026	genuine	no
D_0002823808	fake	0.882733	-0.1247	genuine	no
D_0002823892	fake	0.147292	-1.9153	fake	yes
D_0002823997	fake	0.016024	-4.1337	fake	yes
D_0002824249	fake	0.481372	-0.7311	fake	yes
D_0002824396	fake	0.090320	-2.4044	fake	yes
D_0002824417	fake	0.999947	-0.0001	genuine	no
D_0002824438	fake	0.138790	-1.9748	fake	yes
D_0002824459	fake	0.985765	-0.0143	genuine	no
D_0002824900	fake	0.282850	-1.2628	fake	yes
D_0002824921	genuine	0.999538	-0.0005	genuine	yes
D_0002825068	fake	0.000059	-9.7444	fake	yes
D_0002825089	fake	0.011794	-4.4402	fake	yes
D_0002825131	fake	0.844090	-0.1695	genuine	no
D_0002825152	fake	0.000924	-6.9867	fake	yes
D_0002825194	fake	0.998581	-0.0014	genuine	no
D_0002825278	fake	0.183428	-1.6959	fake	yes
D_0002825362	fake	0.586167	-0.5342	genuine	no
D_0002825467	fake	0.517925	-0.6579	genuine	no
D_0002825488	fake	0.929410	-0.0732	genuine	no
D_0002825656	genuine	0.000016	-11.0470	fake	no
D_0002825677	genuine	0.128616	-2.0509	fake	no
D_0002825908	genuine	0.999993	-0.0000	genuine	yes
D_0002826013	fake	0.064505	-2.7410	fake	yes
D_0002826055	fake	0.996896	-0.0031	genuine	no
D_0002826076	genuine	0.999997	-0.0000	genuine	yes
D_0002826097	genuine	0.999747	-0.0003	genuine	yes
D_0002826139	fake	0.412219	-0.8862	fake	yes
D_0002826223	fake	0.110358	-2.2040	fake	yes
D_0002826412	fake	0.164507	-1.8048	fake	yes
D_0002826559	fake	0.314646	-1.1563	fake	yes
D_0002827021	fake	0.236296	-1.4427	fake	yes
D_0002827105	genuine	0.000917	-6.9948	fake	no
D_0002827294	fake	0.921625	-0.0816	genuine	no
D_0002827315	genuine	0.999035	-0.0010	genuine	yes
D_0002827420	fake	0.030422	-3.4926	fake	yes
D_0002827504	genuine	0.826486	-0.1906	genuine	yes
D_0002827567	fake	0.093290	-2.3720	fake	yes
D_0002827609	fake	0.075272	-2.5866	fake	yes
D_0002827735	genuine	1.000000	0.0000	genuine	yes
D_0002827861	genuine	0.997137	-0.0029	genuine	yes
D_0002827945	fake	0.007319	-4.9173	fake	yes
D_0002828029	fake	0.015847	-4.1447	fake	yes
D_0002828218	fake	0.853463	-0.1585	genuine	no
D_0002828239	fake	0.011864	-4.4342	fake	yes
D_0002828638	fake	0.214697	-1.5385	fake	yes
D_0002828680	fake	0.014748	-4.2166	fake	yes
D_0002828764	genuine	0.997611	-0.0024	genuine	yes
D_0002828785	fake	0.662430	-0.4118	genuine	no
D_0002829100	fake	0.000151	-8.8007	fake	yes
D_0002829142	fake	0.001956	-6.2367	fake	yes
D_0002829268	fake	0.012238	-4.4032	fake	yes
D_0002829310	genuine	0.352906	-1.0416	fake	no
D_0002829478	fake	0.000205	-8.4942	fake	yes
D_0002829499	genuine	1.000000	-0.0000	genuine	yes
D_0002829520	fake	0.671432	-0.3983	genuine	no
D_0002829583	fake	0.002254	-6.0952	fake	yes
D_0002829688	fake	0.146568	-1.9203	fake	yes
D_0002829961	fake	0.457999	-0.7809	fake	yes
D_0002830024	genuine	0.986185	-0.0139	genuine	yes
D_0002830045	fake	0.003303	-5.7131	fake	yes
D_0002830066	fake	0.916577	-0.0871	genuine	no
D_0002830276	fake	0.992568	-0.0075	genuine	no
D_0002830297	fake	0.111569	-2.1931	fake	yes
D_0002830318	fake	0.002813	-5.8735	fake	yes
D_0002830402	genuine	0.999403	-0.0006	genuine	yes
D_0002830465	genuine	0.999978	-0.0000	genuine	yes
D_0002830633	fake	0.171225	-1.7648	fake	yes
D_0002830675	genuine	0.999893	-0.0001	genuine	yes
D_0002830927	fake	0.008037	-4.8236	fake	yes
D_0002831242	genuine	0.006493	-5.0371	fake	no
D_0002831515	genuine	0.999971	-0.0000	genuine	yes
D_0002831536	fake	0.828578	-0.1880	genuine	no
D_0002831599	fake	0.492031	-0.7092	fake	yes
D_0002831851	fake	0.604597	-0.5032	genuine	no
D_0002832040	fake	0.749311	-0.2886	genuine	no
D_0002832166	fake	0.702098	-0.3537	genuine	no
D_0002832250	fake	0.003176	-5.7522	fake	yes
D_0002832334	genuine	0.002618	-5.9452	fake	no
D_0002832397	fake	0.432430	-0.8383	fake	yes
D_0002832481	fake	0.887139	-0.1198	genuine	no
D_0002832586	genuine	0.238037	-1.4353	fake	no
D_0002832796	fake	0.863764	-0.1465	genuine	no
D_0002832901	fake	0.251427	-1.3806	fake	yes
D_0002832964	fake	0.999430	-0.0006	genuine	no
D_0002832985	fake	0.905151	-0.0997	genuine	no
D_0002833069	fake	0.001603	-6.4357	fake	yes
D_0002833111	fake	0.433791	-0.8352	fake	yes
D_0002833153	fake	0.999904	-0.0001	genuine	no
D_0002833174	fake	0.000054	-9.8291	fake	yes
D_0002833237	genuine	0.053139	-2.9348	fake	no
D_0002833405	fake	0.011532	-4.4627	fake	yes
D_0002833447	fake	0.995024	-0.0050	genuine	no
D_0002833615	fake	0.012672	-4.3684	fake	yes
D_0002833636	fake	0.013461	-4.3080	fake	yes
D_0002833762	fake	0.013291	-4.3207	fake	yes
D_0002833804	genuine	0.454711	-0.7881	fake	no
D_0002833846	fake	0.044064	-3.1221	fake	yes
D_0002833867	fake	0.013510	-4.3043	fake	yes
D_0002833972	genuine	0.999995	-0.0000	genuine	yes
D_0002834014	fake	0.243134	-1.4141	fake	yes
D_0002834140	genuine	0.858798	-0.1522	genuine	yes
D_0002834161	fake	0.022852	-3.7787	fake	yes
D_0002834182	fake	0.005175	-5.2639	fake	yes
D_0002834224	fake	0.005759	-5.1570	fake	yes
D_0002834539	fake	0.043051	-3.1454	fake	yes
D_0002834854	fake	0.003620	-5.6213	fake	yes
D_0002835106	fake	0.999946	-0.0001	genuine	no
D_0002835127	genuine	0.999989	-0.0000	genuine	yes
D_0002835211	genuine	0.999999	-0.0000	genuine	yes
D_0002835274	genuine	0.990609	-0.0094	genuine	yes
D_0002835316	fake	0.346939	-1.0586	fake	yes
D_0002835421	fake	0.152227	-1.8824	fake	yes
D_0002835484	genuine	0.999097	-0.0009	genuine	yes
D_0002835526	genuine	0.999979	-0.0000	genuine	yes
D_0002835589	fake	0.127479	-2.0598	fake	yes
D_0002835652	fake	0.000389	-7.8510	fake	yes
D_0002835694	fake	0.894215	-0.1118	genuine	no
D_0002835925	fake	0.023715	-3.7416	fake	yes
D_0002836051	fake	0.063602	-2.7551	fake	yes
D_0002836198	fake	0.964909	-0.0357	genuine	no
D_0002836387	fake	0.043253	-3.1407	fake	yes
D_0002836534	fake	0.233166	-1.4560	fake	yes
D_0002836618	fake	0.126789	-2.0652	fake	yes
D_0002836660	fake	0.000699	-7.2664	fake	yes
D_0002836849	fake	0.785285	-0.2417	genuine	no
D_0002836870	genuine	0.018175	-4.0077	fake	no
D_0002837101	genuine	0.336283	-1.0898	fake	no
D_0002837248	fake	0.112496	-2.1848	fake	yes
D_0002837332	genuine	0.714577	-0.3361	genuine	yes
D_0002837353	fake	0.304838	-1.1880	fake	yes
D_0002837437	fake	0.108987	-2.2165	fake	yes
D_0002837521	fake	0.924327	-0.0787	genuine	no
D_0002837542	fake	0.009962	-4.6089	fake	yes
D_0002837563	fake	0.084629	-2.4695	fake	yes
D_0002837584	fake	0.032712	-3.4200	fake	yes
D_0002837710	fake	0.134978	-2.0026	fake	yes
D_0002837773	genuine	0.999984	-0.0000	genuine	yes
D_0002837794	fake	0.002778	-5.8861	fake	yes
D_0002837815	genuine	1.000000	0.0000	genuine	yes
D_0002838256	genuine	0.974274	-0.0261	genuine	yes
D_0002838655	fake	0.004384	-5.4299	fake	yes
D_0002838676	fake	0.210085	-1.5602	fake	yes
D_0002838697	fake	0.159048	-1.8386	fake	yes
D_0002838781	fake	0.453088	-0.7917	fake	yes
D_0002838844	fake	0.829600	-0.1868	genuine	no
D_0002839033	fake	0.000554	-7.4978	fake	yes
D_0002839096	fake	0.884395	-0.1229	genuine	no
D_0002839117	fake	0.019420	-3.9414	fake	yes
D_0002839180	fake	0.080550	-2.5189	fake	yes
D_0002839201	fake	0.350411	-1.0486	fake	yes
D_0002839222	fake	0.187194	-1.6756	fake	yes
D_0002839285	fake	0.103883	-2.2645	fake	yes
D_0002839621	fake	0.191878	-1.6509	fake	yes
D_0002839663	fake	0.510435	-0.6725	genuine	no
D_0002839852	fake	0.023138	-3.7663	fake	yes
D_0002839915	fake	0.309609	-1.1724	fake	yes
D_0002839957	fake	0.795118	-0.2293	genuine	no
D_0002840167	genuine	0.999979	-0.0000	genuine	yes
D_0002840230	fake	0.118854	-2.1299	fake	yes
D_0002840377	genuine	0.993971	-0.0060	genuine	yes
D_0002840482	genuine	0.999957	-0.0000	genuine	yes
D_0002840503	fake	0.002047	-6.1912	fake	yes
D_0002840587	fake	0.192127	-1.6496	fake	yes
D_0002840629	genuine	0.988354	-0.0117	genuine	yes
D_0002840671	fake	0.038097	-3.2676	fake	yes
D_0002840818	genuine	0.999944	-0.0001	genuine	yes
D_0002840944	fake	0.396374	-0.9254	fake	yes
D_0002841196	genuine	0.998500	-0.0015	genuine	yes
D_0002841217	genuine	0.982867	-0.0173	genuine	yes
D_0002841343	genuine	0.749176	-0.2888	genuine	yes
D_0002841427	fake	0.445276	-0.8091	fake	yes
D_0002841574	fake	0.002713	-5.9096	fake	yes
D_0002841805	fake	0.020578	-3.8836	fake	yes
D_0002841826	fake	0.033012	-3.4109	fake	yes
D_0002841868	fake	0.152846	-1.8783	fake	yes
D_0002841931	genuine	0.999357	-0.0006	genuine	yes
D_0002841952	genuine	0.008290	-4.7927	fake	no
D_0002842036	fake	0.966025	-0.0346	genuine	no
D_0002842078	fake	0.969206	-0.0313	genuine	no
D_0002842099	fake	0.304157	-1.1902	fake	yes
D_0002842141	fake	0.096734	-2.3358	fake	yes
D_0002842309	fake	0.007356	-4.9123	fake	yes
D_0002842456	genuine	0.998554	-0.0014	genuine	yes
D_0002842561	fake	0.681030	-0.3841	genuine	no
D_0002842981	fake	0.009130	-4.6961	fake	yes
D_0002843002	fake	0.000086	-9.3627	fake	yes
D_0002843023	fake	0.296943	-1.2142	fake	yes
D_0002843086	fake	0.112544	-2.1844	fake	yes
D_0002843170	fake	0.952097	-0.0491	genuine	no
D_0002843191	fake	0.998014	-0.0020	genuine	no
D_0002843233	fake	0.651323	-0.4287	genuine	no
D_0002843338	genuine	0.998698	-0.0013	genuine	yes
D_0002843485	fake	0.008009	-4.8272	fake	yes
D_0002843821	fake	0.010430	-4.5631	fake	yes
D_0002843989	fake	0.000843	-7.0783	fake	yes
D_0002844136	fake	0.015703	-4.1539	fake	yes
D_0002844157	fake	0.084583	-2.4700	fake	yes
D_0002844535	fake	0.086505	-2.4476	fake	yes
D_0002844556	fake	0.336091	-1.0904	fake	yes
D_0002844682	fake	0.311435	-1.1666	fake	yes
D_0002844766	fake	0.123267	-2.0934	fake	yes
D_0002844808	fake	0.894601	-0.1114	genuine	no
D_0002844871	fake	0.890825	-0.1156	genuine	no
D_0002845039	fake	0.828159	-0.1886	genuine	no
D_0002845543	fake	0.000706	-7.2566	fake	yes
D_0002845942	fake	0.000345	-7.9722	fake	yes
D_0002846173	fake	0.000365	-7.9166	fake	yes
D_0002846194	fake	0.028066	-3.5732	fake	yes
D_0002846509	genuine	0.999841	-0.0002	genuine	yes
D_0002846530	fake	0.000043	-10.0517	fake	yes
D_0002846593	fake	0.247021	-1.3983	fake	yes
D_0002846929	fake	0.991953	-0.0081	genuine	no
D_0002846971	fake	0.414429	-0.8809	fake	yes
D_0002847160	genuine	0.999946	-0.0001	genuine	yes
D_0002847223	fake	0.085469	-2.4596	fake	yes
D_0002847265	genuine	0.999230	-0.0008	genuine	yes
D_0002847391	fake	0.002505	-5.9894	fake	yes
D_0002847622	fake	0.498247	-0.6967	fake	yes
D_0002847643	fake	0.007913	-4.8393	fake	yes
D_0002847790	fake	0.001397	-6.5733	fake	yes
D_0002847832	fake	0.995877	-0.0041	genuine	no
D_0002847874	fake	0.242091	-1.4184	fake	yes
D_0002847979	genuine	0.999927	-0.0001	genuine	yes
D_0002848147	fake	0.178753	-1.7218	fake	yes
D_0002848378	genuine	0.999952	-0.0000	genuine	yes
D_0002848441	fake	0.099653	-2.3061	fake	yes
D_0002848462	fake	0.006086	-5.1018	fake	yes
D_0002848546	genuine	0.000006	-12.0154	fake	no
D_0002848567	fake	0.016594	-4.0987	fake	yes
D_0002848588	genuine	0.950095	-0.0512	genuine	yes
D_0002848609	fake	0.597010	-0.5158	genuine	no
D_0002848651	fake	0.028085	-3.5725	fake	yes
D_0002848693	genuine	0.991259	-0.0088	genuine	yes
D_0002848756	fake	0.175816	-1.7383	fake	yes
D_0002848777	fake	0.003641	-5.6155	fake	yes
D_0002849176	genuine	0.984607	-0.0155	genuine	yes
D_0002849302	fake	0.104491	-2.2587	fake	yes
D_0002849344	fake	0.000078	-9.4587	fake	yes
D_0002849365	fake	0.448481	-0.8019	fake	yes
D_0002849491	fake	0.999022	-0.0010	genuine	no
D_0002849533	genuine	0.790702	-0.2348	genuine	yes
D_0002849596	fake	0.923602	-0.0795	genuine	no
D_0002849617	genuine	0.999983	-0.0000	genuine	yes
D_0002849680	fake	0.014309	-4.2469	fake	yes
D_0002849701	fake	0.000546	-7.5128	fake	yes
D_0002849806	fake	0.935435	-0.0667	genuine	no
D_0002850058	fake	0.249638	-1.3877	fake	yes
D_0002850079	genuine	0.999984	-0.0000	genuine	yes
D_0002850100	fake	0.023596	-3.7467	fake	yes
D_0002850163	genuine	0.002325	-6.0641	fake	no
D_0002850310	fake	0.779487	-0.2491	genuine	no
D_0002850373	fake	0.063867	-2.7510	fake	yes
D_0002850415	genuine	0.993819	-0.0062	genuine	yes
D_0002850541	fake	0.132238	-2.0232	fake	yes
D_0002850772	fake	0.003357	-5.6966	fake	yes
D_0002850898	fake	0.000067	-9.6153	fake	yes
D_0002851192	fake	0.033034	-3.4102	fake	yes
D_0002851297	fake	0.002345	-6.0555	fake	yes
D_0002851318	fake	0.000668	-7.3106	fake	yes
D_0002851423	fake	0.776150	-0.2534	genuine	no
D_0002851591	fake	0.299427	-1.2059	fake	yes
D_0002851780	fake	0.000329	-8.0200	fake	yes
D_0002851864	fake	0.505519	-0.6822	genuine	no
D_0002852095	fake	0.557726	-0.5839	genuine	no
D_0002852116	fake	0.532825	-0.6296	genuine	no
D_0002852158	genuine	0.999647	-0.0004	genuine	yes
D_0002852179	fake	0.002209	-6.1154	fake	yes
D_0002852200	genuine	0.999816	-0.0002	genuine	yes
D_0002852368	fake	0.011813	-4.4386	fake	yes
D_0002852431	genuine	0.998079	-0.0019	genuine	yes
D_0002852473	fake	0.987499	-0.0126	genuine	no
D_0002852578	fake	0.644056	-0.4400	genuine	no
D_0002852662	genuine	0.995329	-0.0047	genuine	yes
D_0002852683	fake	0.192143	-1.6495	fake	yes
D_0002852809	fake	0.641221	-0.4444	genuine	no
D_0002852851	fake	0.043643	-3.1317	fake	yes
D_0002852914	fake	0.002590	-5.9562	fake	yes
D_0002852956	fake	0.139234	-1.9716	fake	yes
D_0002852977	fake	0.057364	-2.8583	fake	yes
D_0002853334	fake	0.629555	-0.4627	genuine	no
D_0002853481	fake	0.994133	-0.0059	genuine	no
D_0002853502	fake	0.005443	-5.2135	fake	yes
D_0002853796	fake	0.997937	-0.0021	genuine	no
D_0002853817	fake	0.975793	-0.0245	genuine	no
D_0002854111	fake	0.024830	-3.6957	fake	yes
D_0002854153	fake	0.021398	-3.8445	fake	yes
D_0002854279	fake	0.000021	-10.7568	fake	yes
D_0002854321	fake	0.024654	-3.7028	fake	yes
D_0002854363	fake	0.649634	-0.4313	genuine	no
D_0002854405	fake	0.176852	-1.7324	fake	yes
D_0002854447	fake	0.019025	-3.9620	fake	yes
D_0002854741	genuine	0.188096	-1.6708	fake	no
D_0002854867	genuine	0.000115	-9.0703	fake	no
D_0002854930	fake	0.003158	-5.7577	fake	yes
D_0002854951	fake	0.365706	-1.0059	fake	yes
D_0002854972	fake	0.068614	-2.6793	fake	yes
D_0002855266	genuine	0.999960	-0.0000	genuine	yes
D_0002855308	fake	0.013959	-4.2716	fake	yes
D_0002855455	fake	0.000211	-8.4648	fake	yes
D_0002855539	genuine	0.999844	-0.0002	genuine	yes
D_0002855770	fake	0.000147	-8.8275	fake	yes
D_0002855791	fake	0.018002	-4.0173	fake	yes
D_0002856001	fake	0.545961	-0.6052	genuine	no
D_0002856106	fake	0.104389	-2.2596	fake	yes
D_0002856337	fake	0.991735	-0.0083	genuine	no
D_0002856442	genuine	0.999975	-0.0000	genuine	yes
D_0002856610	fake	0.101871	-2.2840	fake	yes
D_0002856694	genuine	0.994112	-0.0059	genuine	yes
D_0002856946	fake	0.016922	-4.0792	fake	yes
D_0002856988	fake	0.958052	-0.0429	genuine	no
D_0002857114	fake	0.976893	-0.0234	genuine	no
D_0002857177	genuine	0.000207	-8.4844	fake	no
D_0002857240	genuine	0.997909	-0.0021	genuine	yes
D_0002857345	fake	0.007032	-4.9573	fake	yes
D_0002857387	fake	0.816194	-0.2031	genuine	no
D_0002857576	fake	0.206510	-1.5774	fake	yes
D_0002857681	fake	0.990298	-0.0097	genuine	no
D_0002857765	genuine	0.999660	-0.0003	genuine	yes
D_0002858080	fake	0.865430	-0.1445	genuine	no
D_0002858143	genuine	0.087682	-2.4340	fake	no
D_0002858248	fake	0.997617	-0.0024	genuine	no
D_0002858290	genuine	0.940143	-0.0617	genuine	yes
D_0002858374	genuine	1.000000	-0.0000	genuine	yes
D_0002858395	fake	0.001003	-6.9051	fake	yes
D_0002858605	fake	0.019272	-3.9491	fake	yes
D_0002858794	fake	0.028081	-3.5727	fake	yes
D_0002858899	fake	0.023010	-3.7718	fake	yes
D_0002859109	fake	0.155312	-1.8623	fake	yes
D_0002859571	fake	0.159544	-1.8354	fake	yes
D_0002859613	fake	0.047141	-3.0546	fake	yes
D_0002859634	fake	0.012070	-4.4170	fake	yes
D_0002859697	genuine	0.999923	-0.0001	genuine	yes
D_0002859739	genuine	1.000000	-0.0000	genuine	yes
D_0002859760	fake	0.002757	-5.8935	fake	yes
D_0002859802	fake	0.998816	-0.0012	genuine	no
D_0002859928	fake	0.345069	-1.0640	fake	yes
D_0002860033	fake	0.917516	-0.0861	genuine	no
D_0002860117	fake	0.270411	-1.3078	fake	yes
D_0002860243	fake	0.001593	-6.4421	fake	yes
D_0002860306	fake	0.072382	-2.6258	fake	yes
D_0002860495	fake	0.782976	-0.2447	genuine	no
D_0002860558	fake	0.223302	-1.4992	fake	yes
D_0002860600	fake	0.000871	-7.0458	fake	yes
D_0002860705	fake	0.345828	-1.0618	fake	yes
D_0002860852	fake	0.624855	-0.4702	genuine	no
D_0002860936	fake	0.748294	-0.2900	genuine	no
D_0002861209	fake	0.011165	-4.4950	fake	yes
D_0002861377	fake	0.999726	-0.0003	genuine	no
D_0002861440	fake	0.071731	-2.6348	fake	yes
D_0002861671	fake	0.000330	-8.0167	fake	yes
D_0002861776	fake	0.896834	-0.1089	genuine	no
D_0002861860	fake	0.275287	-1.2899	fake	yes
D_0002862322	fake	0.003428	-5.6758	fake	yes
D_0002862532	fake	0.597927	-0.5143	genuine	no
D_0002862637	fake	0.035621	-3.3348	fake	yes
D_0002862658	fake	0.058041	-2.8466	fake	yes
D_0002862679	fake	0.644295	-0.4396	genuine	no
D_0002862721	fake	0.206886	-1.5756	fake	yes
D_0002862763	genuine	0.999990	-0.0000	genuine	yes
D_0002862805	genuine	0.890924	-0.1155	genuine	yes
D_0002862889	fake	0.029584	-3.5205	fake	yes
D_0002863078	fake	0.001879	-6.2772	fake	yes
D_0002863645	fake	0.003523	-5.6484	fake	yes
D_0002863666	fake	0.997874	-0.0021	genuine	no
D_0002863939	fake	0.784336	-0.2429	genuine	no
D_0002863981	fake	0.236413	-1.4422	fake	yes
D_0002864002	genuine	1.000000	-0.0000	genuine	yes
D_0002864044	fake	0.005874	-5.1373	fake	yes
D_0002864191	fake	0.000128	-8.9657	fake	yes
D_0002864359	fake	0.049755	-3.0007	fake	yes
D_0002864380	fake	0.000048	-9.9409	fake	yes
D_0002864590	genuine	0.999923	-0.0001	genuine	yes
D_0002864632	fake	0.011280	-4.4848	fake	yes
D_0002864800	genuine	0.999992	-0.0000	genuine	yes
D_0002864863	fake	0.000392	-7.8447	fake	yes
D_0002864968	fake	0.119059	-2.1281	fake	yes
D_0002865031	fake	0.086800	-2.4441	fake	yes
D_0002865115	fake	0.367316	-1.0015	fake	yes
D_0002865157	genuine	0.791252	-0.2341	genuine	yes
D_0002865262	fake	0.008742	-4.7396	fake	yes
D_0002865304	fake	0.012229	-4.4039	fake	yes
D_0002865388	fake	0.084107	-2.4757	fake	yes
D_0002865430	fake	0.079617	-2.5305	fake	yes
D_0002865472	genuine	0.993670	-0.0064	genuine	yes
D_0002865535	fake	0.002488	-5.9962	fake	yes
D_0002865703	fake	0.091725	-2.3890	fake	yes
D_0002865850	fake	0.984219	-0.0159	genuine	no
D_0002865871	genuine	1.000000	-0.0000	genuine	yes
D_0002865892	fake	0.000015	-11.1219	fake	yes
D_0002865934	genuine	0.549031	-0.5996	genuine	yes
D_0002865955	fake	0.001447	-6.5383	fake	yes
D_0002866039	fake	0.967341	-0.0332	genuine	no
D_0002866123	fake	0.003300	-5.7137	fake	yes
D_0002866144	genuine	0.999998	-0.0000	genuine	yes
D_0002866501	genuine	0.025480	-3.6698	fake	no
D_0002866543	fake	0.114860	-2.1640	fake	yes
D_0002866627	fake	0.806108	-0.2155	genuine	no
D_0002866774	fake	0.990718	-0.0093	genuine	no
D_0002866879	fake	0.016169	-4.1246	fake	yes
D_0002866963	fake	0.986068	-0.0140	genuine	no
D_0002867110	fake	0.469673	-0.7557	fake	yes
D_0002867152	fake	0.000430	-7.7522	fake	yes
D_0002867173	fake	0.102150	-2.2813	fake	yes
D_0002867257	fake	0.989160	-0.0109	genuine	no
D_0002867299	fake	0.063199	-2.7615	fake	yes
D_0002867362	fake	0.026177	-3.6429	fake	yes
D_0002867404	fake	0.027270	-3.6020	fake	yes
D_0002867446	fake	0.003668	-5.6082	fake	yes
D_0002867467	fake	0.999854	-0.0001	genuine	no
D_0002867488	fake	0.000911	-7.0011	fake	yes
D_0002867614	fake	0.596473	-0.5167	genuine	no
D_0002867635	genuine	0.882948	-0.1245	genuine	yes
D_0002867698	fake	0.000356	-7.9413	fake	yes
D_0002867761	fake	0.338447	-1.0834	fake	yes
D_0002867803	fake	0.066267	-2.7141	fake	yes
D_0002867866	fake	0.998946	-0.0011	genuine	no
D_0002867971	fake	0.414548	-0.8806	fake	yes
D_0002867992	fake	0.028583	-3.5549	fake	yes
D_0002868286	genuine	0.998254	-0.0017	genuine	yes
D_0002868349	fake	0.000342	-7.9793	fake	yes
D_0002868475	genuine	0.998905	-0.0011	genuine	yes
D_0002868622	fake	0.549744	-0.5983	genuine	no
D_0002868811	fake	0.958774	-0.0421	genuine	no
D_0002868916	fake	0.284771	-1.2561	fake	yes
D_0002868937	fake	0.563798	-0.5731	genuine	no
D_0002869000	fake	0.429188	-0.8459	fake	yes
D_0002869021	fake	0.221511	-1.5073	fake	yes
D_0002869042	genuine	0.999931	-0.0001	genuine	yes
D_0002869084	fake	0.000786	-7.1491	fake	yes
D_0002869105	fake	0.032957	-3.4125	fake	yes
D_0002869189	fake	0.212899	-1.5469	fake	yes
D_0002869231	genuine	0.011397	-4.4744	fake	no
D_0002869252	fake	0.774553	-0.2555	genuine	no
D_0002869525	fake	0.000535	-7.5334	fake	yes
D_0002869630	fake	0.062407	-2.7741	fake	yes
D_0002869819	genuine	0.932170	-0.0702	genuine	yes
D_0002869861	fake	0.993305	-0.0067	genuine	no
D_0002869882	genuine	0.072657	-2.6220	fake	no
D_0002869966	fake	0.045526	-3.0895	fake	yes
D_0002870029	fake	0.006084	-5.1021	fake	yes
D_0002870050	fake	0.024586	-3.7056	fake	yes
D_0002870176	fake	0.219925	-1.5145	fake	yes
D_0002870302	fake	0.032337	-3.4315	fake	yes
D_0002870323	fake	0.337452	-1.0863	fake	yes
D_0002870344	fake	0.289396	-1.2400	fake	yes
D_0002870386	fake	0.087320	-2.4382	fake	yes
D_0002870596	fake	0.993879	-0.0061	genuine	no
D_0002870617	fake	0.029213	-3.5332	fake	yes
D_0002870680	fake	0.760190	-0.2742	genuine	no
D_0002870806	fake	0.466109	-0.7633	fake	yes
D_0002870890	fake	0.139072	-1.9728	fake	yes
D_0002870953	fake	0.000005	-12.2729	fake	yes
D_0002871037	fake	0.076082	-2.5759	fake	yes
D_0002871100	fake	0.011735	-4.4452	fake	yes
D_0002871205	fake	0.001795	-6.3230	fake	yes
D_0002871289	fake	0.673272	-0.3956	genuine	no
D_0002871310	fake	0.132011	-2.0249	fake	yes
D_0002871331	genuine	0.999999	-0.0000	genuine	yes
D_0002871415	genuine	0.011337	-4.4797	fake	no
D_0002871436	fake	0.903542	-0.1014	genuine	no
D_0002871457	fake	0.153762	-1.8723	fake	yes
D_0002871541	fake	0.054095	-2.9170	fake	yes
D_0002871625	genuine	0.999993	-0.0000	genuine	yes
D_0002871646	genuine	1.000000	0.0000	genuine	yes
D_0002871856	genuine	0.999996	-0.0000	genuine	yes
D_0002871877	fake	0.693101	-0.3666	genuine	no
D_0002872003	fake	0.000356	-7.9413	fake	yes
D_0002872045	fake	0.048292	-3.0305	fake	yes
D_0002872339	fake	0.052372	-2.9494	fake	yes
D_0002872507	fake	0.069826	-2.6617	fake	yes
D_0002872591	fake	0.108424	-2.2217	fake	yes
D_0002872654	fake	0.901161	-0.1041	genuine	no
D_0002872738	fake	0.002115	-6.1589	fake	yes
D_0002872927	fake	0.455813	-0.7857	fake	yes
D_0002873074	fake	0.000353	-7.9499	fake	yes
D_0002873095	genuine	0.999749	-0.0003	genuine	yes
D_0002873158	fake	0.149142	-1.9029	fake	yes
D_0002873200	fake	0.803237	-0.2191	genuine	no
D_0002873305	fake	0.039571	-3.2297	fake	yes
D_0002873368	fake	0.000067	-9.6034	fake	yes
D_0002873452	fake	0.982088	-0.0181	genuine	no
D_0002873683	fake	0.000058	-9.7530	fake	yes
D_0002873830	fake	0.949412	-0.0519	genuine	no
D_0002873893	fake	0.076940	-2.5647	fake	yes
D_0002873956	fake	0.717743	-0.3316	genuine	no
D_0002873998	fake	0.002676	-5.9233	fake	yes
D_0002874124	fake	0.168127	-1.7830	fake	yes
D_0002874166	fake	0.431557	-0.8404	fake	yes
D_0002874208	fake	0.959932	-0.0409	genuine	no
D_0002874313	fake	0.009915	-4.6137	fake	yes
D_0002874334	fake	0.002134	-6.1498	fake	yes
D_0002874418	fake	0.018873	-3.9700	fake	yes
D_0002874439	fake	0.874906	-0.1336	genuine	no
D_0002874460	fake	0.185989	-1.6821	fake	yes
D_0002874523	genuine	0.872212	-0.1367	genuine	yes
D_0002874607	genuine	0.903126	-0.1019	genuine	yes
D_0002874796	fake	0.957885	-0.0430	genuine	no
D_0002874817	fake	0.916047	-0.0877	genuine	no
D_0002874838	fake	0.995084	-0.0049	genuine	no
D_0002874859	fake	0.042055	-3.1688	fake	yes
D_0002875006	fake	0.010267	-4.5788	fake	yes
D_0002875069	fake	0.053040	-2.9367	fake	yes
D_0002875132	fake	0.087291	-2.4385	fake	yes
D_0002875195	genuine	1.000000	0.0000	genuine	yes
D_0002875237	genuine	0.999989	-0.0000	genuine	yes
D_0002875279	fake	0.020098	-3.9071	fake	yes
D_0002875321	genuine	1.000000	-0.0000	genuine	yes
D_0002875426	fake	0.402872	-0.9091	fake	yes
D_0002875930	fake	0.738518	-0.3031	genuine	no
D_0002875972	fake	0.006017	-5.1132	fake	yes
D_0002876014	genuine	0.999993	-0.0000	genuine	yes
D_0002876203	genuine	0.867128	-0.1426	genuine	yes
D_0002876581	fake	0.043032	-3.1458	fake	yes
D_0002876602	fake	0.926038	-0.0768	genuine	no
D_0002876770	genuine	1.000000	-0.0000	genuine	yes
D_0002876833	fake	0.925797	-0.0771	genuine	no
D_0002876875	fake	0.072970	-2.6177	fake	yes
D_0002876980	genuine	0.999608	-0.0004	genuine	yes
D_0002877085	fake	0.055456	-2.8922	fake	yes
D_0002877253	fake	0.981162	-0.0190	genuine	no
D_0002877442	fake	0.020026	-3.9107	fake	yes
D_0002877631	fake	0.996463	-0.0035	genuine	no
D_0002877841	fake	0.942423	-0.0593	genuine	no
D_0002877883	fake	0.602975	-0.5059	genuine	no
D_0002877904	fake	0.002876	-5.8515	fake	yes
D_0002877967	fake	0.001679	-6.3894	fake	yes
D_0002878114	fake	0.993776	-0.0062	genuine	no
D_0002878198	fake	0.000278	-8.1872	fake	yes
D_0002878219	fake	0.062911	-2.7660	fake	yes
D_0002878261	fake	0.846293	-0.1669	genuine	no
D_0002878429	fake	0.793226	-0.2316	genuine	no
D_0002878492	genuine	0.999997	-0.0000	genuine	yes
D_0002878555	fake	0.001259	-6.6773	fake	yes
D_0002878576	fake	0.485648	-0.7223	fake	yes
D_0002878597	fake	0.045156	-3.0976	fake	yes
D_0002878618	fake	0.207889	-1.5708	fake	yes
D_0002878702	genuine	0.023311	-3.7588	fake	no
D_0002878765	fake	0.282883	-1.2627	fake	yes
D_0002879038	genuine	0.999281	-0.0007	genuine	yes
D_0002879080	fake	0.974801	-0.0255	genuine	no
D_0002879374	fake	0.566222	-0.5688	genuine	no
D_0002879395	genuine	0.995759	-0.0043	genuine	yes
D_0002879500	fake	0.139447	-1.9701	fake	yes
D_0002879605	fake	0.003933	-5.5385	fake	yes
D_0002879668	fake	0.006059	-5.1062	fake	yes
D_0002880004	fake	0.372148	-0.9885	fake	yes
D_0002880151	genuine	0.999995	-0.0000	genuine	yes
D_0002880193	fake	0.997217	-0.0028	genuine	no
D_0002880235	fake	0.139934	-1.9666	fake	yes
D_0002880277	fake	0.050148	-2.9928	fake	yes
D_0002880319	fake	0.748695	-0.2894	genuine	no
D_0002880466	genuine	0.999964	-0.0000	genuine	yes
D_0002880739	fake	0.245617	-1.4040	fake	yes
D_0002880844	genuine	1.000000	-0.0000	genuine	yes
D_0002880949	fake	0.011390	-4.4750	fake	yes
D_0002881033	genuine	0.990012	-0.0100	genuine	yes
D_0002881075	genuine	0.999983	-0.0000	genuine	yes
D_0002881096	fake	0.268369	-1.3154	fake	yes
D_0002881180	fake	0.069720	-2.6633	fake	yes
D_0002881264	fake	0.975837	-0.0245	genuine	no
D_0002881327	genuine	0.730856	-0.3135	genuine	yes
D_0002881369	genuine	0.707206	-0.3464	genuine	yes
D_0002881411	fake	0.244065	-1.4103	fake	yes
D_0002881516	genuine	0.999999	-0.0000	genuine	yes
D_0002881558	genuine	0.008401	-4.7795	fake	no
D_0002881663	fake	0.020468	-3.8889	fake	yes
D_0002881894	genuine	0.161229	-1.8249	fake	no
D_0002882020	fake	0.021830	-3.8245	fake	yes
D_0002882608	fake	0.999668	-0.0003	genuine	no
D_0002882650	fake	0.001083	-6.8277	fake	yes
D_0002882692	fake	0.522737	-0.6487	genuine	no
D_0002882713	fake	0.960287	-0.0405	genuine	no
D_0002882839	fake	0.975444	-0.0249	genuine	no
D_0002882881	fake	0.023859	-3.7356	fake	yes
D_0002882902	fake	0.004884	-5.3218	fake	yes
D_0002883091	fake	0.999063	-0.0009	genuine	no
D_0002883217	fake	0.545286	-0.6064	genuine	no
D_0002883238	fake	0.033669	-3.3912	fake	yes
D_0002883742	fake	0.370411	-0.9931	fake	yes
D_0002883763	genuine	0.999975	-0.0000	genuine	yes
D_0002883889	fake	0.453560	-0.7906	fake	yes
D_0002884036	fake	0.668948	-0.4020	genuine	no
D_0002884267	fake	0.196814	-1.6255	fake	yes
D_0002884288	genuine	0.999830	-0.0002	genuine	yes
D_0002884456	fake	0.022956	-3.7742	fake	yes
D_0002884477	fake	0.828959	-0.1876	genuine	no
D_0002884540	fake	0.995945	-0.0041	genuine	no
D_0002884687	fake	0.623823	-0.4719	genuine	no
D_0002884750	fake	0.942362	-0.0594	genuine	no
D_0002884771	fake	0.409947	-0.8917	fake	yes
D_0002884834	fake	0.048357	-3.0291	fake	yes
D_0002884897	fake	0.876662	-0.1316	genuine	no
D_0002884939	genuine	0.000299	-8.1151	fake	no
D_0002885086	fake	0.640058	-0.4462	genuine	no
D_0002885296	fake	0.411093	-0.8889	fake	yes
D_0002885380	genuine	1.000000	0.0000	genuine	yes
D_0002885464	fake	0.000277	-8.1911	fake	yes
D_0002885506	fake	0.776176	-0.2534	genuine	no
D_0002885527	fake	0.056375	-2.8757	fake	yes
D_0002885569	fake	0.796972	-0.2269	genuine	no
D_0002885611	fake	0.061917	-2.7820	fake	yes
D_0002885716	fake	0.000322	-8.0413	fake	yes
D_0002885737	fake	0.036154	-3.3200	fake	yes
D_0002885758	genuine	0.949643	-0.0517	genuine	yes
D_0002885779	fake	0.013360	-4.3155	fake	yes
D_0002885800	genuine	0.132726	-2.0195	fake	no
D_0002885821	fake	0.034504	-3.3667	fake	yes
D_0002885947	fake	0.742540	-0.2977	genuine	no
D_0002885968	fake	0.004185	-5.4763	fake	yes
D_0002886010	fake	0.691655	-0.3687	genuine	no
D_0002886115	fake	0.002022	-6.2035	fake	yes
D_0002886136	fake	0.000041	-10.0999	fake	yes
D_0002886283	fake	0.985200	-0.0149	genuine	no
D_0002886409	fake	0.999726	-0.0003	genuine	no
D_0002886577	fake	0.624425	-0.4709	genuine	no
D_0002886703	fake	0.681187	-0.3839	genuine	no
D_0002886724	genuine	0.999971	-0.0000	genuine	yes
D_0002887018	fake	0.973321	-0.0270	genuine	no
D_0002887165	fake	0.443440	-0.8132	fake	yes
D_0002887291	fake	0.005436	-5.2147	fake	yes
D_0002887312	fake	0.553200	-0.5920	genuine	no
D_0002887375	fake	0.006173	-5.0875	fake	yes
D_0002887417	fake	0.022755	-3.7830	fake	yes
D_0002887606	genuine	0.999998	-0.0000	genuine	yes
D_0002887816	fake	0.815808	-0.2036	genuine	no
D_0002887942	genuine	0.999998	-0.0000	genuine	yes
D_0002887984	fake	0.319484	-1.1410	fake	yes
D_0002888089	fake	0.000168	-8.6903	fake	yes
D_0002888131	fake	0.000751	-7.1935	fake	yes
D_0002888299	genuine	0.270377	-1.3079	fake	no
D_0002888320	fake	0.944875	-0.0567	genuine	no
D_0002888383	fake	0.851299	-0.1610	genuine	no
D_0002888404	genuine	0.020398	-3.8923	fake	no
D_0002888908	fake	0.475553	-0.7433	fake	yes
D_0002888929	genuine	0.999297	-0.0007	genuine	yes
D_0002888992	fake	0.998220	-0.0018	genuine	no
D_0002889118	fake	0.004809	-5.3374	fake	yes
D_0002889265	fake	0.010107	-4.5945	fake	yes
D_0002889454	fake	0.462529	-0.7710	fake	yes
D_0002889517	genuine	0.451928	-0.7942	fake	no
D_0002889559	fake	0.128167	-2.0544	fake	yes
D_0002889769	fake	0.125506	-2.0754	fake	yes
D_0002889895	fake	0.538510	-0.6189	genuine	no
D_0002890063	fake	0.516679	-0.6603	genuine	no
D_0002890105	fake	0.411687	-0.8875	fake	yes
D_0002890147	genuine	0.835908	-0.1792	genuine	yes
D_0002890210	genuine	0.031213	-3.4669	fake	no
D_0002890336	fake	0.006902	-4.9759	fake	yes
D_0002890357	fake	0.002378	-6.0414	fake	yes
D_0002890483	fake	0.995817	-0.0042	genuine	no
D_0002890525	fake	0.967066	-0.0335	genuine	no
D_0002890651	fake	0.001923	-6.2538	fake	yes
D_0002890882	fake	0.504188	-0.6848	genuine	no
D_0002891113	fake	0.002980	-5.8158	fake	yes
D_0002891491	fake	0.000338	-7.9913	fake	yes
D_0002891554	fake	0.235122	-1.4477	fake	yes
D_0002891617	fake	0.991326	-0.0087	genuine	no
D_0002891638	genuine	0.999932	-0.0001	genuine	yes
D_0002891743	fake	0.002464	-6.0060	fake	yes
D_0002891764	genuine	0.999879	-0.0001	genuine	yes
D_0002891869	fake	0.474161	-0.7462	fake	yes
D_0002891911	fake	0.104000	-2.2634	fake	yes
D_0002892121	fake	0.114473	-2.1674	fake	yes
D_0002892205	fake	0.007964	-4.8328	fake	yes
D_0002892226	fake	0.081675	-2.5050	fake	yes
D_0002892373	fake	0.000176	-8.6473	fake	yes
D_0002892457	fake	0.582538	-0.5404	genuine	no
D_0002892520	fake	0.004526	-5.3979	fake	yes
D_0002892856	fake	0.668172	-0.4032	genuine	no
D_0002892877	genuine	0.999981	-0.0000	genuine	yes
D_0002892940	genuine	0.988605	-0.0115	genuine	yes
D_0002893213	fake	0.000278	-8.1896	fake	yes
D_0002893339	fake	0.389483	-0.9429	fake	yes
D_0002893486	fake	0.397636	-0.9222	fake	yes
D_0002893570	fake	0.000436	-7.7387	fake	yes
D_0002893633	fake	0.424120	-0.8577	fake	yes
D_0002893738	fake	0.002236	-6.1031	fake	yes
D_0002893759	fake	0.659406	-0.4164	genuine	no
D_0002893843	fake	0.334710	-1.0945	fake	yes
D_0002893885	fake	0.062656	-2.7701	fake	yes
D_0002893927	genuine	0.023305	-3.7591	fake	no
D_0002894074	fake	0.000128	-8.9602	fake	yes
D_0002894095	fake	0.587106	-0.5325	genuine	no
D_0002894179	fake	0.962156	-0.0386	genuine	no
D_0002894263	fake	0.826339	-0.1908	genuine	no
D_0002894368	genuine	0.333784	-1.0973	fake	no
D_0002894599	fake	0.058876	-2.8323	fake	yes
D_0002894725	fake	0.006532	-5.0310	fake	yes
D_0002894809	fake	0.005822	-5.1462	fake	yes
D_0002894830	fake	0.015566	-4.1626	fake	yes
D_0002894893	fake	0.027228	-3.6035	fake	yes
D_0002894998	fake	0.002141	-6.1465	fake	yes
D_0002895166	genuine	1.000000	-0.0000	genuine	yes
D_0002895250	fake	0.999302	-0.0007	genuine	no
D_0002895439	fake	0.938002	-0.0640	genuine	no
D_0002895481	fake	0.002321	-6.0659	fake	yes
D_0002895502	fake	0.335907	-1.0909	fake	yes
D_0002895670	genuine	0.988705	-0.0114	genuine	yes
D_0002895817	genuine	0.989430	-0.0106	genuine	yes
D_0002895838	genuine	0.000070	-9.5659	fake	no
D_0002895943	genuine	0.997931	-0.0021	genuine	yes
D_0002896006	fake	0.060612	-2.8033	fake	yes
D_0002896069	genuine	0.998315	-0.0017	genuine	yes
D_0002896132	fake	0.028908	-3.5436	fake	yes
D_0002896195	fake	0.007378	-4.9092	fake	yes
D_0002896300	fake	0.142711	-1.9469	fake	yes
D_0002896321	fake	0.021606	-3.8348	fake	yes
D_0002896363	fake	0.562371	-0.5756	genuine	no
D_0002896489	fake	0.096249	-2.3408	fake	yes
D_0002896762	fake	0.351549	-1.0454	fake	yes
D_0002896888	fake	0.006946	-4.9696	fake	yes
D_0002896909	genuine	0.906313	-0.0984	genuine	yes
D_0002897056	fake	0.955599	-0.0454	genuine	no
D_0002897140	fake	0.677786	-0.3889	genuine	no
D_0002897161	fake	0.000002	-13.1166	fake	yes
D_0002897182	genuine	0.767095	-0.2651	genuine	yes
D_0002897350	fake	0.002812	-5.8740	fake	yes
D_0002897434	fake	0.225694	-1.4886	fake	yes
D_0002897476	fake	0.001200	-6.7254	fake	yes
D_0002897518	genuine	0.999684	-0.0003	genuine	yes
D_0002897581	fake	0.029845	-3.5118	fake	yes
D_0002897623	fake	0.023515	-3.7501	fake	yes
D_0002897770	genuine	0.850370	-0.1621	genuine	yes
D_0002898001	fake	0.000146	-8.8328	fake	yes
D_0002898064	fake	0.947995	-0.0534	genuine	no
D_0002898232	fake	0.292316	-1.2299	fake	yes
D_0002898253	fake	0.003584	-5.6313	fake	yes
D_0002898400	fake	0.082120	-2.4996	fake	yes
D_0002898484	fake	0.966398	-0.0342	genuine	no
D_0002898610	fake	0.009391	-4.6681	fake	yes
D_0002898652	fake	0.851690	-0.1605	genuine	no
D_0002898715	fake	0.005587	-5.1873	fake	yes
D_0002898736	fake	0.844513	-0.1690	genuine	no
D_0002898757	fake	0.000308	-8.0844	fake	yes
D_0002898820	fake	0.015094	-4.1935	fake	yes
D_0002898841	genuine	0.092246	-2.3833	fake	no
D_0002898883	genuine	0.999393	-0.0006	genuine	yes
D_0002898925	fake	0.012622	-4.3723	fake	yes
D_0002899345	fake	0.861153	-0.1495	genuine	no
D_0002899366	fake	0.048775	-3.0205	fake	yes
D_0002899408	genuine	0.857751	-0.1534	genuine	yes
D_0002899492	fake	0.315186	-1.1546	fake	yes
D_0002899513	fake	0.083219	-2.4863	fake	yes
D_0002899639	fake	0.063528	-2.7563	fake	yes
D_0002899702	fake	0.999323	-0.0007	genuine	no
D_0002899744	fake	0.056306	-2.8769	fake	yes
D_0002899996	fake	0.186470	-1.6795	fake	yes
D_0002900059	genuine	0.999932	-0.0001	genuine	yes
D_0002900206	fake	0.000281	-8.1762	fake	yes
D_0002900269	fake	0.776975	-0.2523	genuine	no
D_0002900416	genuine	0.999999	-0.0000	genuine	yes
D_0002900500	fake	0.000002	-13.2047	fake	yes
D_0002900542	fake	0.893472	-0.1126	genuine	no
D_0002900731	fake	0.182954	-1.6985	fake	yes
D_0002900752	fake	0.000595	-7.4270	fake	yes
D_0002900773	fake	0.559278	-0.5811	genuine	no
D_0002900815	fake	0.673570	-0.3952	genuine	no
D_0002900857	fake	0.791662	-0.2336	genuine	no
D_0002900899	fake	0.017594	-4.0402	fake	yes
D_0002901004	fake	0.000935	-6.9746	fake	yes
D_0002901109	genuine	0.999868	-0.0001	genuine	yes
D_0002901277	genuine	0.002687	-5.9192	fake	no
D_0002901298	genuine	0.999852	-0.0001	genuine	yes
D_0002901361	fake	0.902445	-0.1026	genuine	no
D_0002901382	fake	0.019400	-3.9425	fake	yes
D_0002901571	fake	0.685862	-0.3771	genuine	no
D_0002901655	fake	0.342475	-1.0716	fake	yes
D_0002901760	genuine	0.010470	-4.5592	fake	no
D_0002901844	fake	0.930731	-0.0718	genuine	no
D_0002901865	fake	0.564585	-0.5717	genuine	no
D_0002901886	fake	0.974209	-0.0261	genuine	no
D_0002901949	fake	0.068922	-2.6748	fake	yes
D_0002901970	fake	0.017832	-4.0267	fake	yes
D_0002902012	fake	0.006133	-5.0941	fake	yes
D_0002902201	genuine	0.000934	-6.9757	fake	no
D_0002902264	fake	0.887544	-0.1193	genuine	no
D_0002902474	fake	0.011191	-4.4926	fake	yes
D_0002902495	fake	0.000015	-11.1194	fake	yes
D_0002903020	fake	0.000964	-6.9446	fake	yes
D_0002903167	fake	0.326108	-1.1205	fake	yes
D_0002903188	fake	0.776041	-0.2535	genuine	no
D_0002903524	fake	0.640129	-0.4461	genuine	no
D_0002903587	fake	0.003370	-5.6929	fake	yes
D_0002903608	fake	0.421610	-0.8637	fake	yes
D_0002903671	fake	0.012978	-4.3445	fake	yes
D_0002903755	fake	0.082912	-2.4900	fake	yes
D_0002903776	fake	0.003197	-5.7456	fake	yes
D_0002904070	fake	0.001202	-6.7237	fake	yes
D_0002904280	genuine	0.999999	-0.0000	genuine	yes
D_0002904322	fake	0.025937	-3.6521	fake	yes
D_0002904406	fake	0.094644	-2.3576	fake	yes
D_0002904679	fake	0.085090	-2.4640	fake	yes
D_0002904721	fake	0.904773	-0.1001	genuine	no
D_0002904847	fake	0.068688	-2.6782	fake	yes
D_0002904910	fake	0.076321	-2.5728	fake	yes
D_0002905057	fake	0.970645	-0.0298	genuine	no
D_0002905120	genuine	0.999989	-0.0000	genuine	yes
D_0002905183	fake	0.161850	-1.8211	fake	yes
D_0002905309	fake	0.001754	-6.3456	fake	yes
D_0002905330	genuine	0.607681	-0.4981	genuine	yes
D_0002905540	fake	0.001761	-6.3416	fake	yes
D_0002905603	fake	0.015394	-4.1738	fake	yes
D_0002905708	genuine	0.582646	-0.5402	genuine	yes
D_0002905792	genuine	0.999940	-0.0001	genuine	yes
D_0002905813	genuine	0.941189	-0.0606	genuine	yes
D_0002905834	fake	0.012282	-4.3996	fake	yes
D_0002905918	fake	0.062427	-2.7738	fake	yes
D_0002905939	fake	0.497680	-0.6978	fake	yes
D_0002906065	fake	0.886555	-0.1204	genuine	no
D_0002906191	fake	0.113017	-2.1802	fake	yes
D_0002906296	fake	0.999706	-0.0003	genuine	no
D_0002906359	fake	0.000864	-7.0539	fake	yes
D_0002906443	fake	0.994685	-0.0053	genuine	no
D_0002906464	genuine	0.996085	-0.0039	genuine	yes
D_0002906758	fake	0.713043	-0.3382	genuine	no
D_0002906800	fake	0.012761	-4.3614	fake	yes
D_0002906884	fake	0.000438	-7.7336	fake	yes
D_0002907094	genuine	0.999994	-0.0000	genuine	yes
D_0002907178	genuine	0.733741	-0.3096	genuine	yes
D_0002907430	genuine	0.993977	-0.0060	genuine	yes
D_0002907556	fake	0.001006	-6.9018	fake	yes
D_0002907640	fake	0.126158	-2.0702	fake	yes
D_0002907703	fake	0.003567	-5.6359	fake	yes
D_0002907724	fake	0.062240	-2.7767	fake	yes
D_0002907745	genuine	0.999986	-0.0000	genuine	yes
D_0002907829	genuine	0.999840	-0.0002	genuine	yes
D_0002907871	fake	0.338844	-1.0822	fake	yes
D_0002907892	fake	0.330671	-1.1066	fake	yes
D_0002907955	genuine	0.973862	-0.0265	genuine	yes
D_0002907997	fake	0.878478	-0.1296	genuine	no
D_0002908060	fake	0.000513	-7.5759	fake	yes
D_0002908522	fake	0.400063	-0.9161	fake	yes
D_0002908795	fake	0.022846	-3.7790	fake	yes
D_0002908942	fake	0.000318	-8.0536	fake	yes
D_0002909047	fake	0.598241	-0.5138	genuine	no
D_0002909110	fake	0.371691	-0.9897	fake	yes
D_0002909173	fake	0.000613	-7.3974	fake	yes
D_0002909341	fake	0.876327	-0.1320	genuine	no
D_0002909404	fake	0.006452	-5.0433	fake	yes
D_0002909425	genuine	0.999993	-0.0000	genuine	yes
D_0002909509	fake	0.620232	-0.4777	genuine	no
D_0002909908	fake	0.400528	-0.9150	fake	yes
D_0002910160	fake	0.010919	-4.5172	fake	yes
D_0002910328	genuine	0.999985	-0.0000	genuine	yes
D_0002910349	fake	0.007565	-4.8842	fake	yes
D_0002910454	fake	0.328772	-1.1124	fake	yes
D_0002910580	fake	0.145336	-1.9287	fake	yes
D_0002910685	genuine	0.044881	-3.1037	fake	no
D_0002910832	fake	0.822607	-0.1953	genuine	no
D_0002910895	fake	0.404631	-0.9048	fake	yes
D_0002910937	fake	0.000577	-7.4582	fake	yes
D_0002910979	genuine	0.588662	-0.5299	genuine	yes
D_0002911000	fake	0.606992	-0.4992	genuine	no
D_0002911105	fake	0.899289	-0.1062	genuine	no
D_0002911126	genuine	0.035473	-3.3390	fake	no
D_0002911231	genuine	0.999952	-0.0000	genuine	yes
D_0002911294	fake	0.255988	-1.3626	fake	yes
D_0002911357	fake	0.000514	-7.5735	fake	yes
D_0002911378	fake	0.986101	-0.0140	genuine	no
D_0002911525	fake	0.903603	-0.1014	genuine	no
D_0002911945	fake	0.577206	-0.5496	genuine	no
D_0002912071	fake	0.005161	-5.2666	fake	yes
D_0002912092	fake	0.051524	-2.9657	fake	yes
D_0002912176	fake	0.142820	-1.9462	fake	yes
D_0002912218	fake	0.100675	-2.2959	fake	yes
D_0002912365	fake	0.995899	-0.0041	genuine	no
D_0002912407	genuine	0.973219	-0.0271	genuine	yes
D_0002912470	fake	0.529416	-0.6360	genuine	no
D_0002912617	fake	0.008639	-4.7515	fake	yes
D_0002912638	fake	0.048252	-3.0313	fake	yes
D_0002912848	genuine	0.768870	-0.2628	genuine	yes
D_0002912932	fake	0.374743	-0.9815	fake	yes
D_0002912953	genuine	0.110652	-2.2014	fake	no
D_0002912995	genuine	0.999891	-0.0001	genuine	yes
D_0002913121	fake	0.064231	-2.7453	fake	yes
D_0002913268	fake	0.943715	-0.0579	genuine	no
D_0002913394	fake	0.385218	-0.9539	fake	yes
D_0002913436	fake	0.040105	-3.2163	fake	yes
D_0002913478	genuine	0.999978	-0.0000	genuine	yes
D_0002913709	fake	0.000006	-11.9452	fake	yes
D_0002913772	fake	0.992032	-0.0080	genuine	no
D_0002913814	fake	0.008393	-4.7804	fake	yes
D_0002913877	fake	0.623240	-0.4728	genuine	no
D_0002913919	fake	0.910660	-0.0936	genuine	no
D_0002913961	fake	0.015110	-4.1924	fake	yes
D_0002914108	fake	0.033464	-3.3973	fake	yes
D_0002914150	genuine	0.008986	-4.7121	fake	no
D_0002914402	fake	0.014785	-4.2141	fake	yes
D_0002914423	fake	0.924199	-0.0788	genuine	no
D_0002914486	fake	0.814741	-0.2049	genuine	no
D_0002914549	genuine	0.919826	-0.0836	genuine	yes
D_0002914612	fake	0.247953	-1.3945	fake	yes
D_0002914654	fake	0.041458	-3.1831	fake	yes
D_0002914717	fake	0.043322	-3.1391	fake	yes
D_0002914948	genuine	0.999999	-0.0000	genuine	yes
D_0002915137	fake	0.411576	-0.8878	fake	yes
D_0002915200	fake	0.672806	-0.3963	genuine	no
D_0002915263	genuine	0.998548	-0.0015	genuine	yes
D_0002915410	fake	0.169891	-1.7726	fake	yes
D_0002915473	fake	0.290922	-1.2347	fake	yes
D_0002915599	fake	0.899512	-0.1059	genuine	no
D_0002915662	fake	0.000734	-7.2167	fake	yes
D_0002915683	fake	0.001179	-6.7431	fake	yes
D_0002915809	fake	0.009828	-4.6225	fake	yes
D_0002915851	fake	0.000488	-7.6255	fake	yes
D_0002915935	genuine	0.996620	-0.0034	genuine	yes
D_0002916187	fake	0.990353	-0.0097	genuine	no
D_0002916229	fake	0.112317	-2.1864	fake	yes
D_0002916586	fake	0.062596	-2.7711	fake	yes
D_0002916607	fake	0.337865	-1.0851	fake	yes
D_0002916628	fake	0.703407	-0.3518	genuine	no
D_0002916775	fake	0.228459	-1.4764	fake	yes
D_0002917006	fake	0.961236	-0.0395	genuine	no
D_0002917069	fake	0.030380	-3.4940	fake	yes
D_0002917090	fake	0.139036	-1.9730	fake	yes
D_0002917174	fake	0.000305	-8.0953	fake	yes
D_0002917279	genuine	0.003387	-5.6879	fake	no
D_0002917300	fake	0.959268	-0.0416	genuine	no
D_0002917363	fake	0.000011	-11.4350	fake	yes
D_0002917384	fake	0.000817	-7.1104	fake	yes
D_0002917678	fake	0.646218	-0.4366	genuine	no
D_0002917846	fake	0.999921	-0.0001	genuine	no
D_0002917867	fake	0.750165	-0.2875	genuine	no
D_0002918014	genuine	1.000000	0.0000	genuine	yes
D_0002918077	fake	0.066483	-2.7108	fake	yes
D_0002918203	fake	0.428081	-0.8484	fake	yes
D_0002918245	fake	0.045980	-3.0795	fake	yes
D_0002918623	fake	0.001404	-6.5683	fake	yes
D_0002918686	fake	0.000929	-6.9811	fake	yes
D_0002918812	genuine	0.022219	-3.8068	fake	no
D_0002918959	genuine	0.999979	-0.0000	genuine	yes
D_0002918980	fake	0.055742	-2.8870	fake	yes
D_0002919001	fake	0.001990	-6.2196	fake	yes
D_0002919190	fake	0.006722	-5.0024	fake	yes
D_0002919337	fake	0.940624	-0.0612	genuine	no
D_0002919358	fake	0.041924	-3.1719	fake	yes
D_0002919799	genuine	0.024831	-3.6957	fake	no
D_0002919988	fake	0.989860	-0.0102	genuine	no
D_0002920072	fake	0.141282	-1.9570	fake	yes
D_0002920093	fake	0.019066	-3.9598	fake	yes
D_0002920240	fake	0.977170	-0.0231	genuine	no
D_0002920471	fake	0.002084	-6.1736	fake	yes
D_0002920576	fake	0.167173	-1.7887	fake	yes
D_0002920660	fake	0.036804	-3.3022	fake	yes
D_0002920723	fake	0.040583	-3.2044	fake	yes
D_0002920744	fake	0.888845	-0.1178	genuine	no
D_0002920786	fake	0.002633	-5.9398	fake	yes
D_0002920849	fake	0.007726	-4.8631	fake	yes
D_0002920933	fake	0.989091	-0.0110	genuine	no
D_0002920996	genuine	0.996450	-0.0036	genuine	yes
D_0002921122	fake	0.008305	-4.7909	fake	yes
D_0002921164	fake	0.867364	-0.1423	genuine	no
D_0002921227	fake	0.880251	-0.1275	genuine	no
D_0002921458	fake	0.049095	-3.0140	fake	yes
D_0002921479	fake	0.000112	-9.0991	fake	yes
D_0002921542	fake	0.588250	-0.5306	genuine	no
D_0002921647	fake	0.950550	-0.0507	genuine	no
D_0002921668	fake	0.039265	-3.2374	fake	yes
D_0002922004	fake	0.135998	-1.9951	fake	yes
D_0002922046	fake	0.787517	-0.2389	genuine	no
D_0002922130	fake	0.983010	-0.0171	genuine	no
D_0002922172	fake	0.402853	-0.9092	fake	yes
D_0002922193	fake	0.266534	-1.3223	fake	yes
D_0002922592	genuine	0.006720	-5.0027	fake	no
D_0002922697	fake	0.517567	-0.6586	genuine	no
D_0002922865	fake	0.002361	-6.0486	fake	yes
D_0002923012	fake	0.129776	-2.0419	fake	yes
D_0002923075	fake	0.315988	-1.1521	fake	yes
D_0002923096	fake	0.004265	-5.4574	fake	yes
D_0002923180	fake	0.040870	-3.1974	fake	yes
D_0002923306	genuine	0.996053	-0.0040	genuine	yes
D_0002923495	fake	0.052459	-2.9477	fake	yes
D_0002923516	fake	0.001595	-6.4412	fake	yes
D_0002923600	fake	0.019136	-3.9562	fake	yes
D_0002923789	fake	0.000057	-9.7750	fake	yes
D_0002923894	fake	0.837072	-0.1778	genuine	no
D_0002924335	genuine	0.999990	-0.0000	genuine	yes
D_0002924545	fake	0.012417	-4.3887	fake	yes
D_0002924587	fake	0.098131	-2.3215	fake	yes
D_0002924608	fake	0.014193	-4.2550	fake	yes
D_0002924629	fake	0.994501	-0.0055	genuine	no
D_0002924776	fake	0.074165	-2.6015	fake	yes
D_0002924797	fake	0.032972	-3.4121	fake	yes
D_0002924881	fake	0.887230	-0.1197	genuine	no
D_0002925007	fake	0.000023	-10.6712	fake	yes
D_0002925112	fake	0.040556	-3.2051	fake	yes
D_0002925175	fake	0.003676	-5.6061	fake	yes
D_0002925238	fake	0.347010	-1.0584	fake	yes
D_0002925511	fake	0.096069	-2.3427	fake	yes
D_0002925553	genuine	0.987745	-0.0123	genuine	yes
D_0002925658	genuine	0.999998	-0.0000	genuine	yes
D_0002925868	fake	0.934393	-0.0679	genuine	no
D_0002925931	genuine	0.999966	-0.0000	genuine	yes
D_0002925994	fake	0.098745	-2.3152	fake	yes
D_0002926099	fake	0.996550	-0.0035	genuine	no
D_0002926246	fake	0.012900	-4.3505	fake	yes
D_0002926288	fake	0.004759	-5.3478	fake	yes
D_0002926330	fake	0.013928	-4.2739	fake	yes
D_0002926351	genuine	0.993305	-0.0067	genuine	yes
D_0002926519	fake	0.063278	-2.7602	fake	yes
D_0002926666	genuine	0.998990	-0.0010	genuine	yes
D_0002926855	genuine	0.203067	-1.5942	fake	no
D_0002926897	fake	0.003686	-5.6031	fake	yes
D_0002927086	fake	0.024112	-3.7250	fake	yes
D_0002927191	fake	0.984104	-0.0160	genuine	no
D_0002927464	genuine	0.999936	-0.0001	genuine	yes
D_0002927590	fake	0.979611	-0.0206	genuine	no
D_0002928115	fake	0.816692	-0.2025	genuine	no
D_0002928157	fake	0.999876	-0.0001	genuine	no
D_0002928241	fake	0.860485	-0.1503	genuine	no
D_0002928325	fake	0.972018	-0.0284	genuine	no
D_0002928346	fake	0.346422	-1.0601	fake	yes
D_0002928493	fake	0.019134	-3.9563	fake	yes
D_0002928556	genuine	0.997812	-0.0022	genuine	yes
D_0002928619	fake	0.978935	-0.0213	genuine	no
D_0002928703	fake	0.000661	-7.3210	fake	yes
D_0002928997	fake	0.037957	-3.2713	fake	yes
D_0002929039	fake	0.014635	-4.2244	fake	yes
D_0002929060	fake	0.000005	-12.2051	fake	yes
D_0002929165	fake	0.416886	-0.8749	fake	yes
D_0002929270	fake	0.779971	-0.2485	genuine	no
D_0002929333	fake	0.111409	-2.1945	fake	yes
D_0002929459	fake	0.795678	-0.2286	genuine	no
D_0002929501	fake	0.001822	-6.3079	fake	yes
D_0002929564	fake	0.006583	-5.0233	fake	yes
D_0002929879	fake	0.971283	-0.0291	genuine	no
D_0002930047	genuine	0.978078	-0.0222	genuine	yes
D_0002930089	fake	0.010700	-4.5375	fake	yes
D_0002930215	fake	0.706399	-0.3476	genuine	no
D_0002930341	fake	0.022572	-3.7910	fake	yes
D_0002930614	fake	0.019858	-3.9191	fake	yes
D_0002930740	genuine	0.999871	-0.0001	genuine	yes
D_0002930803	genuine	0.999674	-0.0003	genuine	yes
D_0002930824	genuine	0.997575	-0.0024	genuine	yes
D_0002930929	fake	0.044843	-3.1046	fake	yes
D_0002930950	genuine	0.999749	-0.0003	genuine	yes
D_0002930992	genuine	0.999999	-0.0000	genuine	yes
D_0002931013	fake	0.005647	-5.1767	fake	yes
D_0002931202	fake	0.006029	-5.1111	fake	yes
D_0002931328	genuine	0.895988	-0.1098	genuine	yes
D_0002931370	fake	0.003922	-5.5412	fake	yes
D_0002931433	fake	0.082712	-2.4924	fake	yes
D_0002931664	fake	0.621686	-0.4753	genuine	no
D_0002931811	fake	0.015614	-4.1596	fake	yes
D_0002931916	fake	0.636409	-0.4519	genuine	no
D_0002932252	fake	0.002627	-5.9421	fake	yes
D_0002932273	fake	0.003222	-5.7378	fake	yes
D_0002932294	genuine	0.999238	-0.0008	genuine	yes
D_0002932378	genuine	0.999998	-0.0000	genuine	yes
D_0002932483	fake	0.101886	-2.2839	fake	yes
D_0002932525	fake	0.002246	-6.0986	fake	yes
D_0002932588	fake	0.543376	-0.6100	genuine	no
D_0002932651	fake	0.919796	-0.0836	genuine	no
D_0002932735	genuine	0.288247	-1.2439	fake	no
D_0002932882	fake	0.002839	-5.8644	fake	yes
D_0002932903	fake	0.047626	-3.0444	fake	yes
D_0002932924	genuine	0.999930	-0.0001	genuine	yes
D_0002932966	fake	0.999747	-0.0003	genuine	no
D_0002933008	fake	0.127101	-2.0628	fake	yes
D_0002933050	genuine	1.000000	0.0000	genuine	yes
D_0002933113	genuine	0.522804	-0.6485	genuine	yes
D_0002933155	fake	0.011912	-4.4302	fake	yes
D_0002933176	fake	0.161374	-1.8240	fake	yes
D_0002933428	genuine	1.000000	0.0000	genuine	yes
D_0002933638	fake	0.828248	-0.1884	genuine	no
D_0002933659	genuine	0.999889	-0.0001	genuine	yes
D_0002933764	fake	0.024504	-3.7089	fake	yes
D_0002933890	fake	0.972127	-0.0283	genuine	no
D_0002933932	genuine	1.000000	0.0000	genuine	yes
D_0002934058	genuine	0.999845	-0.0002	genuine	yes
D_0002934079	fake	0.985827	-0.0143	genuine	no
D_0002934205	fake	0.000183	-8.6076	fake	yes
D_0002934562	genuine	0.945910	-0.0556	genuine	yes
D_0002934730	fake	0.005970	-5.1209	fake	yes
D_0002934877	fake	0.059329	-2.8247	fake	yes
D_0002935129	genuine	1.000000	0.0000	genuine	yes
D_0002935192	fake	0.000082	-9.4128	fake	yes
D_0002935297	fake	0.034171	-3.3764	fake	yes
D_0002935423	fake	0.669336	-0.4015	genuine	no
D_0002935633	fake	0.571563	-0.5594	genuine	no
D_0002935801	fake	0.025086	-3.6854	fake	yes
D_0002935843	fake	0.091904	-2.3870	fake	yes
D_0002935864	fake	0.001251	-6.6839	fake	yes
D_0002935906	fake	0.052335	-2.9501	fake	yes
D_0002935948	genuine	1.000000	-0.0000	genuine	yes
D_0002936116	fake	0.073374	-2.6122	fake	yes
D_0002936179	fake	0.997417	-0.0026	genuine	no
D_0002936263	fake	0.969510	-0.0310	genuine	no
D_0002936368	fake	0.837060	-0.1779	genuine	no
D_0002936389	genuine	0.781565	-0.2465	genuine	yes
D_0002936431	fake	0.000056	-9.7865	fake	yes
D_0002936494	genuine	0.999998	-0.0000	genuine	yes
D_0002936557	genuine	0.051648	-2.9633	fake	no
D_0002936578	genuine	0.918561	-0.0849	genuine	yes
D_0002936599	fake	0.084961	-2.4656	fake	yes
D_0002936683	fake	0.009893	-4.6159	fake	yes
D_0002936704	genuine	0.999897	-0.0001	genuine	yes
D_0002936746	genuine	0.877479	-0.1307	genuine	yes
D_0002936830	fake	0.978057	-0.0222	genuine	no
D_0002936872	fake	0.000871	-7.0461	fake	yes
D_0002936998	fake	0.003556	-5.6392	fake	yes
D_0002937103	fake	0.003062	-5.7888	fake	yes
D_0002937292	genuine	0.998912	-0.0011	genuine	yes
D_0002937334	fake	0.068474	-2.6813	fake	yes
D_0002937355	fake	0.150787	-1.8919	fake	yes
D_0002937439	genuine	0.999997	-0.0000	genuine	yes
D_0002937691	fake	0.000653	-7.3339	fake	yes
D_0002937964	fake	0.344525	-1.0656	fake	yes
D_0002938006	fake	0.286308	-1.2507	fake	yes
D_0002938132	fake	0.184552	-1.6898	fake	yes
D_0002938153	fake	0.045189	-3.0969	fake	yes
D_0002938237	fake	0.020141	-3.9050	fake	yes
D_0002938636	fake	0.999519	-0.0005	genuine	no
D_0002938720	fake	0.002537	-5.9768	fake	yes
D_0002939182	fake	0.007776	-4.8568	fake	yes
D_0002939245	genuine	0.476178	-0.7420	fake	no
D_0002939308	fake	0.020852	-3.8703	fake	yes
D_0002939350	fake	0.000000	-16.2799	fake	yes
D_0002939434	fake	0.003824	-5.5664	fake	yes
D_0002939455	genuine	0.994900	-0.0051	genuine	yes
D_0002939581	fake	0.520451	-0.6531	genuine	no
D_0002939644	fake	0.007237	-4.9285	fake	yes
D_0002939665	genuine	0.999972	-0.0000	genuine	yes
D_0002939686	fake	0.994700	-0.0053	genuine	no
D_0002939833	fake	0.102290	-2.2799	fake	yes
D_0002939938	fake	0.008775	-4.7359	fake	yes
D_0002939959	fake	0.034602	-3.3638	fake	yes
D_0002940106	fake	0.000017	-10.9950	fake	yes
D_0002940274	fake	0.687460	-0.3748	genuine	no
D_0002940316	fake	0.769966	-0.2614	genuine	no
D_0002940358	fake	0.001318	-6.6318	fake	yes
D_0002940463	fake	0.999091	-0.0009	genuine	no
D_0002940484	fake	0.000127	-8.9738	fake	yes
D_0002940568	fake	0.410946	-0.8893	fake	yes
D_0002940715	genuine	0.141815	-1.9532	fake	no
D_0002940736	fake	0.031194	-3.4675	fake	yes
D_0002940820	genuine	0.999175	-0.0008	genuine	yes
D_0002940862	fake	0.373373	-0.9852	fake	yes
D_0002940967	fake	0.001333	-6.6204	fake	yes
D_0002941093	genuine	0.999997	-0.0000	genuine	yes
D_0002941114	fake	0.736784	-0.3055	genuine	no
D_0002941135	fake	0.002380	-6.0406	fake	yes
D_0002941198	fake	0.000130	-8.9484	fake	yes
D_0002941303	fake	0.068574	-2.6798	fake	yes
D_0002941324	fake	0.775346	-0.2544	genuine	no
D_0002941618	genuine	0.999780	-0.0002	genuine	yes
D_0002941891	fake	0.067766	-2.6917	fake	yes
D_0002942122	fake	0.932611	-0.0698	genuine	no
D_0002942395	fake	0.000028	-10.4769	fake	yes
D_0002942479	fake	0.068977	-2.6740	fake	yes
D_0002942605	genuine	0.999734	-0.0003	genuine	yes
D_0002942647	fake	0.048450	-3.0272	fake	yes
D_0002942773	fake	0.018055	-4.0144	fake	yes
D_0002942920	fake	0.008390	-4.7807	fake	yes
D_0002942941	fake	0.395577	-0.9274	fake	yes
D_0002942962	fake	0.350932	-1.0472	fake	yes
D_0002943004	fake	0.093789	-2.3667	fake	yes
D_0002943025	fake	0.533238	-0.6288	genuine	no
D_0002943067	fake	0.980600	-0.0196	genuine	no
D_0002943109	genuine	0.999196	-0.0008	genuine	yes
D_0002943319	genuine	0.999972	-0.0000	genuine	yes
D_0002943445	genuine	0.999998	-0.0000	genuine	yes
D_0002943928	fake	0.023892	-3.7342	fake	yes
D_0002943949	fake	0.778898	-0.2499	genuine	no
D_0002944012	fake	0.472272	-0.7502	fake	yes
D_0002944096	fake	0.963138	-0.0376	genuine	no
D_0002944222	fake	0.127158	-2.0623	fake	yes
D_0002944348	fake	0.000508	-7.5858	fake	yes
D_0002944453	fake	0.000926	-6.9851	fake	yes
D_0002944642	fake	0.017758	-4.0309	fake	yes
D_0002944747	genuine	0.999987	-0.0000	genuine	yes
D_0002944768	fake	0.212784	-1.5475	fake	yes
D_0002944852	genuine	0.994745	-0.0053	genuine	yes
D_0002944915	fake	0.008478	-4.7702	fake	yes
D_0002944936	fake	0.180024	-1.7147	fake	yes
D_0002944978	fake	0.014663	-4.2224	fake	yes
D_0002945503	fake	0.347159	-1.0580	fake	yes
D_0002945734	fake	0.042513	-3.1580	fake	yes
D_0002945797	fake	0.000016	-11.0628	fake	yes
D_0002945860	fake	0.364010	-1.0106	fake	yes
D_0002946007	fake	0.001090	-6.8217	fake	yes
D_0002946154	fake	0.041583	-3.1801	fake	yes
D_0002946217	fake	0.395885	-0.9266	fake	yes
D_0002946364	fake	0.957340	-0.0436	genuine	no
D_0002946385	fake	0.000066	-9.6230	fake	yes
D_0002946511	fake	0.893546	-0.1126	genuine	no
D_0002946532	genuine	0.998049	-0.0020	genuine	yes
D_0002946679	fake	0.009405	-4.6665	fake	yes
D_0002947183	fake	0.943623	-0.0580	genuine	no
D_0002947225	fake	0.893554	-0.1125	genuine	no
D_0002947309	genuine	0.996428	-0.0036	genuine	yes
D_0002947330	fake	0.927525	-0.0752	genuine	no
D_0002947351	fake	0.088106	-2.4292	fake	yes
D_0002947519	fake	0.421393	-0.8642	fake	yes
D_0002947540	fake	0.995448	-0.0046	genuine	no
D_0002947582	fake	0.060121	-2.8114	fake	yes
D_0002947855	fake	0.162381	-1.8178	fake	yes
D_0002947897	fake	0.001417	-6.5592	fake	yes
D_0002947939	fake	0.010748	-4.5330	fake	yes
D_0002948086	fake	0.017544	-4.0430	fake	yes
D_0002948128	fake	0.074692	-2.5944	fake	yes
D_0002948212	fake	0.915837	-0.0879	genuine	no
D_0002948254	fake	0.000892	-7.0220	fake	yes
D_0002948317	fake	0.002449	-6.0119	fake	yes
D_0002948443	fake	0.006419	-5.0485	fake	yes
D_0002948464	fake	0.539890	-0.6164	genuine	no
D_0002948506	fake	0.102940	-2.2736	fake	yes
D_0002948758	fake	0.088802	-2.4213	fake	yes
D_0002948842	genuine	0.999890	-0.0001	genuine	yes
D_0002948884	genuine	0.999987	-0.0000	genuine	yes
D_0002949010	fake	0.070089	-2.6580	fake	yes
D_0002949031	fake	0.354387	-1.0374	fake	yes
D_0002949283	genuine	0.999830	-0.0002	genuine	yes
D_0002949430	fake	0.202362	-1.5977	fake	yes
D_0002949745	fake	0.581883	-0.5415	genuine	no
D_0002950018	fake	0.014104	-4.2613	fake	yes
D_0002950228	genuine	0.999999	-0.0000	genuine	yes
D_0002950291	fake	0.003894	-5.5483	fake	yes
D_0002950396	fake	0.975172	-0.0251	genuine	no
D_0002950417	genuine	0.999978	-0.0000	genuine	yes
D_0002950480	fake	0.939219	-0.0627	genuine	no
D_0002950543	genuine	0.078237	-2.5480	fake	no
D_0002950606	fake	0.300761	-1.2014	fake	yes
D_0002950648	fake	0.007229	-4.9296	fake	yes
D_0002950711	fake	0.185634	-1.6840	fake	yes
D_0002950774	fake	0.000032	-10.3600	fake	yes
D_0002950921	genuine	0.951761	-0.0494	genuine	yes
D_0002950963	fake	0.002084	-6.1737	fake	yes
D_0002951005	fake	0.005937	-5.1265	fake	yes
D_0002951068	fake	0.141676	-1.9542	fake	yes
D_0002951215	fake	0.383769	-0.9577	fake	yes
D_0002951236	genuine	0.996052	-0.0040	genuine	yes
D_0002951257	fake	0.919020	-0.0844	genuine	no
D_0002951341	fake	0.008729	-4.7411	fake	yes
D_0002951404	fake	0.288043	-1.2446	fake	yes
D_0002951425	genuine	0.599845	-0.5111	genuine	yes
D_0002951656	fake	0.638324	-0.4489	genuine	no
D_0002951845	fake	0.178871	-1.7211	fake	yes
D_0002951866	fake	0.847809	-0.1651	genuine	no
D_0002951887	fake	0.140891	-1.9598	fake	yes
D_0002951929	fake	0.569666	-0.5627	genuine	no
D_0002952118	fake	0.940126	-0.0617	genuine	no
D_0002952181	fake	0.819501	-0.1991	genuine	no
D_0002952244	fake	0.998339	-0.0017	genuine	no
D_0002952496	genuine	1.000000	-0.0000	genuine	yes
D_0002952559	fake	0.034882	-3.3558	fake	yes
D_0002952622	genuine	0.999977	-0.0000	genuine	yes
D_0002952811	fake	0.004655	-5.3698	fake	yes
D_0002953126	fake	0.098219	-2.3206	fake	yes
D_0002953336	fake	0.013391	-4.3132	fake	yes
D_0002953567	fake	0.035529	-3.3374	fake	yes
D_0002953714	fake	0.035142	-3.3483	fake	yes
D_0002953777	fake	0.968451	-0.0321	genuine	no
D_0002953882	genuine	0.989960	-0.0101	genuine	yes
D_0002953945	genuine	0.999961	-0.0000	genuine	yes
D_0002954029	fake	0.992773	-0.0073	genuine	no
D_0002954176	fake	0.013408	-4.3119	fake	yes
D_0002954197	genuine	0.985359	-0.0147	genuine	yes
D_0002954491	fake	0.094727	-2.3568	fake	yes
D_0002954575	fake	0.994412	-0.0056	genuine	no
D_0002954764	fake	0.019679	-3.9282	fake	yes
D_0002954890	fake	0.852143	-0.1600	genuine	no
D_0002954995	fake	0.124977	-2.0796	fake	yes
D_0002955037	fake	0.031660	-3.4527	fake	yes
D_0002955184	fake	0.007035	-4.9569	fake	yes
D_0002955205	fake	0.546133	-0.6049	genuine	no
D_0002955499	fake	0.071443	-2.6389	fake	yes
D_0002955541	fake	0.457757	-0.7814	fake	yes
D_0002955730	genuine	0.999418	-0.0006	genuine	yes
D_0002955751	fake	0.516006	-0.6616	genuine	no
D_0002955793	fake	0.744555	-0.2950	genuine	no
D_0002955940	fake	0.936788	-0.0653	genuine	no
D_0002956108	genuine	0.999996	-0.0000	genuine	yes
D_0002956129	fake	0.972242	-0.0282	genuine	no
D_0002956192	fake	0.004190	-5.4750	fake	yes
D_0002956255	genuine	0.999995	-0.0000	genuine	yes
D_0002956381	fake	0.003934	-5.5380	fake	yes
D_0002956507	fake	0.928503	-0.0742	genuine	no
D_0002956591	fake	0.248902	-1.3907	fake	yes
D_0002956654	genuine	0.772069	-0.2587	genuine	yes
D_0002956822	fake	0.967462	-0.0331	genuine	no
D_0002957116	fake	0.540326	-0.6156	genuine	no
D_0002957179	genuine	0.936354	-0.0658	genuine	yes
D_0002957242	genuine	0.962180	-0.0386	genuine	yes
D_0002957305	fake	0.000308	-8.0843	fake	yes
D_0002957347	fake	0.035818	-3.3293	fake	yes
D_0002957368	fake	0.987647	-0.0124	genuine	no
D_0002957431	genuine	0.135276	-2.0004	fake	no
D_0002957494	fake	0.000462	-7.6803	fake	yes
D_0002957536	fake	0.000065	-9.6403	fake	yes
D_0002957578	fake	0.014795	-4.2134	fake	yes
D_0002957914	fake	0.421849	-0.8631	fake	yes
D_0002957977	genuine	0.134085	-2.0093	fake	no
D_0002958103	fake	0.811646	-0.2087	genuine	no
D_0002958313	fake	0.001637	-6.4149	fake	yes
D_0002958334	fake	0.005510	-5.2012	fake	yes
D_0002958376	fake	0.016055	-4.1317	fake	yes
D_0002958460	fake	0.320702	-1.1372	fake	yes
D_0002958544	fake	0.280718	-1.2704	fake	yes
D_0002958565	fake	0.571093	-0.5602	genuine	no
D_0002958796	genuine	0.999852	-0.0001	genuine	yes
D_0002958838	fake	0.044864	-3.1041	fake	yes
D_0002958880	fake	0.199907	-1.6099	fake	yes
D_0002958943	fake	0.753202	-0.2834	genuine	no
D_0002958964	fake	0.983094	-0.0171	genuine	no
D_0002959069	fake	0.969493	-0.0310	genuine	no
D_0002959153	fake	0.141214	-1.9575	fake	yes
D_0002959174	fake	0.040670	-3.2023	fake	yes
D_0002959258	fake	0.135837	-1.9963	fake	yes
D_0002959468	fake	0.023034	-3.7708	fake	yes
D_0002959573	fake	0.812267	-0.2079	genuine	no
D_0002959636	fake	0.998720	-0.0013	genuine	no
D_0002959678	genuine	0.999985	-0.0000	genuine	yes
D_0002959741	genuine	0.674855	-0.3933	genuine	yes
D_0002959783	fake	0.053980	-2.9191	fake	yes
D_0002959867	fake	0.050824	-2.9794	fake	yes
D_0002959888	fake	0.999365	-0.0006	genuine	no
D_0002959909	genuine	0.021665	-3.8320	fake	no
